PLAYER_ID,PLAYER_NAME,NICKNAME,TEAM_ID,TEAM_ABBREVIATION,AGE,GP,W,L,W_PCT,MIN,E_OFF_RATING,OFF_RATING,sp_work_OFF_RATING,E_DEF_RATING,DEF_RATING,sp_work_DEF_RATING,E_NET_RATING,NET_RATING,sp_work_NET_RATING,AST_PCT,AST_TO,AST_RATIO,OREB_PCT,DREB_PCT,REB_PCT,TM_TOV_PCT,E_TOV_PCT,EFG_PCT,TS_PCT,USG_PCT,E_USG_PCT,E_PACE,PACE,PACE_PER40,sp_work_PACE,PIE,POSS,FGM,FGA,FGM_PG,FGA_PG,FG_PCT,GP_RANK,W_RANK,L_RANK,W_PCT_RANK,MIN_RANK,E_OFF_RATING_RANK,OFF_RATING_RANK,sp_work_OFF_RATING_RANK,E_DEF_RATING_RANK,DEF_RATING_RANK,sp_work_DEF_RATING_RANK,E_NET_RATING_RANK,NET_RATING_RANK,sp_work_NET_RATING_RANK,AST_PCT_RANK,AST_TO_RANK,AST_RATIO_RANK,OREB_PCT_RANK,DREB_PCT_RANK,REB_PCT_RANK,TM_TOV_PCT_RANK,E_TOV_PCT_RANK,EFG_PCT_RANK,TS_PCT_RANK,USG_PCT_RANK,E_USG_PCT_RANK,E_PACE_RANK,PACE_RANK,sp_work_PACE_RANK,PIE_RANK,FGM_RANK,FGA_RANK,FGM_PG_RANK,FGA_PG_RANK,FG_PCT_RANK,year
920,A.C. Green,A.C.,1610612742,DAL,35.0,50,19,31,0.38,18.5,98.6,98.5,98.5,104.1,103.4,103.4,-5.6,-5.0,-5.0,0.043,1.32,7.8,0.086,0.163,0.123,5.9,5.9,0.422,0.441,0.144,0.148,90.34,90.69,75.57,90.69,0.08,1747,108,256,2.2,5.1,0.422,1,185,404,309,232,207,192,192,348,354,354,305,305,305,366,165,326,107,91,92,22,21,311,354,344,344,320,313,313,245,191,191,231,227,225,1998-99
243,Aaron McKie,Aaron,1610612755,PHI,26.0,50,28,22,0.56,19.2,95.5,93.6,93.6,97.5,96.2,96.2,-2.0,-2.6,-2.6,0.183,1.75,23.6,0.029,0.12,0.075,13.4,13.5,0.414,0.454,0.148,0.152,92.72,94.26,78.55,94.26,0.09,1874,95,237,1.9,4.7,0.401,1,76,294,155,226,308,333,333,152,147,147,243,264,264,114,96,83,289,184,227,291,294,330,330,332,333,170,138,138,190,209,200,251,242,284,1998-99
1425,Aaron Williams,Aaron,1610612760,SEA,27.0,40,19,21,0.475,11.5,91.4,90.0,90.0,102.6,99.6,99.6,-11.2,-9.6,-9.6,0.094,0.73,10.5,0.112,0.168,0.139,14.4,14.5,0.423,0.508,0.174,0.18,94.22,96.42,80.35,96.42,0.092,917,52,123,1.3,3.1,0.423,215,185,277,257,312,369,373,373,317,236,236,378,366,366,231,291,257,43,82,54,319,321,307,187,260,253,104,87,87,179,275,280,310,311,221,1998-99
228,Adam Keefe,Adam,1610612762,UTA,29.0,44,32,12,0.727,14.6,100.4,100.9,100.9,96.3,95.7,95.7,4.1,5.2,5.2,0.074,0.85,12.4,0.089,0.141,0.117,14.6,14.7,0.452,0.533,0.142,0.142,90.35,90.36,75.3,90.36,0.089,1204,56,124,1.3,2.8,0.452,177,42,123,39,274,152,126,126,118,127,127,103,88,88,287,261,212,90,137,114,329,332,215,119,350,360,319,328,328,193,270,277,312,327,137,1998-99
1502,Adonal Foyle,Adonal,1610612744,GSW,24.0,44,16,28,0.364,13.9,91.1,89.5,89.5,95.3,93.4,93.4,-4.2,-3.9,-3.9,0.049,0.58,9.3,0.118,0.181,0.149,16.0,16.1,0.43,0.45,0.121,0.126,92.32,94.11,78.43,94.11,0.081,1201,52,121,1.2,2.8,0.43,177,225,381,323,281,372,378,378,93,75,75,288,290,290,345,326,285,33,48,30,361,363,285,337,401,397,193,144,144,242,275,283,323,332,200,1998-99
1817,Adonis Jordan,Adonis,1610612749,MIL,28.0,4,2,2,0.5,4.6,87.9,87.5,87.5,124.3,127.5,127.5,-36.4,-40.0,-40.0,0.273,1.5,27.3,0.0,0.0,0.0,18.2,18.6,0.5,0.521,0.19,0.185,104.45,103.32,86.1,103.32,0.079,40,2,4,0.5,1.0,0.5,402,392,25,219,411,398,395,395,429,433,433,430,431,431,56,131,53,415,423,427,386,390,87,153,200,237,15,23,23,248,404,417,392,412,46,1998-99
1733,Al Harrington,Al,1610612754,IND,19.0,21,11,10,0.524,7.6,93.2,90.7,90.7,101.5,98.0,98.0,-8.3,-7.3,-7.3,0.06,0.45,6.3,0.115,0.137,0.125,13.9,14.0,0.321,0.359,0.2,0.21,88.84,91.61,76.34,91.61,0.008,302,18,56,0.9,2.7,0.321,329,279,106,200,370,351,369,369,293,191,191,344,337,337,316,356,355,37,142,90,306,306,399,402,158,149,379,259,259,399,342,332,357,339,392,1998-99
673,Alan Henderson,Alan,1610612737,ATL,26.0,38,22,16,0.579,30.0,96.3,96.8,96.8,99.4,99.9,99.9,-3.1,-3.1,-3.1,0.048,0.47,4.7,0.088,0.133,0.11,10.1,10.1,0.442,0.485,0.22,0.224,88.78,88.36,73.63,88.36,0.102,2100,187,423,4.9,11.1,0.442,227,152,192,145,96,287,261,261,222,248,248,266,276,276,348,354,383,95,155,133,102,108,246,263,99,105,380,400,400,135,92,94,67,68,163,1998-99
275,Allan Houston,Allan,1610612752,NYK,28.0,50,27,23,0.54,36.3,95.0,95.7,95.7,93.3,93.7,93.7,1.8,2.0,2.0,0.152,1.05,13.0,0.012,0.07,0.042,12.4,12.3,0.459,0.515,0.235,0.241,90.17,89.62,74.68,89.62,0.096,3382,294,703,5.9,14.1,0.418,1,87,315,180,33,316,286,286,61,82,82,154,154,154,142,207,197,395,363,378,228,227,198,170,67,67,328,355,355,163,31,26,40,32,238,1998-99
947,Allen Iverson,Allen,1610612755,PHI,24.0,48,28,20,0.583,41.5,98.1,98.7,98.7,94.5,94.3,94.3,3.6,4.4,4.4,0.234,1.34,13.5,0.033,0.089,0.06,10.1,10.1,0.439,0.508,0.318,0.323,91.83,91.6,76.34,91.6,0.154,3810,435,1056,9.1,22.0,0.412,114,76,262,137,1,224,183,183,79,90,90,112,100,100,74,162,189,270,285,288,107,106,253,188,11,10,226,262,262,24,2,1,2,1,255,1998-99
297,Alonzo Mourning,Alonzo,1610612748,MIA,29.0,46,32,14,0.696,38.2,103.5,104.3,104.3,92.9,93.4,93.4,10.7,10.9,10.9,0.086,0.53,7.1,0.108,0.193,0.153,13.4,13.5,0.512,0.564,0.268,0.27,86.82,86.24,71.87,86.24,0.17,3152,324,633,7.0,13.8,0.512,158,42,160,54,14,69,50,50,53,76,76,26,26,26,256,336,339,49,37,25,287,292,67,54,35,40,426,436,436,11,18,35,21,35,38,1998-99
1591,Alvin Sims,Alvin,1610612756,PHX,24.0,4,2,2,0.5,6.3,87.3,92.2,92.2,117.3,115.7,115.7,-30.0,-23.5,-23.5,0.333,0.83,21.7,0.103,0.034,0.069,26.1,25.9,0.45,0.451,0.261,0.272,99.06,97.04,80.87,97.04,0.047,51,4,10,1.0,2.5,0.4,402,392,25,219,384,403,347,347,425,428,428,426,421,421,21,264,95,57,416,249,423,422,217,335,41,37,26,72,72,343,390,396,339,342,287,1998-99
1541,Alvin Williams,Alvin,1610612761,TOR,24.0,50,23,27,0.46,21.0,95.6,95.1,95.1,98.7,98.4,98.4,-3.1,-3.3,-3.3,0.207,2.32,29.1,0.018,0.059,0.038,12.5,12.6,0.43,0.477,0.134,0.137,91.28,91.71,76.42,91.71,0.069,2006,95,237,1.9,4.7,0.401,1,138,367,264,202,303,300,300,191,198,198,264,279,279,86,43,42,363,391,400,235,235,281,277,372,375,261,253,253,284,209,200,251,242,284,1998-99
1754,Andrae Patterson,Andrae,1610612750,MIN,23.0,35,17,18,0.486,8.1,95.7,93.5,93.5,97.0,94.8,94.8,-1.4,-1.4,-1.4,0.094,0.68,10.1,0.094,0.122,0.108,14.8,14.7,0.443,0.505,0.197,0.205,94.79,97.01,80.84,97.01,0.073,567,43,97,1.2,2.8,0.443,258,214,231,252,366,302,335,335,142,100,100,222,238,238,234,307,266,76,181,138,337,330,242,196,169,161,83,74,74,268,292,296,319,331,161,1998-99
692,Andrew DeClercq,Andrew,1610612739,CLE,26.0,47,20,27,0.426,23.4,97.6,98.3,98.3,100.0,100.3,100.3,-2.5,-2.0,-2.0,0.049,0.57,7.3,0.096,0.149,0.121,12.7,12.8,0.5,0.549,0.163,0.166,90.95,90.49,75.41,90.49,0.085,2073,138,276,2.9,5.9,0.5,140,173,367,283,173,238,196,196,249,264,264,250,253,253,346,329,334,74,117,100,250,249,87,78,300,300,286,324,324,217,159,178,179,206,46,1998-99
1845,Andrew Gaze,Andrew,1610612759,SAS,33.0,19,16,3,0.842,3.0,108.1,105.8,105.8,80.8,76.6,76.6,27.4,29.2,29.2,0.182,1.5,17.1,0.032,0.042,0.037,11.4,11.4,0.42,0.42,0.197,0.206,100.34,104.15,86.79,104.15,0.043,120,8,25,0.4,1.3,0.32,337,225,46,11,426,19,28,28,10,12,12,6,5,5,116,131,139,277,410,402,176,176,317,370,170,157,23,20,20,354,368,366,408,404,393,1998-99
457,Andrew Lang,Andrew,1610612741,CHI,33.0,21,6,15,0.286,18.4,93.4,94.5,94.5,100.7,101.0,101.0,-7.3,-6.4,-6.4,0.058,0.76,9.3,0.083,0.168,0.123,12.1,12.2,0.323,0.367,0.154,0.155,87.91,87.24,72.7,87.24,0.047,696,32,99,1.5,4.7,0.323,329,348,172,360,233,347,309,309,269,293,293,330,323,323,320,282,284,118,81,93,211,219,398,400,316,321,400,427,427,345,314,295,288,244,390,1998-99
358,Anfernee Hardaway,Anfernee,1610612753,ORL,27.0,50,33,17,0.66,38.9,97.2,98.7,98.7,95.3,95.5,95.5,1.9,3.1,3.1,0.248,1.77,21.7,0.037,0.113,0.074,12.3,12.2,0.448,0.488,0.22,0.224,91.42,90.59,75.49,90.59,0.123,3680,301,717,6.0,14.3,0.42,1,22,209,79,10,254,187,187,90,121,121,149,126,126,68,91,96,250,208,231,222,224,226,249,98,104,252,320,320,68,28,24,36,30,232,1998-99
1712,Antawn Jamison,Antawn,1610612744,GSW,23.0,47,21,26,0.447,22.5,93.8,92.8,92.8,96.6,95.2,95.2,-2.9,-2.4,-2.4,0.058,0.5,6.0,0.107,0.158,0.131,12.0,12.1,0.456,0.487,0.21,0.216,92.09,93.27,77.72,93.27,0.112,2057,178,394,3.8,8.4,0.452,140,161,358,271,182,339,342,342,128,110,110,257,260,260,321,343,363,52,99,73,204,208,203,256,131,130,206,174,174,98,104,113,117,116,136,1998-99
138,Anthony Avent,Anthony,1610612762,UTA,29.0,5,4,1,0.8,8.9,86.2,86.5,86.5,81.6,80.0,80.0,4.6,6.5,6.5,0.043,0.14,4.5,0.167,0.085,0.126,31.8,32.0,0.308,0.324,0.2,0.202,92.68,93.41,77.84,93.41,-0.034,89,4,13,0.8,2.6,0.308,399,370,9,14,354,411,401,401,11,13,13,93,64,64,364,397,385,7,305,86,432,432,402,409,158,169,173,170,170,415,390,388,363,340,396,1998-99
1533,Anthony Johnson,Anthony,1610612737,ATL,24.0,49,31,18,0.633,18.1,93.8,92.7,92.7,95.7,95.5,95.5,-1.8,-2.7,-2.7,0.249,1.65,24.6,0.018,0.066,0.043,14.9,15.0,0.416,0.467,0.172,0.177,87.76,88.38,73.65,88.38,0.082,1633,91,225,1.9,4.6,0.404,84,50,231,102,237,336,344,344,102,117,117,240,267,267,67,110,74,355,371,376,340,341,327,300,270,266,404,398,398,238,214,205,256,250,276,1998-99
292,Anthony Miller,Anthony,1610612745,HOU,27.0,29,18,11,0.621,8.5,106.3,103.8,103.8,99.0,97.8,97.8,7.3,6.0,6.0,0.044,0.78,8.2,0.115,0.152,0.135,10.6,10.5,0.467,0.502,0.135,0.142,95.15,96.86,80.72,96.86,0.076,498,28,60,1.0,2.1,0.467,293,201,113,113,361,33,61,61,205,185,185,49,72,72,363,279,316,36,112,61,129,126,179,208,369,361,76,79,79,258,327,328,348,363,104,1998-99
1515,Anthony Parker,Anthony,1610612755,PHI,24.0,2,2,0,1.0,1.4,107.8,71.4,71.4,69.4,57.1,57.1,38.3,14.3,14.3,0.0,0.0,0.0,0.0,0.0,0.0,0.0,0.0,1.0,1.0,0.125,0.177,87.02,117.14,97.62,117.14,-0.667,7,1,1,0.5,0.5,1.0,418,392,1,1,438,25,429,429,3,3,3,4,12,12,408,404,408,415,423,427,1,1,2,3,394,265,424,7,7,438,413,427,392,432,1,1998-99
324,Anthony Peeler,Anthony,1610612750,MIN,29.0,28,14,14,0.5,28.9,102.3,103.1,103.1,98.9,99.4,99.4,3.4,3.7,3.7,0.139,2.05,19.2,0.034,0.068,0.05,9.3,9.4,0.441,0.465,0.171,0.173,97.35,96.67,80.56,96.67,0.065,1624,103,272,3.7,9.7,0.379,296,245,160,219,110,102,80,80,201,232,232,115,110,110,154,66,119,264,367,345,69,70,248,303,272,282,39,82,82,300,196,180,124,88,326,1998-99
156,Antoine Carr,Antoine,1610612745,HOU,37.0,18,10,8,0.556,8.4,89.3,88.6,88.6,96.1,91.0,91.0,-6.8,-2.5,-2.5,0.107,1.0,12.5,0.058,0.129,0.095,12.5,12.3,0.404,0.427,0.19,0.198,91.48,94.42,78.68,94.42,0.038,297,21,52,1.2,2.9,0.404,342,289,85,164,364,388,388,388,114,42,42,325,261,261,204,212,208,196,163,180,230,228,346,365,201,187,245,132,132,361,336,337,324,322,278,1998-99
952,Antoine Walker,Antoine,1610612738,BOS,22.0,42,16,26,0.381,36.9,97.0,97.5,97.5,103.2,103.9,103.9,-6.2,-6.3,-6.3,0.152,1.09,12.1,0.065,0.171,0.115,11.1,11.1,0.456,0.476,0.27,0.273,93.65,93.1,77.58,93.1,0.107,3003,303,735,7.2,17.5,0.412,197,225,358,308,24,264,222,222,332,363,363,314,320,320,141,200,219,178,71,117,163,160,201,284,32,36,121,184,184,121,26,21,19,11,253,1998-99
1498,Antonio Daniels,Antonio,1610612759,SAS,24.0,47,36,11,0.766,13.1,99.5,98.5,98.5,89.6,88.9,88.9,9.9,9.7,9.7,0.31,2.41,29.3,0.022,0.062,0.043,12.2,12.2,0.467,0.52,0.187,0.192,90.87,91.71,76.42,91.71,0.134,1168,83,183,1.8,3.9,0.454,140,8,113,19,286,177,190,190,27,30,30,30,40,40,35,39,39,334,384,375,213,214,178,157,214,209,292,254,254,43,222,235,267,278,131,1998-99
213,Antonio Davis,Antonio,1610612754,IND,30.0,49,33,16,0.673,25.9,101.9,101.7,101.7,100.7,100.5,100.5,1.2,1.2,1.2,0.049,0.66,6.4,0.095,0.191,0.142,9.7,9.7,0.471,0.535,0.177,0.181,89.16,89.37,74.47,89.37,0.114,2355,164,348,3.3,7.1,0.471,84,22,192,67,148,116,109,109,270,272,272,169,172,172,343,309,353,75,38,48,87,87,167,115,251,250,364,372,372,94,129,137,152,169,99,1998-99
226,Antonio Lang,Antonio,1610612739,CLE,27.0,10,5,5,0.5,6.5,88.9,85.0,85.0,112.8,110.1,110.1,-23.9,-25.1,-25.1,0.029,0.25,6.7,0.122,0.169,0.148,26.7,26.7,0.667,0.653,0.105,0.113,85.08,88.05,73.38,88.05,0.04,120,4,6,0.4,0.6,0.667,377,360,66,219,382,392,408,408,422,420,420,419,422,422,386,381,347,27,75,32,425,426,6,10,419,412,434,413,413,358,390,410,409,431,6,1998-99
686,Antonio McDyess,Antonio,1610612743,DEN,24.0,50,14,36,0.28,38.7,100.5,101.5,101.5,106.4,107.8,107.8,-6.0,-6.4,-6.4,0.085,0.59,6.5,0.084,0.2,0.14,11.0,11.0,0.471,0.515,0.271,0.273,93.5,92.44,77.03,92.44,0.132,3724,415,882,8.3,17.6,0.471,1,245,421,367,11,150,112,112,388,410,410,311,321,321,260,323,351,112,29,52,157,156,168,171,31,35,130,220,220,47,4,7,6,9,100,1998-99
288,Armen Gilliam,Armen,1610612749,MIL,35.0,34,17,17,0.5,19.7,97.7,97.0,97.0,98.9,98.5,98.5,-1.2,-1.5,-1.5,0.053,0.53,5.8,0.054,0.145,0.1,11.0,11.2,0.453,0.525,0.22,0.222,88.17,88.66,73.88,88.66,0.109,1234,101,223,3.0,6.6,0.453,265,214,209,219,224,236,249,249,202,203,203,216,243,243,334,338,369,205,127,158,159,165,213,145,100,109,395,391,391,109,199,206,173,185,134,1998-99
717,Arvydas Sabonis,Arvydas,1610612757,POR,34.0,50,35,15,0.7,27.0,100.9,102.5,102.5,96.5,96.6,96.6,4.3,5.9,5.9,0.156,1.4,15.7,0.068,0.228,0.149,11.2,11.2,0.493,0.546,0.217,0.219,90.69,89.9,74.92,89.9,0.154,2531,232,478,4.6,9.6,0.485,1,13,172,50,135,138,91,91,124,155,155,98,73,73,140,152,154,161,10,28,168,168,110,87,104,118,304,346,346,25,59,74,75,93,67,1998-99
1506,Austin Croshere,Austin,1610612754,IND,24.0,27,21,6,0.778,9.3,93.0,90.9,90.9,105.6,103.4,103.4,-12.5,-12.5,-12.5,0.075,0.43,8.4,0.066,0.135,0.099,19.3,19.5,0.48,0.54,0.203,0.208,87.18,89.07,74.23,89.07,0.073,463,32,75,1.2,2.8,0.427,300,161,73,17,350,353,364,364,370,355,355,391,394,394,281,358,312,170,148,163,395,396,140,104,153,154,419,382,382,266,314,319,322,330,215,1998-99
422,Avery Johnson,Avery,1610612759,SAS,34.0,50,37,13,0.74,33.5,102.8,103.9,103.9,93.0,93.9,93.9,9.8,10.0,10.0,0.362,3.29,37.7,0.014,0.053,0.035,11.4,11.4,0.474,0.487,0.169,0.171,91.35,90.4,75.33,90.4,0.106,3143,218,461,4.4,9.2,0.473,1,1,134,27,64,91,58,58,56,86,86,34,31,31,16,8,10,383,398,409,176,175,160,253,284,288,255,327,327,126,68,80,88,103,94,1998-99
769,B.J. Armstrong,B.J.,1610612753,ORL,31.0,32,18,14,0.563,11.1,92.7,91.6,91.6,98.0,95.8,95.8,-5.3,-4.2,-4.2,0.305,2.44,33.5,0.006,0.098,0.054,13.7,13.6,0.494,0.54,0.153,0.16,91.29,92.88,77.4,92.88,0.11,688,40,88,1.3,2.8,0.455,275,201,160,153,320,359,356,356,164,131,131,303,298,298,41,34,21,411,252,321,301,297,107,105,320,313,260,194,194,104,296,305,316,332,127,1998-99
989,Ben Davis,Ben,1610612752,NYK,26.0,8,5,3,0.625,2.5,110.3,100.0,100.0,93.7,87.0,87.0,16.6,13.0,13.0,0.25,3.0,12.5,0.265,0.133,0.224,4.2,4.2,0.412,0.433,0.318,0.341,100.93,110.07,91.72,110.07,0.135,47,7,17,0.9,2.1,0.412,382,360,46,109,430,13,150,150,66,23,23,13,15,15,64,12,208,2,152,2,17,17,332,361,10,6,20,13,13,41,371,381,354,359,256,1998-99
1112,Ben Wallace,Ben,1610612764,WAS,24.0,46,17,29,0.37,26.7,99.9,99.8,99.8,98.0,97.7,97.7,1.9,2.1,2.1,0.023,0.5,5.8,0.112,0.2,0.157,11.5,11.6,0.576,0.537,0.109,0.11,91.3,91.51,76.26,91.51,0.108,2327,114,198,2.5,4.3,0.576,158,214,392,321,139,167,157,157,165,180,180,151,152,152,398,343,370,42,30,22,181,185,16,111,416,417,259,266,266,116,183,226,206,258,14,1998-99
104,Benoit Benjamin,Benoit,1610612755,PHI,34.0,6,2,4,0.333,5.7,89.3,92.1,92.1,91.0,92.2,92.2,-1.8,-0.1,-0.1,0.043,0.33,9.1,0.083,0.167,0.121,27.3,27.3,0.286,0.286,0.128,0.132,91.55,89.61,74.67,89.61,-0.033,63,2,7,0.3,1.2,0.286,393,392,55,337,398,389,348,348,31,51,51,238,203,203,364,369,291,116,84,101,427,427,404,416,385,386,241,356,356,414,404,405,412,409,401,1998-99
223,Bill Curley,Bill,1610612750,MIN,27.0,35,20,15,0.571,10.7,102.6,104.2,104.2,96.7,95.1,95.1,5.9,9.1,9.1,0.05,1.4,13.2,0.05,0.089,0.068,9.4,9.5,0.41,0.477,0.106,0.107,95.86,95.99,79.99,95.99,0.013,744,29,72,0.8,2.1,0.403,258,173,172,149,331,95,52,52,130,106,106,74,44,44,341,152,194,215,280,257,76,79,338,275,418,421,58,97,97,398,325,321,361,364,281,1998-99
82,Bill Wennington,Bill,1610612741,CHI,36.0,38,10,28,0.263,11.8,87.3,85.5,85.5,95.2,93.9,93.9,-7.9,-8.5,-8.5,0.085,1.06,8.0,0.042,0.134,0.086,7.6,7.6,0.351,0.381,0.212,0.218,89.49,91.07,75.89,91.07,0.03,847,62,178,1.6,4.7,0.348,227,289,381,375,310,402,405,405,89,87,87,338,346,346,259,206,322,238,150,204,34,35,385,393,125,122,352,289,289,372,261,240,279,246,376,1998-99
182,Billy Owens,Billy,1610612760,SEA,30.0,21,9,12,0.429,21.5,102.4,102.2,102.2,104.7,104.8,104.8,-2.2,-2.6,-2.6,0.133,1.15,15.1,0.076,0.111,0.092,13.1,13.1,0.409,0.452,0.204,0.21,92.3,92.33,76.94,92.33,0.068,866,65,165,3.1,7.9,0.394,329,304,123,281,193,97,98,98,358,379,379,246,265,265,160,187,162,138,215,193,273,271,339,332,150,147,195,223,223,286,255,251,165,139,303,1998-99
902,Bimbo Coles,Bimbo,1610612744,GSW,31.0,48,19,29,0.396,26.5,97.0,96.9,96.9,99.7,98.8,98.8,-2.7,-1.9,-1.9,0.286,2.71,29.2,0.015,0.074,0.044,10.8,10.8,0.449,0.496,0.182,0.187,92.58,93.06,77.55,93.06,0.107,2473,183,414,3.8,8.6,0.442,114,185,392,301,141,260,255,255,232,209,209,253,250,250,49,27,40,378,350,374,140,136,220,226,233,230,176,186,186,119,99,99,111,113,164,1998-99
183,Bison Dele,Bison,1610612765,DET,30.0,49,29,20,0.592,24.0,100.5,101.5,101.5,98.4,96.9,96.9,2.1,4.6,4.6,0.115,0.64,10.7,0.087,0.169,0.128,16.7,16.7,0.501,0.531,0.239,0.243,87.8,88.08,73.4,88.08,0.094,2163,216,431,4.4,8.8,0.501,84,68,262,132,165,147,111,111,176,162,162,142,97,97,183,315,251,97,76,78,375,373,85,124,60,64,402,409,409,168,71,92,85,111,45,1998-99
898,Blue Edwards,Blue,1610612748,MIA,33.0,24,17,7,0.708,11.9,94.1,94.3,94.3,95.2,95.3,95.3,-1.1,-1.0,-1.0,0.19,1.43,23.6,0.027,0.082,0.057,16.5,16.3,0.472,0.495,0.162,0.168,88.96,88.82,74.02,88.82,0.094,524,32,72,1.3,3.0,0.444,315,214,81,47,309,331,316,316,88,113,113,214,228,228,107,147,81,299,318,305,371,366,164,229,301,296,373,388,388,173,314,321,305,312,156,1998-99
448,Bo Outlaw,Bo,1610612753,ORL,28.0,31,19,12,0.613,27.4,92.4,93.8,93.8,92.9,92.9,92.9,-0.5,0.9,0.9,0.111,0.97,18.7,0.064,0.139,0.101,19.3,19.1,0.545,0.535,0.132,0.136,90.59,89.89,74.91,89.89,0.09,1584,84,154,2.7,5.0,0.545,280,185,123,124,130,361,328,328,54,64,64,202,182,182,194,233,123,182,138,157,396,394,27,116,376,379,307,347,347,191,221,256,191,232,21,1998-99
682,Bob Sura,Bob,1610612739,CLE,26.0,50,22,28,0.44,16.8,91.7,90.7,90.7,95.7,96.0,96.0,-4.0,-5.3,-5.3,0.361,2.27,32.0,0.028,0.103,0.066,14.1,14.1,0.355,0.419,0.188,0.194,87.1,87.44,72.87,87.44,0.087,1528,70,210,1.4,4.2,0.333,1,152,381,272,247,366,370,370,103,139,139,285,311,311,17,48,28,294,235,264,309,310,383,371,209,203,421,423,423,211,247,214,297,263,379,1998-99
1517,Bobby Jackson,Bobby,1610612750,MIN,26.0,50,25,25,0.5,18.8,97.0,96.4,96.4,98.7,97.6,97.6,-1.7,-1.2,-1.2,0.305,2.23,26.8,0.042,0.1,0.069,12.0,12.0,0.42,0.461,0.211,0.217,92.32,93.12,77.6,93.12,0.112,1811,141,348,2.8,7.0,0.405,1,113,347,219,229,263,266,266,187,178,178,237,231,231,38,51,58,239,247,248,202,204,319,317,128,127,194,182,182,100,151,137,183,174,272,1998-99
184,Bobby Phills,Bobby,1610612766,CHH,29.0,43,24,19,0.558,36.6,102.4,102.2,102.2,99.0,99.7,99.7,3.4,2.5,2.5,0.168,1.62,18.3,0.028,0.084,0.058,11.3,11.3,0.501,0.537,0.197,0.2,92.55,92.29,76.91,92.29,0.088,3025,215,497,5.0,11.6,0.433,188,128,245,163,28,98,97,97,204,241,241,114,143,143,130,114,130,298,308,302,171,172,86,112,172,179,181,229,229,201,72,68,62,64,188,1998-99
1719,Bonzi Wells,Bonzi,1610612757,POR,22.0,7,6,1,0.857,5.1,87.0,82.9,82.9,94.9,96.3,96.3,-8.0,-13.3,-13.3,0.231,0.5,7.9,0.111,0.111,0.111,15.8,16.3,0.575,0.555,0.376,0.389,106.91,108.7,90.59,108.7,0.137,82,11,20,1.6,2.9,0.55,389,348,9,10,406,406,414,414,84,148,148,341,400,400,76,343,324,45,211,130,357,365,18,66,2,3,9,15,15,35,361,373,284,323,20,1998-99
1802,Brad Miller,Brad,1610612766,CHH,23.0,38,20,18,0.526,12.3,106.1,104.4,104.4,99.4,96.8,96.8,6.7,7.6,7.6,0.081,0.69,9.2,0.086,0.174,0.133,13.4,13.5,0.569,0.651,0.208,0.214,91.99,93.98,78.32,93.98,0.143,908,78,138,2.1,3.6,0.565,227,173,231,198,299,34,47,47,224,159,159,58,55,55,268,305,286,109,60,66,292,293,20,11,137,140,217,148,148,29,231,266,240,290,16,1998-99
1585,Brandon Williams,Brandon,1610612759,SAS,24.0,3,3,0,1.0,1.2,83.3,77.8,77.8,122.2,110.0,110.0,-38.9,-32.2,-32.2,0.0,0.0,0.0,0.25,0.0,0.111,0.0,0.0,0.0,0.568,0.2,0.187,114.67,125.22,104.35,125.22,0.1,9,0,0,0.0,0.0,0.0,409,382,1,1,439,421,422,422,427,418,418,431,427,427,408,404,408,3,423,130,1,1,428,47,158,228,6,3,3,146,428,438,428,438,428,1998-99
699,Brent Barry,Brent,1610612741,CHI,27.0,37,10,27,0.27,31.9,90.7,90.9,90.9,101.9,102.5,102.5,-11.2,-11.7,-11.7,0.193,1.61,19.8,0.032,0.097,0.062,12.3,12.2,0.469,0.514,0.181,0.186,90.91,90.59,75.49,90.59,0.089,2233,141,356,3.8,9.6,0.396,238,289,367,372,77,377,367,367,304,334,334,376,384,384,102,116,109,278,256,278,225,223,172,172,237,235,288,321,321,194,151,133,113,92,296,1998-99
85,Brent Price,Brent,1610612745,HOU,30.0,40,26,14,0.65,20.3,103.3,102.8,102.8,101.8,101.7,101.7,1.5,1.1,1.1,0.227,1.74,27.4,0.024,0.073,0.05,15.8,15.8,0.594,0.624,0.165,0.17,92.73,93.02,77.51,93.02,0.093,1577,100,207,2.5,5.2,0.483,215,106,160,92,215,77,88,88,301,310,310,158,174,174,79,98,52,318,354,344,356,356,12,14,293,290,167,190,190,176,200,217,203,225,72,1998-99
1510,Brevin Knight,Brevin,1610612739,CLE,23.0,39,20,19,0.513,30.5,99.4,100.2,100.2,98.3,98.6,98.6,1.1,1.6,1.6,0.442,2.88,38.2,0.015,0.101,0.059,13.3,13.4,0.425,0.495,0.189,0.19,91.63,91.1,75.92,91.1,0.129,2258,134,315,3.4,8.1,0.425,218,173,245,214,90,182,145,145,170,205,205,173,160,160,5,16,9,382,243,295,280,282,298,230,204,215,236,288,288,53,164,156,142,131,217,1998-99
967,Brian Evans,Brian,1610612750,MIN,25.0,16,3,13,0.188,8.9,85.2,85.6,85.6,87.8,82.4,82.4,-2.5,3.1,3.1,0.188,7.5,23.8,0.034,0.088,0.059,3.2,3.2,0.341,0.372,0.133,0.135,97.35,100.18,83.48,100.18,0.106,298,13,44,0.8,2.8,0.295,350,382,134,397,355,416,403,403,18,15,15,252,127,127,109,1,80,262,287,296,16,16,388,397,374,380,40,33,33,124,354,346,362,332,397,1998-99
258,Brian Grant,Brian,1610612757,POR,27.0,48,34,14,0.708,31.7,103.8,105.4,105.4,95.3,95.6,95.6,8.5,9.7,9.7,0.073,0.7,10.3,0.119,0.198,0.159,14.8,14.9,0.479,0.571,0.172,0.174,90.75,89.93,74.94,89.93,0.127,2846,183,382,3.8,8.0,0.479,114,17,160,47,80,59,34,34,91,122,122,43,39,39,288,301,259,32,33,19,338,339,147,44,269,278,299,344,344,58,99,120,111,136,80,1998-99
216,Brian Shaw,Brian,1610612757,POR,33.0,1,1,0,1.0,4.6,66.7,66.7,66.7,97.8,90.0,90.0,-31.2,-23.3,-23.3,0.333,1.0,33.3,0.0,0.25,0.1,33.3,33.3,0.0,0.0,0.154,0.154,94.96,99.13,82.61,99.13,-0.154,9,0,1,0.0,1.0,0.0,431,408,1,1,413,434,433,433,161,36,36,427,420,420,21,212,22,415,4,159,433,433,428,432,317,326,82,45,45,429,428,427,428,412,428,1998-99
1730,Brian Skinner,Brian,1610612746,LAC,23.0,21,2,19,0.095,12.2,97.9,97.4,97.4,97.0,94.9,94.9,0.9,2.5,2.5,0.007,0.05,0.9,0.074,0.134,0.103,17.9,18.0,0.465,0.503,0.178,0.182,93.62,94.85,79.04,94.85,0.082,502,33,71,1.6,3.4,0.465,329,392,245,421,301,230,230,230,138,104,104,179,142,142,407,403,407,145,151,151,383,384,183,206,249,247,123,118,118,237,311,323,284,298,107,1998-99
1477,Bruce Bowen,Bruce,1610612738,BOS,28.0,30,10,20,0.333,16.6,93.7,92.6,92.6,97.5,96.7,96.7,-3.9,-4.0,-4.0,0.092,2.15,19.4,0.027,0.075,0.05,9.0,9.0,0.317,0.338,0.1,0.104,94.15,95.1,79.25,95.1,0.019,978,26,93,0.9,3.1,0.28,287,289,262,337,250,341,345,345,153,158,158,282,294,294,241,53,114,300,348,347,57,57,400,407,423,423,106,113,113,389,330,300,356,309,408,1998-99
1743,Bruno Sundov,Bruno,1610612742,DAL,19.0,3,1,2,0.333,3.6,80.4,80.0,80.0,145.2,126.9,126.9,-64.9,-46.9,-46.9,0.143,1.0,11.1,0.0,0.0,0.0,11.1,11.1,0.286,0.286,0.276,0.287,105.45,112.98,94.15,112.98,-0.125,25,2,7,0.7,2.3,0.286,409,408,25,337,422,424,421,421,437,431,431,438,433,433,150,212,242,415,423,427,164,161,404,416,25,22,11,10,10,428,404,405,374,349,401,1998-99
735,Bryant Reeves,Bryant,1610612763,VAN,26.0,25,5,20,0.2,28.1,94.5,94.5,94.5,106.7,106.8,106.8,-12.2,-12.4,-12.4,0.099,0.79,9.5,0.073,0.133,0.102,12.1,12.2,0.406,0.449,0.226,0.228,92.29,92.25,76.88,92.25,0.044,1352,102,251,4.1,10.0,0.406,311,360,262,391,121,324,313,313,391,399,399,383,391,391,223,276,274,150,154,153,208,215,342,339,87,92,197,230,230,351,197,194,100,87,270,1998-99
179,Bryant Stith,Bryant,1610612743,DEN,28.0,46,13,33,0.283,26.0,99.1,99.3,99.3,108.3,109.6,109.6,-9.3,-10.3,-10.3,0.113,1.82,18.4,0.024,0.067,0.045,10.1,10.0,0.447,0.498,0.136,0.139,93.63,92.98,77.48,92.98,0.059,2317,114,290,2.5,6.3,0.393,158,264,416,365,147,189,165,165,404,416,416,354,373,373,189,83,128,317,370,366,110,99,230,222,367,367,122,191,191,318,183,169,206,193,304,1998-99
1724,Bryce Drew,Bryce,1610612745,HOU,24.0,34,19,15,0.559,13.0,98.9,98.7,98.7,100.1,99.5,99.5,-1.3,-0.8,-0.8,0.193,1.68,24.2,0.007,0.064,0.036,14.4,14.4,0.426,0.445,0.168,0.171,93.23,93.57,77.98,93.57,0.03,857,47,129,1.4,3.8,0.364,265,185,172,162,288,198,185,185,253,235,235,219,221,221,100,105,75,410,380,408,320,319,295,347,286,286,145,167,167,373,287,273,298,284,359,1998-99
935,Bryon Russell,Bryon,1610612762,UTA,28.0,50,37,13,0.74,35.3,103.8,104.6,104.6,94.2,94.9,94.9,9.6,9.8,9.8,0.072,0.97,10.6,0.043,0.114,0.081,10.9,11.0,0.519,0.572,0.169,0.17,89.0,88.32,73.6,88.32,0.101,3248,217,468,4.3,9.4,0.464,1,1,134,27,43,60,43,43,75,103,103,37,37,37,290,231,254,233,204,217,151,153,55,43,283,292,371,402,402,139,69,77,90,97,109,1998-99
384,Calbert Cheaney,Calbert,1610612764,WAS,27.0,50,18,32,0.36,25.3,98.9,98.9,98.9,100.1,99.5,99.5,-1.3,-0.5,-0.5,0.096,1.74,13.1,0.027,0.09,0.058,7.5,7.5,0.424,0.433,0.175,0.179,92.22,92.5,77.08,92.5,0.044,2425,172,415,3.4,8.3,0.414,1,201,412,329,155,197,178,178,252,233,233,218,216,216,228,99,195,303,279,301,33,33,303,360,258,261,200,217,217,350,111,98,140,119,247,1998-99
61,Carl Herrera,Carl,1610612743,DEN,32.0,28,10,18,0.357,10.9,90.6,91.4,91.4,98.3,97.0,97.0,-7.7,-5.6,-5.6,0.025,0.25,4.0,0.072,0.126,0.097,15.8,15.9,0.395,0.402,0.14,0.143,92.97,93.22,77.68,93.22,0.032,593,30,76,1.1,2.7,0.395,296,289,231,332,325,379,358,358,172,163,163,335,312,312,391,381,392,151,170,171,359,358,357,386,355,357,158,177,177,369,322,317,331,336,301,1998-99
435,Carlos Rogers,Carlos,1610612757,POR,28.0,2,2,0,1.0,4.1,129.9,105.3,105.3,104.9,106.3,106.3,24.9,-1.0,-1.0,0.2,0.0,20.0,0.0,0.091,0.056,0.0,0.0,1.0,0.665,0.2,0.229,93.25,103.28,86.07,103.28,0.068,19,2,2,1.0,1.0,1.0,418,392,1,1,418,3,38,38,361,390,390,10,225,225,92,404,108,415,275,314,1,1,2,9,158,88,139,24,24,287,404,422,339,412,1,1998-99
1745,Casey Shaw,Casey,1610612755,PHI,23.0,9,7,2,0.778,1.5,63.4,55.9,55.9,74.1,66.7,66.7,-10.7,-10.8,-10.8,0.0,0.0,0.0,0.158,0.0,0.073,20.0,20.0,0.125,0.125,0.25,0.286,107.63,120.82,100.68,120.82,-0.3,34,1,8,0.1,0.9,0.125,379,333,25,17,437,436,437,437,5,6,6,371,377,377,408,404,408,8,423,235,401,401,426,430,50,23,8,5,5,436,413,399,427,426,426,1998-99
76,Cedric Ceballos,Cedric,1610612742,DAL,29.0,13,4,9,0.308,27.1,91.1,91.3,91.3,99.8,99.9,99.9,-8.6,-8.5,-8.5,0.074,0.43,5.9,0.059,0.171,0.113,13.8,13.9,0.461,0.504,0.241,0.244,92.68,92.53,77.11,92.53,0.118,679,59,140,4.5,10.8,0.421,365,370,94,352,132,375,359,359,236,246,246,350,347,347,284,360,366,191,72,129,304,304,195,200,57,61,172,212,212,82,265,263,80,75,226,1998-99
1538,Cedric Henderson,Cedric,1610612739,CLE,24.0,50,22,28,0.44,30.4,97.6,98.2,98.2,100.9,101.7,101.7,-3.3,-3.5,-3.5,0.137,1.16,16.0,0.032,0.105,0.07,13.7,13.8,0.419,0.46,0.183,0.186,90.17,89.56,74.63,89.56,0.067,2837,189,453,3.8,9.1,0.417,1,152,381,272,91,237,202,202,275,311,311,268,282,282,155,184,148,273,231,247,303,303,320,320,231,233,329,361,361,292,90,84,118,107,240,1998-99
787,Charles Barkley,Charles,1610612745,HOU,36.0,42,27,15,0.643,36.3,107.1,107.6,107.6,102.4,102.7,102.7,4.6,4.9,4.9,0.216,1.92,20.9,0.124,0.233,0.182,10.9,11.0,0.482,0.546,0.223,0.225,89.95,89.59,74.66,89.59,0.166,2840,240,502,5.7,12.0,0.478,197,87,172,97,34,28,19,19,312,343,343,92,92,92,83,77,101,22,6,6,149,154,135,88,91,102,340,358,358,16,56,67,45,58,82,1998-99
1525,Charles O'Bannon,Charles,1610612765,DET,24.0,18,11,7,0.611,9.1,102.2,98.3,98.3,91.1,89.5,89.5,11.1,8.9,8.9,0.126,1.5,15.0,0.105,0.086,0.096,10.0,10.1,0.429,0.47,0.182,0.191,86.8,89.31,74.42,89.31,0.082,303,24,56,1.3,3.1,0.429,342,279,81,125,352,105,195,195,32,32,32,24,45,45,172,131,164,54,300,175,96,101,288,297,234,213,427,375,375,240,331,332,305,308,205,1998-99
891,Charles Oakley,Charles,1610612761,TOR,35.0,50,23,27,0.46,32.7,98.1,99.1,99.1,98.5,99.2,99.2,-0.4,-0.2,-0.2,0.171,1.75,26.8,0.059,0.18,0.118,15.3,15.3,0.43,0.479,0.127,0.129,90.85,90.07,75.06,90.07,0.088,3066,140,327,2.8,6.5,0.428,1,138,367,264,72,223,175,175,178,225,225,199,204,204,126,97,59,190,50,111,351,349,286,274,388,393,295,340,340,204,156,151,186,186,210,1998-99
1869,Charles R. Jones,Charles R.,1610612741,CHI,23.0,29,5,24,0.172,16.4,90.7,91.6,91.6,102.9,103.3,103.3,-12.2,-11.7,-11.7,0.156,1.41,20.1,0.019,0.076,0.046,14.2,14.3,0.394,0.407,0.161,0.163,90.52,89.88,74.9,89.88,0.039,886,39,123,1.3,4.2,0.317,293,360,337,404,253,378,354,354,326,353,353,385,385,385,139,149,107,351,344,361,315,317,358,378,306,308,313,348,348,359,297,280,304,261,394,1998-99
1593,Charles Shackleford,Charles,1610612766,CHH,33.0,32,19,13,0.594,11.3,89.3,87.5,87.5,94.5,93.3,93.3,-5.2,-5.8,-5.8,0.07,0.48,9.0,0.123,0.23,0.18,18.8,18.9,0.489,0.521,0.165,0.169,92.57,94.12,78.43,94.12,0.1,710,44,90,1.4,2.8,0.489,275,185,134,128,315,390,397,397,78,69,69,301,314,314,299,351,297,24,8,7,392,392,117,155,294,294,179,143,143,149,290,303,299,328,63,1998-99
1520,Charles Smith,Charles,1610612746,LAC,23.0,23,3,20,0.13,13.7,88.5,89.4,89.4,103.9,102.9,102.9,-15.4,-13.5,-13.5,0.071,0.65,9.4,0.021,0.061,0.04,14.5,14.6,0.397,0.404,0.175,0.178,93.24,93.16,77.63,93.16,0.017,613,35,97,1.5,4.2,0.361,323,382,262,416,283,394,379,379,342,346,346,402,402,402,294,311,279,337,386,394,324,327,355,385,255,263,141,180,180,394,307,296,289,262,366,1998-99
369,Charlie Ward,Charlie,1610612752,NYK,28.0,50,27,23,0.54,31.1,96.1,96.2,96.2,93.4,93.8,93.8,2.7,2.4,2.4,0.289,2.07,35.2,0.016,0.095,0.057,17.0,17.0,0.484,0.513,0.148,0.152,90.92,90.74,75.62,90.74,0.107,2940,135,334,2.7,6.7,0.404,1,87,315,180,86,292,276,276,63,83,83,127,144,144,48,65,14,374,264,308,378,379,128,175,331,334,287,310,310,123,163,146,192,181,277,1998-99
1497,Chauncey Billups,Chauncey,1610612743,DEN,22.0,45,14,31,0.311,33.1,104.7,105.4,105.4,110.8,111.9,111.9,-6.1,-6.5,-6.5,0.192,1.77,20.5,0.016,0.052,0.033,11.6,11.6,0.472,0.547,0.2,0.202,94.09,93.36,77.8,93.36,0.081,2898,191,495,4.2,11.0,0.386,170,245,404,351,67,47,33,33,418,425,425,312,325,325,103,94,106,371,400,410,188,186,165,82,164,168,108,171,171,243,88,70,96,71,314,1998-99
685,Cherokee Parks,Cherokee,1610612763,VAN,26.0,48,7,41,0.146,23.3,91.5,92.0,92.0,103.9,103.9,103.9,-12.4,-11.9,-11.9,0.057,0.73,9.4,0.068,0.164,0.114,12.7,12.8,0.429,0.445,0.142,0.144,91.08,90.86,75.72,90.86,0.062,2110,118,275,2.5,5.7,0.429,114,333,434,412,174,367,349,349,346,364,364,386,387,387,323,290,281,160,90,122,249,247,287,350,349,354,277,303,303,309,179,179,208,210,204,1998-99
1512,Chris Anstey,Chris,1610612742,DAL,24.0,41,15,26,0.366,11.5,97.2,94.8,94.8,102.6,101.2,101.2,-5.5,-6.4,-6.4,0.093,1.04,12.6,0.073,0.136,0.104,12.1,12.2,0.36,0.418,0.174,0.18,94.61,96.49,80.41,96.49,0.029,941,50,139,1.2,3.4,0.36,210,237,358,322,313,253,304,304,316,299,299,304,322,322,239,209,206,148,144,149,212,217,380,373,261,254,90,83,83,376,280,264,320,296,369,1998-99
713,Chris Carr,Chris,1610612751,NJN,25.0,39,20,19,0.513,11.4,97.3,95.3,95.3,103.4,101.5,101.5,-6.1,-6.2,-6.2,0.102,0.82,8.4,0.047,0.11,0.077,10.3,10.2,0.439,0.465,0.236,0.247,95.49,97.37,81.14,97.37,0.064,902,76,205,1.9,5.3,0.371,218,173,245,214,314,247,291,291,336,308,308,313,319,319,214,269,311,221,220,222,119,117,255,304,65,56,67,69,69,302,236,219,247,224,346,1998-99
164,Chris Childs,Chris,1610612752,NYK,31.0,48,25,23,0.521,27.0,97.9,97.6,97.6,96.4,97.3,97.3,1.5,0.3,0.3,0.267,2.27,33.3,0.015,0.087,0.053,14.7,14.7,0.494,0.544,0.142,0.145,88.29,88.06,73.38,88.06,0.089,2384,114,267,2.4,5.6,0.427,114,113,315,204,133,226,220,220,122,171,171,159,191,191,59,47,22,376,298,323,333,329,106,93,348,351,393,411,411,197,183,183,214,215,214,1998-99
1544,Chris Crawford,Chris,1610612737,ATL,24.0,42,27,15,0.643,18.6,96.6,97.1,97.1,96.1,96.1,96.1,0.5,1.0,1.0,0.059,0.5,6.7,0.048,0.068,0.058,13.4,13.4,0.453,0.504,0.2,0.205,86.86,86.62,72.19,86.62,0.044,1419,110,255,2.6,6.1,0.431,197,87,172,97,230,275,242,242,111,143,143,185,176,176,318,343,346,220,368,299,288,286,212,203,157,162,425,432,432,352,189,192,197,197,195,1998-99
201,Chris Dudley,Chris,1610612752,NYK,34.0,46,24,22,0.522,14.9,95.6,94.2,94.2,88.2,88.6,88.6,7.4,5.6,5.6,0.017,0.29,4.4,0.124,0.166,0.146,15.2,15.2,0.44,0.454,0.104,0.107,87.69,88.15,73.46,88.15,0.053,1248,48,109,1.0,2.4,0.44,158,128,294,203,271,305,321,321,21,28,28,48,82,82,402,380,387,23,87,37,347,345,251,329,421,422,406,406,406,329,286,289,336,348,169,1998-99
423,Chris Gatling,Chris,1610612749,MIL,31.0,48,18,30,0.375,16.2,97.0,95.1,95.1,100.2,98.3,98.3,-3.2,-3.2,-3.2,0.077,0.52,8.0,0.07,0.171,0.12,15.5,15.5,0.443,0.445,0.217,0.223,90.57,92.3,76.91,92.3,0.052,1494,117,265,2.4,5.5,0.442,114,201,399,315,256,265,298,298,255,197,197,267,278,278,278,340,323,158,73,105,352,352,241,349,106,107,309,227,227,331,181,185,210,217,165,1998-99
12,Chris King,Chris,1610612762,UTA,29.0,8,6,2,0.75,5.1,83.7,82.7,82.7,100.0,101.3,101.3,-16.3,-18.5,-18.5,0.048,0.25,7.1,0.025,0.217,0.128,28.6,29.1,0.286,0.228,0.138,0.14,94.46,94.41,78.67,94.41,-0.032,81,2,7,0.3,0.9,0.286,382,348,25,21,405,420,415,415,244,303,303,405,412,412,351,381,336,310,14,81,430,430,404,421,361,364,94,133,133,412,404,405,419,427,401,1998-99
168,Chris Mills,Chris,1610612744,GSW,29.0,47,19,28,0.404,29.7,94.9,94.2,94.2,99.3,98.0,98.0,-4.4,-3.7,-3.7,0.13,1.78,15.8,0.034,0.131,0.082,8.9,8.8,0.446,0.488,0.173,0.18,91.46,92.35,76.96,92.35,0.098,2691,186,453,4.0,9.6,0.411,140,185,381,295,101,317,317,317,216,190,190,294,288,288,165,90,151,263,159,216,54,52,233,252,264,255,249,222,222,153,96,84,105,91,264,1998-99
356,Chris Morris,Chris,1610612756,PHX,33.0,44,23,21,0.523,12.2,102.6,101.0,101.0,98.8,97.4,97.4,3.9,3.6,3.6,0.073,1.1,10.7,0.099,0.131,0.114,9.8,9.8,0.483,0.544,0.156,0.16,91.08,92.49,77.08,92.49,0.1,1032,64,149,1.5,3.4,0.43,177,138,277,202,303,94,124,124,196,174,174,107,114,114,289,197,249,69,157,125,92,90,129,95,314,314,276,218,218,148,256,260,294,297,202,1998-99
904,Chris Mullin,Chris,1610612754,IND,35.0,50,33,17,0.66,23.5,109.2,109.9,109.9,102.9,103.6,103.6,6.2,6.3,6.3,0.112,1.35,14.7,0.024,0.112,0.071,10.9,10.9,0.575,0.616,0.192,0.195,88.37,87.83,73.19,87.83,0.108,2151,177,371,3.5,7.4,0.477,1,22,209,79,172,14,11,11,325,356,356,68,66,66,192,160,171,322,209,237,148,142,17,16,193,200,391,417,417,113,105,124,134,154,84,1998-99
185,Chris Webber,Chris,1610612758,SAC,26.0,42,22,20,0.524,41.0,100.2,101.2,101.2,98.9,100.1,100.1,1.3,1.1,1.1,0.171,1.17,14.7,0.083,0.209,0.148,12.6,12.6,0.488,0.491,0.246,0.249,99.08,97.98,81.65,97.98,0.14,3513,378,778,9.0,18.5,0.486,197,152,262,200,4,159,118,118,200,257,257,162,173,173,125,180,170,115,20,33,243,238,118,239,53,54,25,60,60,32,11,14,3,3,66,1998-99
43,Chris Whitney,Chris,1610612764,WAS,27.0,39,14,25,0.359,11.3,100.3,97.3,97.3,99.2,95.7,95.7,1.1,1.5,1.5,0.276,1.92,25.0,0.018,0.089,0.053,13.0,13.1,0.513,0.551,0.206,0.214,93.23,96.36,80.3,96.36,0.109,879,64,156,1.6,4.0,0.41,218,245,347,331,317,156,237,237,210,128,128,174,162,162,54,78,67,365,284,326,267,270,65,75,143,137,144,89,89,108,256,254,278,272,265,1998-99
363,Christian Laettner,Christian,1610612765,DET,29.0,16,13,3,0.813,21.0,99.7,99.1,99.1,97.0,95.8,95.8,2.7,3.2,3.2,0.14,1.26,13.6,0.065,0.105,0.085,10.7,10.9,0.363,0.462,0.206,0.207,91.22,92.08,76.74,92.08,0.087,641,38,106,2.4,6.6,0.358,350,264,46,13,203,173,174,174,141,132,132,126,121,121,152,171,188,179,232,210,136,147,378,313,142,156,265,240,240,207,300,291,214,182,372,1998-99
456,Chuck Person,Chuck,1610612766,CHH,35.0,50,26,24,0.52,19.8,98.8,98.7,98.7,100.2,99.6,99.6,-1.3,-0.9,-0.9,0.107,1.46,14.9,0.019,0.114,0.068,10.1,10.1,0.483,0.5,0.16,0.163,91.27,91.57,76.31,91.57,0.067,1894,112,289,2.2,5.8,0.388,1,106,337,207,222,200,186,186,256,239,239,220,223,223,206,141,168,354,205,251,114,110,132,215,308,307,263,263,263,291,188,171,224,208,313,1998-99
359,Chucky Brown,Chucky,1610612766,CHH,31.0,48,25,23,0.521,24.9,100.6,100.0,100.0,99.5,100.0,100.0,1.2,0.0,0.0,0.086,1.5,11.6,0.033,0.117,0.077,7.7,7.7,0.492,0.51,0.17,0.175,92.57,92.58,77.15,92.58,0.076,2301,176,373,3.7,7.8,0.472,114,113,315,204,162,146,149,149,225,256,256,168,194,194,257,131,232,269,194,223,38,36,112,182,277,277,177,208,208,257,107,122,126,142,96,1998-99
221,Clar. Weatherspoon,Clar.,1610612748,MIA,28.0,49,33,16,0.673,21.2,100.1,99.1,99.1,97.4,96.0,96.0,2.6,3.2,3.2,0.065,0.56,8.0,0.081,0.169,0.128,14.4,14.5,0.534,0.607,0.186,0.19,85.28,86.34,71.95,86.34,0.131,1864,141,264,2.9,5.4,0.534,84,22,192,67,199,163,172,172,151,137,137,128,123,123,308,333,321,122,77,80,321,322,40,18,218,218,432,435,435,50,151,186,181,222,26,1998-99
361,Clifford Robinson,Clifford,1610612756,PHX,32.0,50,27,23,0.54,34.8,104.8,104.1,104.1,98.6,99.3,99.3,6.2,4.8,4.8,0.128,1.45,13.5,0.041,0.093,0.067,9.3,9.3,0.521,0.559,0.215,0.218,92.81,92.78,77.32,92.78,0.108,3367,299,629,6.0,12.6,0.475,1,87,315,180,49,44,55,55,183,227,227,69,95,95,170,144,190,241,270,260,64,64,50,59,108,119,163,197,197,112,30,37,37,50,91,1998-99
1133,Corey Beck,Corey,1610612766,CHH,28.0,24,18,6,0.75,7.5,108.8,104.1,104.1,103.9,102.1,102.1,4.9,2.1,2.1,0.183,1.54,25.3,0.038,0.128,0.085,16.5,16.5,0.474,0.493,0.152,0.159,87.43,90.17,75.14,90.17,0.06,338,18,39,0.8,1.6,0.462,315,201,73,21,373,17,54,54,344,324,324,84,153,153,113,128,66,248,167,206,369,369,159,234,321,317,413,335,335,316,342,350,368,388,115,1998-99
1736,Corey Benjamin,Corey,1610612741,CHI,21.0,31,8,23,0.258,10.3,85.7,84.4,84.4,102.0,101.0,101.0,-16.4,-16.5,-16.5,0.065,0.48,6.0,0.049,0.083,0.066,12.6,12.7,0.389,0.438,0.221,0.227,93.38,94.55,78.79,94.55,0.026,623,44,117,1.4,3.8,0.376,280,321,315,378,333,414,410,410,306,292,292,406,407,407,309,352,365,217,312,269,240,244,360,356,95,97,134,128,128,380,290,285,296,286,336,1998-99
916,Corie Blount,Corie,1610612739,CLE,30.0,34,20,14,0.588,15.6,96.4,95.6,95.6,93.6,91.3,91.3,2.8,4.3,4.3,0.037,0.57,7.6,0.111,0.174,0.143,13.3,13.4,0.36,0.404,0.124,0.126,90.02,91.52,76.27,91.52,0.056,1009,36,100,1.1,2.9,0.36,265,173,160,134,265,280,289,289,65,44,44,122,101,101,377,330,329,44,61,46,280,283,379,382,396,396,338,265,265,322,303,294,333,319,368,1998-99
722,Corliss Williamson,Corliss,1610612758,SAC,25.0,50,27,23,0.54,27.5,98.5,99.0,99.0,100.0,101.1,101.1,-1.5,-2.1,-2.1,0.076,0.88,8.5,0.058,0.078,0.068,9.6,9.6,0.486,0.517,0.214,0.216,100.72,99.91,83.26,99.91,0.079,2861,269,555,5.4,11.1,0.485,1,87,315,180,126,209,177,177,241,295,295,229,255,255,279,253,309,195,333,255,83,84,124,167,112,128,21,38,38,247,38,54,50,69,69,1998-99
724,Cory Alexander,Cory,1610612743,DEN,26.0,36,9,27,0.25,21.5,98.8,99.1,99.1,99.9,99.7,99.7,-1.1,-0.5,-0.5,0.275,1.72,25.4,0.009,0.089,0.047,14.7,14.8,0.431,0.467,0.196,0.2,93.57,93.54,77.95,93.54,0.078,1507,97,260,2.7,7.2,0.373,246,304,367,381,192,203,173,173,240,240,240,215,214,214,55,101,65,404,283,357,335,334,279,301,178,182,125,169,169,250,204,189,194,165,342,1998-99
1757,Cory Carr,Cory,1610612741,CHI,23.0,42,9,33,0.214,14.8,86.0,86.6,86.6,100.0,99.0,99.0,-14.0,-12.4,-12.4,0.206,1.43,19.2,0.013,0.072,0.041,13.4,13.4,0.34,0.372,0.206,0.21,91.97,92.11,76.76,92.11,0.025,1190,71,216,1.7,5.1,0.329,197,304,416,389,272,413,400,400,243,217,217,397,392,392,89,146,117,389,357,382,289,289,389,396,140,150,219,236,236,381,245,212,274,226,387,1998-99
1749,Cuttino Mobley,Cuttino,1610612745,HOU,23.0,49,31,18,0.633,29.7,104.2,103.9,103.9,100.6,100.6,100.6,3.7,3.3,3.3,0.137,1.53,18.7,0.017,0.059,0.04,12.2,12.1,0.49,0.537,0.168,0.174,90.86,90.97,75.81,90.97,0.071,2764,172,405,3.5,8.3,0.425,84,50,231,102,100,52,59,59,265,273,273,109,120,120,156,130,121,368,389,392,218,209,115,109,287,280,294,298,298,275,111,107,137,122,218,1998-99
905,Dale Davis,Dale,1610612754,IND,30.0,50,33,17,0.66,27.5,108.5,108.4,108.4,101.7,102.1,102.1,6.8,6.3,6.3,0.025,0.51,5.2,0.123,0.182,0.154,10.2,10.2,0.533,0.559,0.136,0.138,89.86,89.72,74.77,89.72,0.103,2564,161,302,3.2,6.0,0.533,1,22,209,79,127,18,16,16,299,325,325,57,65,65,392,341,375,26,47,24,117,115,41,62,365,373,343,352,352,133,133,162,157,200,27,1998-99
107,Dale Ellis,Dale,1610612760,SEA,38.0,48,23,25,0.479,25.7,104.3,103.7,103.7,105.0,103.8,103.8,-0.7,-0.1,-0.1,0.055,0.84,7.5,0.021,0.074,0.047,8.8,8.8,0.559,0.581,0.17,0.175,91.17,91.99,76.66,91.99,0.083,2378,174,395,3.6,8.2,0.441,114,138,347,254,152,51,63,63,363,360,360,207,201,201,332,263,333,341,349,356,52,53,23,30,275,275,268,244,244,235,108,112,128,125,168,1998-99
1800,Damon Jones,Damon,1610612738,BOS,22.0,24,7,17,0.292,14.3,93.8,92.9,92.9,96.9,93.3,93.3,-3.1,-0.4,-0.4,0.209,2.47,22.6,0.016,0.109,0.06,9.1,9.2,0.466,0.494,0.179,0.183,95.58,97.92,81.6,97.92,0.111,702,43,119,1.8,5.0,0.361,315,333,209,358,277,333,340,340,137,70,70,265,212,212,85,33,89,373,224,287,60,60,180,232,247,243,64,61,61,101,292,284,264,234,364,1998-99
757,Damon Stoudamire,Damon,1610612757,POR,25.0,50,35,15,0.7,33.5,100.4,101.4,101.4,98.5,99.1,99.1,1.9,2.3,2.3,0.322,2.84,28.3,0.025,0.075,0.05,10.0,10.0,0.431,0.462,0.21,0.215,92.39,91.68,76.4,91.68,0.107,3205,249,629,5.0,12.6,0.396,1,13,172,50,63,151,114,114,179,220,220,150,146,146,29,18,46,313,346,343,95,93,278,311,130,133,191,256,256,120,50,37,64,50,298,1998-99
105,Dan Majerle,Dan,1610612748,MIA,33.0,48,32,16,0.667,33.9,103.8,103.5,103.5,95.6,96.3,96.3,8.2,7.2,7.2,0.151,2.73,28.6,0.015,0.116,0.068,10.5,10.5,0.51,0.529,0.111,0.113,87.65,87.45,72.87,87.45,0.084,2969,118,298,2.5,6.2,0.396,114,42,192,73,59,61,69,69,98,150,150,46,59,59,143,22,45,380,197,254,125,127,71,127,412,411,407,422,422,227,179,164,208,196,297,1998-99
7,Dan Schayes,Dan,1610612753,ORL,40.0,19,11,8,0.579,7.6,98.4,99.3,99.3,91.1,92.7,92.7,7.2,6.5,6.5,0.044,0.5,9.1,0.022,0.081,0.051,18.2,18.0,0.379,0.431,0.126,0.131,89.26,88.11,73.43,88.11,-0.013,267,11,29,0.6,1.5,0.379,337,279,85,145,371,211,167,167,33,61,61,50,63,63,360,343,291,336,321,338,386,383,369,363,390,387,363,407,407,408,361,363,383,396,324,1998-99
344,Dana Barros,Dana,1610612738,BOS,32.0,50,19,31,0.38,23.1,98.9,98.0,98.0,98.6,97.6,97.6,0.3,0.4,0.4,0.3,2.36,29.7,0.014,0.078,0.045,12.6,12.6,0.539,0.576,0.187,0.192,93.41,94.31,78.59,94.31,0.135,2281,168,371,3.4,7.4,0.453,1,185,404,309,175,193,203,203,186,179,179,190,190,190,45,41,36,386,329,365,239,237,35,38,213,211,133,137,137,42,121,124,151,154,135,1998-99
198,Danny Ferry,Danny,1610612739,CLE,32.0,50,22,28,0.44,21.1,97.4,96.7,96.7,98.4,97.6,97.6,-1.0,-0.9,-0.9,0.101,1.36,13.3,0.018,0.089,0.055,9.8,9.7,0.541,0.562,0.163,0.169,87.08,87.79,73.15,87.79,0.077,1925,141,296,2.8,5.9,0.476,1,152,381,272,201,245,263,263,173,176,176,210,222,222,217,157,193,356,282,317,89,86,34,57,299,295,422,418,418,253,151,167,183,204,89,1998-99
1504,Danny Fortson,Danny,1610612743,DEN,23.0,50,14,36,0.28,28.4,101.7,102.1,102.1,108.8,108.9,108.9,-7.1,-6.8,-6.8,0.038,0.42,5.3,0.145,0.277,0.208,12.8,12.9,0.495,0.564,0.178,0.179,92.22,92.02,76.68,92.02,0.119,2722,191,386,3.8,7.7,0.495,1,245,421,367,114,119,99,99,406,414,414,328,331,331,374,363,373,13,3,4,254,258,104,55,250,258,202,242,242,77,88,116,109,145,58,1998-99
330,Danny Manning,Danny,1610612756,PHX,33.0,50,27,23,0.54,23.7,103.2,102.3,102.3,99.3,100.0,100.0,3.9,2.3,2.3,0.168,1.64,18.2,0.057,0.135,0.097,11.1,11.2,0.486,0.52,0.197,0.2,91.53,91.6,76.34,91.6,0.106,2260,187,386,3.7,7.7,0.484,1,87,315,180,168,82,94,94,219,249,249,106,145,145,131,112,131,198,146,168,166,166,123,156,171,176,242,261,261,127,92,116,120,145,70,1998-99
353,Darrell Armstrong,Darrell,1610612753,ORL,31.0,50,33,17,0.66,30.1,99.6,100.9,100.9,94.9,95.2,95.2,4.7,5.7,5.7,0.401,2.12,31.0,0.034,0.088,0.06,14.6,14.5,0.507,0.575,0.217,0.225,92.33,91.61,76.34,91.61,0.171,2883,230,522,4.6,10.4,0.441,1,22,209,79,95,176,128,128,85,109,109,91,78,78,11,56,32,260,290,286,331,320,77,40,105,101,192,260,260,10,61,61,77,81,167,1998-99
239,Darrick Martin,Darrick,1610612746,LAC,28.0,37,6,31,0.162,25.5,96.0,96.3,96.3,107.2,107.7,107.7,-11.2,-11.4,-11.4,0.257,2.15,27.8,0.005,0.05,0.027,12.9,12.8,0.423,0.475,0.179,0.184,93.15,92.8,77.33,92.8,0.068,1827,102,278,2.8,7.5,0.367,238,348,404,407,154,294,270,270,395,408,408,377,380,380,60,54,49,412,401,421,260,252,308,286,246,242,148,196,196,290,197,175,190,149,351,1998-99
764,David Robinson,David,1610612759,SAS,33.0,49,36,13,0.735,31.7,102.2,103.4,103.4,91.0,91.5,91.5,11.2,12.0,12.0,0.12,0.95,11.4,0.101,0.207,0.157,11.9,12.0,0.509,0.564,0.239,0.24,90.87,90.1,75.08,90.1,0.179,2905,268,527,5.5,10.8,0.509,84,8,134,35,81,106,73,73,30,46,46,22,21,21,177,238,234,62,23,20,199,205,74,52,59,70,293,339,339,8,40,59,48,76,41,1998-99
710,David Vaughn,David,1610612751,NJN,26.0,11,4,7,0.364,9.5,103.5,97.2,97.2,101.1,97.3,97.3,2.5,0.0,0.0,0.015,0.09,2.3,0.13,0.172,0.153,25.6,26.0,0.56,0.627,0.169,0.178,95.53,100.46,83.71,100.46,0.084,218,14,25,1.3,2.3,0.56,373,370,81,323,347,70,238,238,282,170,170,130,198,198,403,401,404,17,69,26,422,423,22,13,282,264,66,31,31,225,351,366,312,354,17,1998-99
133,David Wesley,David,1610612766,CHH,28.0,50,26,24,0.52,36.9,100.8,100.9,100.9,98.6,98.9,98.9,2.2,2.0,2.0,0.312,2.27,29.5,0.014,0.075,0.046,13.0,13.0,0.502,0.561,0.194,0.198,92.44,92.29,76.91,92.29,0.118,3534,243,545,4.9,10.9,0.446,1,106,337,207,25,140,130,130,185,213,213,140,156,156,34,49,37,385,347,363,266,263,84,58,182,189,187,228,228,81,54,57,71,74,151,1998-99
766,David Wingate,David,1610612752,NYK,35.0,20,14,6,0.7,4.5,102.2,97.1,97.1,87.7,85.4,85.4,14.4,11.7,11.7,0.086,0.83,18.5,0.034,0.063,0.048,22.2,22.2,0.438,0.438,0.104,0.11,90.49,94.05,78.37,94.05,0.021,173,7,16,0.4,0.8,0.438,333,245,73,50,416,109,243,243,17,20,20,15,22,22,255,264,126,261,383,353,411,411,260,357,420,416,315,147,147,386,371,383,411,428,176,1998-99
1545,DeJuan Wheat,DeJuan,1610612763,VAN,25.0,46,8,38,0.174,12.8,93.8,93.6,93.6,103.7,100.6,100.6,-9.9,-7.0,-7.0,0.329,2.1,27.4,0.018,0.065,0.039,13.0,13.1,0.435,0.479,0.202,0.206,89.15,90.56,75.47,90.56,0.085,1113,73,193,1.6,4.2,0.378,158,321,429,403,290,338,332,332,338,275,275,367,333,333,26,60,51,366,373,395,267,269,266,272,154,160,367,323,323,218,241,228,283,264,329,1998-99
1051,Dean Garrett,Dean,1610612750,MIN,32.0,49,24,25,0.49,21.6,95.9,96.4,96.4,99.2,100.2,100.2,-3.3,-3.8,-3.8,0.04,0.97,9.0,0.088,0.155,0.12,9.4,9.3,0.502,0.533,0.118,0.12,93.35,92.65,77.2,92.65,0.087,2032,116,231,2.4,4.7,0.502,84,128,347,248,191,299,267,267,213,261,261,271,289,289,372,233,296,94,107,106,72,68,83,122,403,405,136,206,206,208,182,203,217,244,44,1998-99
244,Dee Brown,Dee,1610612761,TOR,30.0,49,23,26,0.469,28.2,101.5,101.3,101.3,102.6,103.0,103.0,-1.0,-1.8,-1.8,0.187,1.79,19.3,0.011,0.065,0.037,10.8,10.8,0.514,0.529,0.189,0.194,93.12,93.03,77.53,93.03,0.089,2683,187,495,3.8,10.1,0.378,84,138,358,258,117,127,115,115,314,348,348,211,249,249,111,87,116,400,372,401,139,137,63,131,202,202,150,189,189,192,92,70,110,86,331,1998-99
209,Dell Curry,Dell,1610612749,MIL,35.0,42,23,19,0.548,20.6,103.6,102.5,102.5,101.6,101.3,101.3,2.0,1.2,1.2,0.105,1.07,10.8,0.023,0.076,0.051,10.2,10.1,0.588,0.603,0.215,0.222,88.35,88.98,74.15,88.98,0.129,1618,163,336,3.9,8.0,0.485,197,138,245,174,208,68,93,93,295,304,304,145,170,170,210,205,247,329,342,337,115,109,13,20,109,110,392,383,383,54,131,144,107,133,68,1998-99
23,Dennis Rodman,Dennis,1610612747,LAL,38.0,23,17,6,0.739,28.7,103.8,105.4,105.4,105.3,106.5,106.5,-1.5,-1.0,-1.0,0.063,0.97,24.0,0.096,0.306,0.201,24.8,25.0,0.348,0.388,0.064,0.064,93.52,92.3,76.92,92.3,0.085,1268,16,46,0.7,2.0,0.348,323,214,73,34,112,58,32,32,367,395,395,233,227,227,312,232,76,72,2,5,416,416,386,391,437,437,128,226,226,221,345,345,373,366,377,1998-99
192,Dennis Scott,Dennis,1610612750,MIN,30.0,36,18,18,0.5,20.6,96.8,96.9,96.9,96.9,96.2,96.2,-0.1,0.8,0.8,0.091,2.11,14.0,0.011,0.071,0.04,6.7,6.7,0.495,0.516,0.154,0.158,90.73,91.01,75.84,91.01,0.07,1402,87,213,2.4,5.9,0.408,246,201,231,219,211,268,253,253,134,146,146,194,184,184,245,59,178,399,361,388,25,26,100,169,318,319,301,293,293,281,218,213,211,205,267,1998-99
1507,Derek Anderson,Derek,1610612739,CLE,24.0,38,16,22,0.421,25.8,95.2,95.3,95.3,96.7,97.2,97.2,-1.5,-1.9,-1.9,0.305,1.77,23.6,0.023,0.1,0.062,13.4,13.4,0.432,0.529,0.23,0.235,89.11,88.83,74.03,88.83,0.135,1817,125,314,3.3,8.3,0.398,227,225,294,284,150,313,295,295,129,169,169,235,252,252,42,93,82,328,245,279,283,279,274,129,76,74,368,387,387,40,172,157,154,123,291,1998-99
965,Derek Fisher,Derek,1610612747,LAL,24.0,50,31,19,0.62,22.6,105.4,106.1,106.1,96.6,96.9,96.9,8.8,9.2,9.2,0.256,2.56,34.5,0.02,0.064,0.042,13.5,13.5,0.449,0.497,0.147,0.149,94.61,94.19,78.49,94.19,0.086,2224,99,263,2.0,5.3,0.376,1,50,245,114,181,40,25,25,127,161,161,40,42,42,61,31,16,345,377,379,293,291,223,224,336,343,89,141,141,216,202,187,245,223,335,1998-99
157,Derek Harper,Derek,1610612747,LAL,37.0,45,29,16,0.644,24.9,103.2,103.6,103.6,105.7,106.6,106.6,-2.5,-3.0,-3.0,0.255,3.6,34.3,0.012,0.045,0.029,9.5,9.6,0.486,0.506,0.142,0.143,94.22,93.67,78.06,93.67,0.088,2182,120,291,2.7,6.5,0.412,170,68,192,96,161,81,67,67,373,396,396,251,275,275,63,4,17,394,408,417,81,82,122,194,351,355,103,163,163,206,177,168,195,189,252,1998-99
400,Derek Strong,Derek,1610612753,ORL,31.0,44,28,16,0.636,15.9,95.9,97.3,97.3,93.5,93.2,93.2,2.4,4.1,4.1,0.042,0.46,6.1,0.091,0.154,0.12,13.2,13.3,0.422,0.499,0.164,0.165,91.31,90.77,75.64,90.77,0.083,1331,76,180,1.7,4.1,0.422,177,76,192,101,261,300,234,234,64,68,68,133,104,104,370,355,361,84,109,108,277,277,310,220,295,301,257,307,307,232,236,238,270,270,223,1998-99
934,Derrick Coleman,Derrick,1610612766,CHH,32.0,37,15,22,0.405,31.9,97.0,97.1,97.1,101.1,101.1,101.1,-4.1,-4.0,-4.0,0.128,0.87,11.8,0.07,0.215,0.145,13.6,13.7,0.422,0.496,0.231,0.235,90.87,90.86,75.72,90.86,0.122,2229,168,406,4.5,11.0,0.414,238,237,294,294,78,262,244,244,285,294,294,287,293,293,171,256,227,155,17,39,298,299,309,225,73,76,291,304,304,69,121,106,79,73,250,1998-99
365,Derrick McKey,Derrick,1610612754,IND,32.0,13,9,4,0.692,18.8,106.9,104.9,104.9,94.1,95.2,95.2,12.8,9.8,9.8,0.094,1.08,15.3,0.081,0.11,0.095,14.1,14.2,0.442,0.504,0.145,0.148,84.06,84.34,70.28,84.34,0.083,425,23,52,1.8,4.0,0.442,365,304,55,58,228,29,42,42,74,108,108,18,36,36,235,202,158,125,222,183,310,313,243,201,341,345,435,440,440,233,332,337,265,272,162,1998-99
96,Detlef Schrempf,Detlef,1610612760,SEA,36.0,50,25,25,0.5,35.3,103.9,104.6,104.6,101.6,101.8,101.8,2.3,2.7,2.7,0.177,1.79,19.4,0.043,0.169,0.105,10.9,10.9,0.503,0.573,0.194,0.196,91.56,91.18,75.98,91.18,0.136,3350,259,549,5.2,11.0,0.472,1,113,347,219,44,56,44,44,296,316,316,135,135,135,119,88,115,231,80,146,147,149,82,42,184,193,238,283,283,39,46,56,59,72,97,1998-99
54,Dickey Simpkins,Dickey,1610612741,CHI,27.0,50,13,37,0.26,29.0,90.1,91.0,91.0,100.0,100.9,100.9,-9.9,-9.9,-9.9,0.082,0.9,11.4,0.075,0.175,0.122,12.6,12.7,0.463,0.528,0.162,0.162,91.01,90.17,75.14,90.17,0.092,2713,150,324,3.0,6.5,0.463,1,264,426,376,109,382,363,363,245,289,289,366,369,369,264,247,236,142,58,95,241,246,185,132,303,309,280,336,336,177,141,152,169,188,111,1998-99
87,Dikembe Mutombo,Dikembe,1610612737,ATL,33.0,50,31,19,0.62,36.6,98.5,99.9,99.9,92.5,93.7,93.7,6.0,6.3,6.3,0.056,0.61,9.2,0.107,0.228,0.168,15.1,15.3,0.512,0.584,0.143,0.144,87.96,86.78,72.32,86.78,0.157,3314,173,338,3.5,6.8,0.512,1,50,245,114,29,210,155,155,45,80,80,72,67,67,328,322,289,51,11,11,344,350,68,28,347,353,399,430,430,20,110,143,139,176,39,1998-99
1717,Dirk Nowitzki,Dirk,1610612742,DAL,21.0,47,17,30,0.362,20.4,101.4,101.2,101.2,102.9,101.9,101.9,-1.5,-0.6,-0.6,0.082,0.64,9.2,0.045,0.124,0.086,14.3,14.2,0.426,0.491,0.219,0.224,92.72,93.3,77.75,93.3,0.07,1862,136,336,2.9,7.1,0.405,140,214,399,327,213,129,116,116,324,319,319,231,219,219,265,313,288,224,175,205,317,315,297,241,103,106,168,172,172,280,161,144,180,167,275,1998-99
1122,Dominique Wilkins,Dominique,1610612753,ORL,39.0,27,16,11,0.593,9.3,94.2,94.4,94.4,95.6,94.7,94.7,-1.4,-0.3,-0.3,0.131,0.7,8.5,0.113,0.16,0.136,12.2,12.1,0.398,0.445,0.292,0.301,93.97,94.35,78.63,94.35,0.107,498,50,132,1.9,4.9,0.379,300,225,113,129,349,329,315,315,99,96,96,224,208,208,164,302,308,41,97,59,215,213,354,346,14,15,113,135,135,118,280,271,257,235,325,1998-99
931,Don MacLean,Don,1610612760,SEA,29.0,17,9,8,0.529,21.5,101.7,102.8,102.8,110.3,110.8,110.8,-8.6,-8.1,-8.1,0.078,0.64,6.8,0.049,0.129,0.089,10.5,10.6,0.425,0.476,0.268,0.271,95.74,95.01,79.17,95.01,0.066,723,63,159,3.7,9.4,0.396,346,304,85,195,194,121,89,89,416,424,424,349,342,342,272,314,344,216,166,200,128,133,301,282,36,38,59,115,115,295,259,253,123,99,295,1998-99
690,Don Reid,Don,1610612765,DET,25.0,47,27,20,0.574,19.9,102.4,103.5,103.5,96.8,95.5,95.5,5.6,8.0,8.0,0.057,0.92,11.8,0.074,0.12,0.097,12.9,13.0,0.557,0.58,0.122,0.123,89.38,89.52,74.6,89.52,0.059,1730,97,174,2.1,3.7,0.557,140,87,262,147,220,99,70,70,133,119,119,78,50,50,325,245,225,143,185,170,258,260,24,31,400,401,354,365,365,319,204,243,237,288,19,1998-99
923,Donyell Marshall,Donyell,1610612744,GSW,26.0,48,20,28,0.417,26.0,98.2,97.3,97.3,99.2,97.8,97.8,-1.1,-0.5,-0.5,0.093,0.83,9.5,0.084,0.175,0.128,11.5,11.5,0.447,0.484,0.212,0.218,92.87,93.97,78.31,93.97,0.119,2443,208,494,4.3,10.3,0.421,114,173,381,288,144,221,233,233,214,184,184,212,213,213,236,268,275,113,59,79,183,182,227,264,123,125,162,149,149,79,79,72,91,83,228,1998-99
57,Doug Christie,Doug,1610612761,TOR,29.0,50,23,27,0.46,35.4,97.0,97.7,97.7,100.3,100.7,100.7,-3.3,-3.0,-3.0,0.198,1.57,17.6,0.034,0.088,0.06,11.2,11.2,0.425,0.501,0.222,0.226,91.8,91.28,76.06,91.28,0.113,3356,252,650,5.0,13.0,0.388,1,138,367,264,42,266,216,216,260,277,277,270,273,273,97,122,134,266,292,289,169,167,299,210,92,98,227,280,280,97,48,32,61,46,312,1998-99
77,Doug Overton,Doug,1610612755,PHI,29.0,24,9,15,0.375,10.2,92.7,90.2,90.2,97.6,95.2,95.2,-4.9,-5.0,-5.0,0.174,1.15,16.9,0.025,0.057,0.04,14.7,14.7,0.44,0.496,0.192,0.198,93.04,95.47,79.56,95.47,0.076,491,36,84,1.5,3.5,0.429,315,304,172,315,334,358,371,371,155,112,112,297,307,307,121,188,140,314,394,393,334,333,250,227,195,188,154,109,109,254,303,309,291,295,205,1998-99
28,Doug West,Doug,1610612763,VAN,32.0,14,3,11,0.214,20.9,96.7,97.7,97.7,103.3,102.4,102.4,-6.7,-4.7,-4.7,0.109,1.58,17.8,0.018,0.075,0.046,11.2,11.2,0.477,0.533,0.135,0.136,93.88,93.78,78.15,93.78,0.063,570,31,65,2.2,4.6,0.477,362,382,113,389,205,272,215,215,334,332,332,324,301,301,201,119,132,362,345,360,170,169,152,120,370,378,116,160,160,308,318,324,225,247,85,1998-99
1003,Drew Barry,Drew,1610612760,SEA,26.0,17,7,10,0.412,10.8,98.4,95.8,95.8,97.7,93.7,93.7,0.7,2.1,2.1,0.238,2.42,36.7,0.017,0.083,0.052,15.2,15.2,0.438,0.49,0.115,0.12,96.43,99.79,83.15,99.79,0.06,383,10,32,0.6,1.9,0.313,346,333,106,292,329,212,284,284,158,81,81,182,151,151,73,38,11,369,312,333,347,346,260,243,407,404,48,39,39,315,365,358,381,374,395,1998-99
190,Duane Causwell,Duane,1610612748,MIA,31.0,19,15,4,0.789,7.2,85.5,83.0,83.0,106.0,103.3,103.3,-20.5,-20.3,-20.3,0.029,0.11,3.3,0.108,0.145,0.127,30.0,29.9,0.571,0.546,0.187,0.2,92.29,94.96,79.13,94.96,0.018,270,20,35,1.1,1.8,0.571,337,237,55,15,375,415,413,413,378,352,352,414,416,416,386,399,396,50,126,82,431,431,19,85,212,181,196,116,116,391,338,355,334,378,15,1998-99
273,Duane Ferrell,Duane,1610612744,GSW,34.0,8,3,5,0.375,5.6,96.2,93.4,93.4,74.8,74.4,74.4,21.3,19.0,19.0,0.0,0.0,0.0,0.086,0.02,0.056,5.9,6.0,0.071,0.159,0.143,0.149,95.91,97.54,81.29,97.54,-0.098,91,1,14,0.1,1.8,0.071,382,382,66,315,399,291,336,336,6,10,10,11,10,10,408,404,408,103,422,314,21,22,427,428,346,340,57,66,66,425,413,385,426,382,427,1998-99
368,Dwayne Schintzius,Dwayne,1610612738,BOS,30.0,16,7,9,0.438,4.1,77.5,76.1,76.1,106.7,102.7,102.7,-29.2,-26.6,-26.6,0.2,0.8,22.2,0.091,0.152,0.122,27.8,28.0,0.25,0.31,0.17,0.175,102.78,105.8,88.16,105.8,-0.02,142,4,16,0.3,1.0,0.25,350,333,94,276,417,427,426,426,392,338,338,425,423,423,92,272,93,85,113,97,428,428,413,412,279,273,17,18,18,411,390,383,419,412,411,1998-99
1863,Earl Boykins,Earl,1610612739,CLE,23.0,22,8,14,0.364,10.0,87.8,86.5,86.5,98.6,95.7,95.7,-10.8,-9.2,-9.2,0.303,1.65,24.8,0.033,0.049,0.041,15.0,15.0,0.399,0.405,0.21,0.22,88.65,90.68,75.57,90.68,0.049,414,30,79,1.4,3.6,0.38,326,321,160,323,339,399,402,402,184,126,126,373,360,360,43,108,72,271,403,384,343,340,352,379,133,114,383,315,315,336,322,314,302,292,322,1998-99
1516,Ed Gray,Ed,1610612737,ATL,23.0,30,17,13,0.567,11.2,86.8,88.2,88.2,99.3,97.3,97.3,-12.5,-9.2,-9.2,0.083,0.41,5.0,0.018,0.065,0.039,12.2,12.1,0.324,0.368,0.293,0.304,90.46,90.65,75.54,90.65,-0.003,633,53,182,1.8,6.1,0.291,287,214,134,152,318,409,391,391,217,173,173,387,359,359,263,364,377,364,375,396,217,210,397,399,13,14,317,316,316,406,273,236,266,198,400,1998-99
698,Eddie Johnson,Eddie,1610612745,HOU,40.0,3,1,2,0.333,6.0,118.9,120.0,120.0,139.8,131.9,131.9,-20.8,-11.9,-11.9,0.063,0.5,6.3,0.0,0.125,0.056,12.5,12.5,0.462,0.462,0.288,0.292,119.02,121.99,101.66,121.99,0.03,45,6,13,2.0,4.3,0.462,409,408,25,337,389,8,5,5,434,435,435,415,386,386,312,343,358,415,173,314,230,231,192,314,17,19,3,4,4,375,375,388,242,255,115,1998-99
224,Eddie Jones,Eddie,1610612766,CHH,27.0,50,33,17,0.66,37.6,104.6,105.1,105.1,98.7,99.3,99.3,5.9,5.7,5.7,0.17,2.0,18.7,0.028,0.076,0.053,9.3,9.4,0.477,0.546,0.197,0.199,93.14,92.66,77.22,92.66,0.116,3622,260,595,5.2,11.9,0.437,1,22,209,79,19,49,40,40,193,228,228,75,76,76,129,71,122,291,343,325,70,71,151,86,174,184,149,205,205,88,44,47,56,59,177,1998-99
922,Elden Campbell,Elden,1610612766,CHH,30.0,49,31,18,0.633,29.8,99.9,99.5,99.5,98.5,98.9,98.9,1.3,0.6,0.6,0.091,0.86,9.3,0.092,0.188,0.141,10.8,10.9,0.477,0.528,0.213,0.214,92.22,92.23,76.86,92.23,0.119,2795,222,465,4.5,9.5,0.477,84,50,231,102,99,170,160,160,180,212,212,163,186,186,244,258,283,81,41,50,138,150,150,133,118,135,201,231,231,78,67,78,81,96,83,1998-99
695,Eldridge Recasner,Eldridge,1610612766,CHH,31.0,44,22,22,0.5,16.1,97.9,97.3,97.3,101.8,100.3,100.3,-3.9,-3.0,-3.0,0.232,1.57,25.9,0.03,0.082,0.057,16.5,16.6,0.511,0.552,0.168,0.172,91.51,92.47,77.06,92.47,0.083,1360,82,184,1.9,4.2,0.446,177,152,294,219,258,228,236,236,302,265,265,283,274,274,75,124,61,283,315,306,370,370,69,73,285,284,243,219,219,236,224,233,255,266,154,1998-99
386,Elliot Perry,Elliot,1610612751,NJN,30.0,35,16,19,0.457,8.4,91.8,88.9,88.9,99.4,95.8,95.8,-7.7,-6.9,-6.9,0.305,1.38,24.7,0.021,0.086,0.052,17.9,17.9,0.427,0.449,0.199,0.21,98.07,101.47,84.56,101.47,0.084,614,39,103,1.1,2.9,0.379,258,225,245,268,365,365,384,384,223,134,134,334,332,332,39,154,73,339,301,332,382,381,293,338,165,148,30,27,27,228,297,292,326,318,327,1998-99
376,Eric Montross,Eric,1610612765,DET,27.0,46,25,21,0.543,12.5,100.1,97.4,97.4,97.8,96.6,96.6,2.3,0.8,0.8,0.042,0.88,11.2,0.088,0.173,0.131,12.8,12.9,0.525,0.505,0.091,0.094,87.63,89.44,74.54,89.44,0.046,1061,42,80,0.9,1.7,0.525,158,113,277,176,297,160,231,231,163,154,154,136,183,183,370,255,239,96,66,71,253,256,46,198,428,428,408,367,367,346,295,312,351,386,30,1998-99
785,Eric Murdock,Eric,1610612751,NJN,31.0,15,2,13,0.133,26.7,88.6,88.0,88.0,92.0,91.9,91.9,-3.3,-3.9,-3.9,0.289,2.28,29.9,0.007,0.078,0.042,13.1,13.2,0.43,0.474,0.166,0.171,96.58,96.96,80.8,96.96,0.102,816,45,114,3.0,7.6,0.395,358,392,134,414,138,393,392,392,38,49,49,269,291,291,47,45,34,408,328,380,272,273,284,287,290,289,44,75,75,136,289,287,169,147,301,1998-99
15,Eric Piatkowski,Eric,1610612746,LAC,28.0,49,9,40,0.184,25.3,97.3,98.0,98.0,106.3,106.7,106.7,-9.0,-8.7,-8.7,0.074,1.0,9.4,0.031,0.088,0.058,9.4,9.3,0.51,0.555,0.183,0.188,93.22,92.71,77.26,92.71,0.091,2395,180,417,3.7,8.5,0.432,84,304,433,399,156,250,208,208,383,397,397,352,349,349,283,212,278,281,293,298,78,67,72,65,228,221,146,200,200,183,103,97,125,114,193,1998-99
35,Eric Riley,Eric,1610612738,BOS,29.0,35,13,22,0.371,9.5,95.4,94.2,94.2,92.6,90.6,90.6,2.8,3.6,3.6,0.06,0.5,12.1,0.105,0.18,0.143,24.3,24.4,0.519,0.577,0.123,0.126,93.92,95.54,79.62,95.54,0.066,656,28,54,0.8,1.5,0.519,258,264,294,319,346,309,319,319,47,39,39,121,113,113,315,343,218,55,49,46,413,414,56,35,398,398,115,108,108,296,327,334,363,394,34,1998-99
727,Eric Snow,Eric,1610612755,PHI,26.0,48,28,20,0.583,35.8,96.7,97.2,97.2,93.0,93.2,93.2,3.7,4.0,4.0,0.296,2.71,36.3,0.015,0.084,0.049,13.4,13.4,0.435,0.499,0.138,0.14,91.31,91.0,75.83,91.0,0.106,3253,149,348,3.1,7.3,0.428,114,76,262,137,38,271,239,239,55,67,67,108,105,105,46,26,12,381,311,350,286,288,264,219,362,366,258,294,294,128,142,137,163,163,209,1998-99
1540,Eric Washington,Eric,1610612743,DEN,25.0,38,12,26,0.316,20.1,97.3,97.0,97.0,103.6,104.5,104.5,-6.4,-7.5,-7.5,0.069,0.88,11.5,0.043,0.071,0.057,13.0,13.0,0.497,0.517,0.136,0.139,91.99,91.68,76.4,91.68,0.046,1455,73,184,1.9,4.8,0.397,227,272,358,349,218,249,247,247,337,372,372,319,339,339,300,252,233,230,359,307,263,262,98,163,364,369,216,257,257,348,241,233,249,238,294,1998-99
677,Eric Williams,Eric,1610612743,DEN,26.0,38,11,27,0.289,20.4,94.4,93.9,93.9,104.1,104.4,104.4,-9.8,-10.5,-10.5,0.094,0.76,10.0,0.043,0.064,0.053,13.3,13.4,0.379,0.494,0.193,0.196,92.06,92.19,76.83,92.19,0.055,1489,80,219,2.1,5.8,0.365,227,279,367,359,214,325,326,326,351,369,369,363,374,374,232,285,267,236,378,328,279,281,370,231,190,195,208,232,232,323,228,208,235,209,355,1998-99
956,Erick Dampier,Erick,1610612744,GSW,23.0,50,21,29,0.42,28.3,95.2,95.0,95.0,98.7,98.5,98.5,-3.5,-3.5,-3.5,0.064,0.59,8.2,0.11,0.155,0.132,14.0,14.2,0.389,0.439,0.191,0.193,89.77,89.98,74.98,89.98,0.064,2646,161,414,3.2,8.3,0.389,1,161,392,285,116,311,302,302,188,202,202,275,281,281,311,325,317,46,108,69,307,311,360,355,197,205,345,343,343,303,133,99,157,120,311,1998-99
1065,Erick Strickland,Erick,1610612742,DAL,25.0,33,10,23,0.303,17.2,97.8,96.2,96.2,100.8,98.9,98.9,-3.0,-2.8,-2.8,0.2,1.78,18.3,0.019,0.127,0.07,10.3,10.3,0.443,0.499,0.214,0.221,94.64,96.32,80.26,96.32,0.126,1144,89,221,2.7,6.7,0.403,271,289,315,354,242,234,277,277,273,215,215,261,268,268,92,89,129,348,169,244,121,120,240,218,113,111,87,91,91,62,216,207,193,180,282,1998-99
911,Ervin Johnson,Ervin,1610612749,MIL,31.0,50,28,22,0.56,20.5,99.2,97.5,97.5,99.6,99.1,99.1,-0.3,-1.6,-1.6,0.031,0.4,6.3,0.121,0.198,0.16,15.6,15.6,0.508,0.544,0.126,0.13,89.3,90.28,75.24,90.28,0.093,1927,96,189,1.9,3.8,0.508,1,76,294,155,212,186,225,225,227,221,221,197,246,246,385,365,356,29,32,17,353,354,75,94,392,392,360,332,332,174,207,231,250,285,43,1998-99
1564,Etdrick Bohannon,Etdrick,1610612764,WAS,26.0,2,0,2,0.0,1.8,74.2,77.8,77.8,88.8,63.6,63.6,-14.7,14.1,14.1,0.0,0.0,0.0,0.0,0.0,0.0,0.0,0.0,0.0,0.0,0.0,0.0,116.27,134.27,111.89,134.27,0.0,9,0,0,0.0,0.0,0.0,418,423,25,423,434,429,422,422,24,4,4,400,13,13,408,404,408,415,423,427,1,1,428,432,439,439,5,1,1,403,428,438,428,438,428,1998-99
1732,Felipe Lopez,Felipe,1610612763,VAN,24.0,47,6,41,0.128,26.0,96.5,96.8,96.8,105.5,105.9,105.9,-9.1,-9.1,-9.1,0.093,0.76,10.6,0.058,0.085,0.071,14.0,14.1,0.462,0.498,0.193,0.196,91.71,91.38,76.15,91.38,0.06,2320,169,379,3.6,8.1,0.446,140,348,434,419,145,279,258,258,369,387,387,353,357,357,237,284,255,194,304,238,308,309,191,221,188,194,231,273,273,314,119,121,130,132,150,1998-99
280,Felton Spencer,Felton,1610612744,GSW,31.0,26,10,16,0.385,6.2,89.5,91.2,91.2,92.9,88.0,88.0,-3.4,3.2,3.2,0.0,0.0,0.0,0.096,0.158,0.126,16.7,16.8,0.455,0.473,0.139,0.139,95.42,97.11,80.92,97.11,0.02,319,15,33,0.6,1.3,0.455,307,289,192,307,387,387,360,360,52,25,25,272,122,122,408,404,408,73,100,85,372,376,206,291,358,368,69,71,71,388,346,356,385,405,127,1998-99
697,Fred Hoiberg,Fred,1610612754,IND,26.0,12,7,5,0.583,7.2,106.8,103.6,103.6,106.1,104.8,104.8,0.8,-1.2,-1.2,0.077,1.33,12.9,0.024,0.115,0.068,9.7,9.8,0.31,0.402,0.138,0.144,90.18,92.13,76.77,92.13,0.018,167,6,21,0.5,1.8,0.286,368,333,66,137,376,30,64,64,379,378,378,180,233,233,275,163,200,321,198,253,85,88,401,387,360,352,327,235,235,393,375,370,392,382,401,1998-99
202,Gary Grant,Gary,1610612757,POR,34.0,2,1,1,0.5,3.7,142.4,128.6,128.6,75.8,71.4,71.4,66.6,57.1,57.1,0.5,0.0,75.0,0.0,0.0,0.0,0.0,0.0,0.0,0.0,0.067,0.073,83.99,91.02,75.85,91.02,0.128,14,0,1,0.0,0.5,0.0,418,408,9,219,421,2,2,2,7,7,7,2,3,3,3,404,1,415,423,427,1,1,428,432,435,435,436,292,292,56,428,427,428,432,428,1998-99
56,Gary Payton,Gary,1610612760,SEA,30.0,50,25,25,0.5,40.2,103.7,105.3,105.3,103.8,104.6,104.6,-0.1,0.7,0.7,0.398,2.83,26.7,0.03,0.095,0.061,9.4,9.4,0.479,0.519,0.266,0.269,92.18,91.16,75.97,91.16,0.156,3818,401,923,8.0,18.5,0.434,1,113,347,219,7,65,37,37,340,374,374,195,185,185,12,20,60,285,265,283,74,77,144,161,39,42,204,284,284,23,6,2,8,4,185,1998-99
718,Gary Trent,Gary,1610612742,DAL,24.0,45,18,27,0.4,30.2,101.6,101.8,101.8,103.0,103.6,103.6,-1.4,-1.8,-1.8,0.106,1.17,9.1,0.094,0.167,0.13,7.8,7.8,0.477,0.51,0.256,0.261,91.28,90.92,75.76,90.92,0.127,2579,287,602,6.4,13.4,0.477,170,201,367,296,93,125,105,105,328,357,357,225,248,248,208,182,295,78,85,74,39,39,153,183,46,47,262,301,301,59,33,46,28,43,86,1998-99
248,George Lynch,George,1610612755,PHI,28.0,43,23,20,0.535,30.6,97.6,97.5,97.5,92.3,92.2,92.2,5.3,5.3,5.3,0.1,0.96,14.0,0.084,0.132,0.107,14.6,14.6,0.434,0.461,0.157,0.16,90.72,90.75,75.63,90.75,0.089,2474,147,349,3.4,8.1,0.421,188,138,262,190,89,239,223,223,42,52,52,82,87,87,219,236,179,114,156,139,328,328,270,315,312,315,302,308,308,198,145,136,145,129,227,1998-99
45,George McCloud,George,1610612756,PHX,32.0,48,25,23,0.521,25.9,102.8,102.0,102.0,101.4,101.8,101.8,1.4,0.2,0.2,0.101,1.61,16.2,0.028,0.106,0.067,10.0,10.0,0.545,0.591,0.149,0.153,92.94,93.13,77.61,93.13,0.084,2416,142,324,3.0,6.8,0.438,114,113,315,204,149,88,101,101,291,314,314,160,192,192,218,115,145,293,228,261,100,97,29,24,330,331,160,181,181,223,150,152,175,178,174,1998-99
1871,Gerald Brown,Gerald,1610612756,PHX,23.0,33,17,16,0.515,7.2,94.5,90.2,90.2,107.0,103.8,103.8,-12.5,-13.6,-13.6,0.23,1.41,21.1,0.021,0.068,0.045,15.0,14.8,0.388,0.42,0.212,0.225,91.45,95.05,79.2,95.05,0.047,469,33,89,1.0,2.7,0.371,271,214,192,213,377,323,372,372,394,361,361,389,403,403,78,151,98,340,365,370,341,338,362,369,122,99,250,114,114,341,311,304,339,338,345,1998-99
786,Gerald Wilkins,Gerald,1610612753,ORL,35.0,3,1,2,0.333,9.5,85.1,87.0,87.0,87.1,83.6,83.6,-2.0,3.4,3.4,0.067,0.33,7.1,0.0,0.048,0.018,21.4,21.6,0.0,0.101,0.191,0.192,90.59,91.39,76.16,91.39,-0.232,54,0,9,0.0,3.0,0.0,409,408,25,337,344,417,398,398,15,17,17,244,118,118,302,369,336,415,406,424,409,410,428,431,198,212,308,272,272,433,428,398,428,312,428,1998-99
1562,Gerard King,Gerard,1610612759,SAS,26.0,19,12,7,0.632,3.2,102.0,96.4,96.4,96.3,90.8,90.8,5.7,5.6,5.6,0.103,1.0,12.9,0.091,0.099,0.095,12.9,13.4,0.429,0.525,0.17,0.174,104.21,110.45,92.04,110.45,0.054,137,6,14,0.3,0.7,0.429,337,272,81,107,424,112,268,268,119,41,41,76,81,81,213,212,200,85,250,179,258,280,288,146,278,279,16,11,11,325,375,385,417,429,205,1998-99
49,Gheorghe Muresan,Gheorghe,1610612751,NJN,28.0,1,1,0,1.0,1.2,0.0,0.0,0.0,200.0,200.0,200.0,-200.0,-200.0,-200.0,0.0,0.0,0.0,0.0,0.0,0.0,50.0,50.0,0.0,0.0,0.667,1.0,83.48,104.35,86.96,104.35,-0.4,3,0,1,0.0,1.0,0.0,431,408,1,1,440,440,440,440,440,440,440,440,440,440,408,404,408,415,423,427,438,438,428,432,1,1,439,19,19,437,428,427,428,412,428,1998-99
779,Glen Rice,Glen,1610612747,LAL,32.0,27,16,11,0.593,36.5,105.1,105.7,105.7,101.0,102.4,102.4,4.1,3.3,3.3,0.118,1.58,12.9,0.01,0.093,0.052,8.2,8.2,0.499,0.542,0.221,0.224,94.57,93.66,78.05,93.66,0.101,1918,171,396,6.3,14.7,0.432,300,225,113,129,30,42,29,29,280,331,331,102,119,119,179,121,202,402,271,330,45,46,97,100,94,103,91,164,164,138,115,111,29,27,192,1998-99
299,Glenn Robinson,Glenn,1610612749,MIL,26.0,47,26,21,0.553,33.5,105.4,105.9,105.9,99.6,100.1,100.1,5.7,5.7,5.7,0.118,0.94,9.7,0.052,0.135,0.095,10.3,10.3,0.479,0.523,0.28,0.283,89.32,88.87,74.06,88.87,0.131,2910,347,756,7.4,16.1,0.459,140,106,277,166,62,41,27,27,230,259,259,77,77,77,180,239,273,211,147,184,120,119,143,149,22,25,357,384,384,49,15,17,17,17,120,1998-99
255,Grant Hill,Grant,1610612765,DET,26.0,50,29,21,0.58,37.0,103.5,104.3,104.3,99.1,98.7,98.7,4.4,5.6,5.6,0.324,1.63,20.7,0.039,0.17,0.105,12.7,12.7,0.479,0.543,0.291,0.295,89.59,89.4,74.5,89.4,0.179,3444,384,802,7.7,16.0,0.479,1,68,277,142,23,71,49,49,206,207,207,95,80,80,27,113,103,246,74,147,247,243,148,97,16,17,349,369,369,9,10,11,13,19,81,1998-99
3,Grant Long,Grant,1610612737,ATL,33.0,50,31,19,0.62,27.6,96.3,97.0,97.0,88.0,89.0,89.0,8.3,7.9,7.9,0.078,0.72,8.9,0.074,0.142,0.108,12.4,12.6,0.425,0.529,0.184,0.186,87.28,86.53,72.11,86.53,0.125,2492,151,359,3.0,7.2,0.421,1,50,245,114,125,286,251,251,20,31,31,45,51,51,274,293,299,147,134,137,229,233,300,130,222,231,417,433,433,65,140,130,168,166,230,1998-99
21,Greg Anthony,Greg,1610612757,POR,31.0,50,35,15,0.7,16.1,102.8,102.3,102.3,89.9,90.2,90.2,12.9,12.2,12.2,0.223,1.82,22.4,0.018,0.061,0.04,12.3,12.4,0.512,0.55,0.194,0.199,91.75,91.84,76.54,91.84,0.121,1540,104,251,2.1,5.0,0.414,1,13,172,50,257,87,95,95,28,37,37,17,19,19,81,84,91,358,385,389,227,229,66,76,183,185,229,248,248,72,195,194,236,230,248,1998-99
323,Greg Foster,Greg,1610612762,UTA,30.0,42,29,13,0.69,10.9,93.1,90.9,90.9,99.7,99.2,99.2,-6.6,-8.3,-8.3,0.103,1.04,12.7,0.067,0.122,0.096,12.2,12.2,0.38,0.401,0.173,0.18,88.47,89.77,74.81,89.77,0.036,853,52,138,1.2,3.3,0.377,197,68,134,59,326,352,368,368,233,223,223,323,344,344,212,208,204,166,180,174,216,221,368,388,263,256,387,350,350,365,275,266,318,301,334,1998-99
65,Greg Minor,Greg,1610612738,BOS,27.0,44,19,25,0.432,17.4,100.0,98.3,98.3,93.1,91.4,91.4,7.0,6.9,6.9,0.101,1.32,15.9,0.038,0.111,0.074,12.1,12.1,0.436,0.475,0.148,0.152,93.98,95.71,79.75,95.71,0.071,1524,85,204,1.9,4.6,0.417,177,185,347,280,241,164,199,199,58,45,45,55,61,61,215,165,149,247,216,230,206,212,263,285,333,332,112,104,104,274,219,220,248,248,241,1998-99
731,Greg Ostertag,Greg,1610612762,UTA,26.0,48,35,13,0.729,28.0,105.7,106.9,106.9,93.1,93.5,93.5,12.6,13.4,13.4,0.027,0.51,6.9,0.093,0.177,0.139,13.6,13.7,0.476,0.523,0.11,0.11,88.63,87.94,73.28,87.94,0.086,2454,99,208,2.1,4.3,0.476,114,13,134,38,123,37,22,22,57,78,78,19,14,14,388,342,342,79,54,53,297,298,156,150,413,418,385,415,415,215,202,215,238,255,90,1998-99
165,Hakeem Olajuwon,Hakeem,1610612745,HOU,36.0,50,31,19,0.62,35.7,100.7,101.2,101.2,98.7,99.0,99.0,2.0,2.3,2.3,0.097,0.63,8.1,0.065,0.203,0.138,12.9,13.0,0.517,0.559,0.259,0.262,90.98,90.62,75.52,90.62,0.156,3362,373,725,7.5,14.5,0.514,1,50,245,114,40,144,119,119,189,216,216,147,148,148,226,316,318,177,26,55,256,261,57,60,43,46,283,317,317,22,13,23,15,29,36,1998-99
265,Harvey Grant,Harvey,1610612755,PHI,33.0,47,27,20,0.574,16.9,98.3,97.8,97.8,94.8,93.3,93.3,3.5,4.4,4.4,0.048,1.1,10.2,0.045,0.098,0.071,9.3,9.3,0.372,0.404,0.114,0.117,90.53,91.5,76.25,91.5,0.039,1514,62,168,1.3,3.6,0.369,140,87,262,147,246,216,211,211,81,71,71,113,99,99,350,197,264,223,254,239,67,69,377,384,408,408,312,269,269,360,261,250,309,293,349,1998-99
906,Haywoode Workman,Haywoode,1610612749,MIL,33.0,29,16,13,0.552,28.1,103.8,104.0,104.0,99.6,100.4,100.4,4.2,3.7,3.7,0.323,2.73,40.3,0.02,0.112,0.068,14.8,14.8,0.479,0.524,0.145,0.147,91.09,90.62,75.52,90.62,0.115,1534,73,170,2.5,5.9,0.429,293,225,134,169,122,62,56,56,229,270,270,100,111,111,28,21,5,346,210,259,336,335,145,147,340,348,275,318,318,90,241,248,202,207,203,1998-99
1006,Herb Williams,Herb,1610612752,NYK,41.0,6,3,3,0.5,5.7,90.9,84.1,84.1,88.6,85.3,85.3,2.3,-1.2,-1.2,0.0,0.0,0.0,0.081,0.088,0.085,18.2,18.4,0.5,0.563,0.131,0.138,90.77,96.22,80.18,96.22,0.112,69,4,8,0.7,1.3,0.5,393,382,46,219,396,376,411,411,23,19,19,137,235,235,408,404,408,124,288,212,386,387,87,56,378,372,297,94,94,99,390,399,374,401,46,1998-99
765,Hersey Hawkins,Hersey,1610612760,SEA,32.0,50,25,25,0.5,32.9,103.3,104.4,104.4,101.5,101.4,101.4,1.7,3.0,3.0,0.119,1.54,18.5,0.031,0.094,0.062,12.0,12.0,0.487,0.554,0.146,0.15,92.15,91.68,76.4,91.68,0.097,3145,171,408,3.4,8.2,0.419,1,113,347,219,70,79,46,46,294,307,307,155,130,130,178,129,127,282,268,282,203,202,121,69,338,337,205,255,255,159,115,104,144,128,236,1998-99
270,Horace Grant,Horace,1610612753,ORL,33.0,50,33,17,0.66,33.1,95.9,97.5,97.5,95.5,96.0,96.0,0.4,1.5,1.5,0.095,2.05,14.4,0.07,0.146,0.107,7.1,7.1,0.434,0.455,0.146,0.147,90.96,89.98,74.98,89.98,0.101,3101,198,456,4.0,9.1,0.434,1,22,209,79,68,296,224,224,96,140,140,188,165,165,229,67,174,159,124,141,29,30,269,327,339,347,285,342,342,142,84,83,104,106,186,1998-99
73,Hot Rod Williams,Hot Rod,1610612742,DAL,36.0,25,7,18,0.28,16.1,91.3,90.9,90.9,103.0,101.6,101.6,-11.6,-10.8,-10.8,0.057,1.15,22.7,0.086,0.118,0.101,19.7,19.9,0.333,0.388,0.056,0.057,93.59,94.41,78.67,94.41,0.036,790,11,33,0.4,1.3,0.333,311,333,231,367,259,371,366,366,327,309,309,380,376,376,326,185,87,104,188,156,400,399,390,392,438,438,124,134,134,364,361,356,406,403,379,1998-99
458,Howard Eisley,Howard,1610612762,UTA,26.0,50,37,13,0.74,20.8,97.7,96.9,96.9,95.2,95.0,95.0,2.6,1.9,1.9,0.35,1.7,28.9,0.013,0.08,0.048,17.0,16.9,0.479,0.527,0.205,0.212,88.78,89.26,74.38,89.26,0.097,1932,140,314,2.8,6.3,0.446,1,1,134,27,206,235,254,254,87,105,105,129,158,158,18,103,44,387,325,351,379,378,146,138,145,144,381,376,376,156,156,157,186,194,152,1998-99
93,Hubert Davis,Hubert,1610612742,DAL,29.0,50,19,31,0.38,27.5,102.2,101.8,101.8,104.1,103.8,103.8,-1.9,-2.0,-2.0,0.108,1.56,15.8,0.002,0.063,0.032,10.1,10.1,0.52,0.545,0.156,0.162,91.18,91.49,76.24,91.49,0.07,2621,174,397,3.5,7.9,0.438,1,185,404,309,128,107,106,106,350,362,362,241,254,254,202,125,150,414,382,413,113,105,53,89,315,310,267,270,270,279,108,110,138,137,173,1998-99
1134,Ike Austin,Ike,1610612753,ORL,29.0,49,33,16,0.673,25.7,93.8,95.1,95.1,95.3,95.7,95.7,-1.5,-0.6,-0.6,0.128,0.78,12.2,0.066,0.123,0.094,15.7,15.7,0.411,0.457,0.232,0.234,90.87,90.11,75.09,90.11,0.072,2360,185,453,3.8,9.2,0.408,84,22,192,67,153,335,299,299,94,125,125,232,217,217,168,277,216,173,178,186,354,355,335,325,72,79,290,337,337,271,98,84,119,101,268,1998-99
375,Isaiah Rider,Isaiah,1610612757,POR,28.0,47,32,15,0.681,29.4,99.6,100.2,100.2,99.2,99.8,99.8,0.4,0.4,0.4,0.141,1.09,12.0,0.043,0.098,0.071,11.0,10.9,0.446,0.486,0.247,0.253,91.89,91.38,76.15,91.38,0.088,2636,249,605,5.3,12.9,0.412,140,42,172,65,105,175,147,147,211,243,243,187,189,189,151,199,221,234,253,240,156,151,232,261,52,52,222,274,274,205,50,41,53,48,258,1998-99
1764,J.R. Henderson,J.R.,1610612763,VAN,22.0,31,4,27,0.129,10.7,93.6,92.8,92.8,100.5,100.8,100.8,-6.9,-8.0,-8.0,0.128,1.22,13.9,0.06,0.087,0.073,11.4,11.6,0.375,0.419,0.186,0.189,88.44,88.65,73.87,88.65,0.047,615,35,96,1.1,3.1,0.365,280,370,367,417,330,342,341,341,262,285,285,327,341,341,169,174,180,189,299,236,174,183,372,372,219,219,389,392,392,342,307,298,325,310,357,1998-99
462,J.R. Reid,J.R.,1610612747,LAL,31.0,41,17,24,0.415,25.2,98.9,98.4,98.4,99.5,99.5,99.5,-0.6,-1.1,-1.1,0.081,0.94,10.8,0.048,0.157,0.106,11.5,11.7,0.477,0.547,0.179,0.18,92.89,93.07,77.55,93.07,0.096,1992,132,277,3.2,6.8,0.477,210,214,337,291,158,199,194,194,226,234,234,205,229,229,269,240,247,218,104,144,184,189,154,81,245,257,161,185,185,164,166,176,159,177,88,1998-99
1521,Jacque Vaughn,Jacque,1610612762,UTA,24.0,19,15,4,0.789,4.5,87.3,81.3,81.3,107.5,102.7,102.7,-20.1,-21.4,-21.4,0.316,0.86,17.6,0.011,0.114,0.063,20.6,21.0,0.4,0.542,0.264,0.276,95.65,101.36,84.47,101.36,0.091,182,11,30,0.6,1.6,0.367,337,237,55,15,414,401,418,418,398,341,341,411,418,418,32,259,133,396,206,277,406,407,348,99,40,30,62,28,28,182,361,362,383,393,352,1998-99
1751,Jahidi White,Jahidi,1610612764,WAS,23.0,20,6,14,0.3,9.5,96.6,97.1,97.1,101.0,98.7,98.7,-4.4,-1.6,-1.6,0.008,0.06,1.6,0.113,0.173,0.143,25.0,24.8,0.531,0.517,0.141,0.147,93.92,94.81,79.01,94.81,0.031,373,17,32,0.9,1.6,0.531,333,348,160,355,345,274,245,245,281,206,206,293,247,247,406,402,406,40,62,44,417,415,44,165,352,349,114,121,121,371,344,358,358,392,29,1998-99
147,Jalen Rose,Jalen,1610612754,IND,26.0,49,33,16,0.673,25.3,103.4,103.0,103.0,98.6,98.2,98.2,4.8,4.8,4.8,0.147,1.29,12.6,0.029,0.102,0.065,9.8,9.9,0.42,0.479,0.24,0.244,90.15,90.47,75.4,90.47,0.09,2331,200,496,4.1,10.1,0.403,84,22,192,67,157,76,83,83,182,194,194,88,94,94,148,167,205,290,239,272,90,91,315,271,58,60,331,325,325,186,82,69,99,85,280,1998-99
469,Jamal Mashburn,Jamal,1610612748,MIA,26.0,24,15,9,0.625,35.6,102.9,102.3,102.3,95.8,96.1,96.1,7.1,6.2,6.2,0.164,1.25,15.7,0.032,0.143,0.092,12.6,12.6,0.473,0.519,0.229,0.234,87.13,87.27,72.73,87.27,0.115,1551,134,297,5.6,12.4,0.451,315,237,94,109,41,86,96,96,105,142,142,53,68,68,134,172,153,272,131,196,237,234,163,159,80,78,420,426,426,93,164,165,47,52,139,1998-99
1526,James Cotton,James,1610612760,SEA,23.0,10,5,5,0.5,5.7,84.6,81.3,81.3,118.6,115.4,115.4,-34.0,-34.1,-34.1,0.0,0.0,0.0,0.03,0.114,0.074,10.0,10.4,0.333,0.482,0.211,0.214,105.43,109.04,90.87,109.04,0.061,128,6,18,0.6,1.8,0.333,377,360,66,219,397,419,419,419,426,427,427,429,430,430,408,404,408,284,202,234,96,122,390,267,126,136,12,14,14,311,375,378,380,381,379,1998-99
381,James Robinson,James,1610612750,MIN,28.0,31,4,27,0.129,16.4,95.1,95.8,95.8,104.6,102.0,102.0,-9.6,-6.2,-6.2,0.204,1.27,18.5,0.032,0.096,0.061,14.6,14.5,0.419,0.451,0.207,0.213,92.05,92.82,77.35,92.82,0.063,987,67,185,2.2,6.0,0.362,280,370,367,417,251,315,283,283,357,322,322,356,318,318,90,169,125,274,260,285,327,324,322,336,139,142,211,195,195,306,250,232,229,203,362,1998-99
994,Jamie Feick,Jamie,1610612751,NJN,24.0,28,14,14,0.5,30.4,105.6,105.6,105.6,106.2,105.0,105.0,-0.5,0.6,0.6,0.042,0.71,11.1,0.125,0.227,0.173,15.7,15.6,0.5,0.552,0.098,0.101,93.36,93.88,78.23,93.88,0.096,1662,67,134,2.4,4.8,0.5,296,245,160,219,92,38,31,31,380,381,381,203,187,187,368,297,242,20,12,8,355,353,87,74,425,425,135,152,152,161,250,269,213,241,46,1998-99
320,Jamie Watson,Jamie,1610612748,MIA,27.0,3,2,1,0.667,5.9,121.4,105.7,105.7,83.5,75.7,75.7,37.9,30.0,30.0,0.1,1.0,25.0,0.0,0.042,0.027,25.0,25.0,0.5,0.5,0.079,0.087,87.52,98.46,82.05,98.46,0.02,35,1,2,0.3,0.7,0.5,409,392,9,73,393,6,30,30,13,11,11,5,4,4,220,212,67,415,410,419,417,417,87,211,433,433,410,53,53,387,413,422,412,430,46,1998-99
1114,Jaren Jackson,Jaren,1610612759,SAS,31.0,47,34,13,0.723,18.3,100.3,99.8,99.8,88.0,87.1,87.1,12.4,12.7,12.7,0.099,1.32,12.7,0.025,0.084,0.056,9.6,9.6,0.474,0.5,0.176,0.181,91.88,92.56,77.13,92.56,0.089,1655,108,284,2.3,6.0,0.38,140,17,134,42,234,153,156,156,19,24,24,20,17,17,224,164,203,311,307,310,82,81,161,216,254,249,223,210,210,199,191,172,221,199,321,1998-99
679,Jason Caffey,Jason,1610612744,GSW,26.0,35,14,21,0.4,25.0,93.5,92.9,92.9,98.5,97.1,97.1,-5.0,-4.2,-4.2,0.037,0.24,4.3,0.085,0.146,0.115,18.1,18.2,0.444,0.481,0.203,0.208,88.65,89.57,74.64,89.57,0.06,1631,123,277,3.5,7.9,0.444,258,245,277,296,159,345,339,339,177,166,166,300,297,297,378,387,388,110,123,120,385,386,239,269,152,153,384,359,359,313,175,176,136,138,159,1998-99
467,Jason Kidd,Jason,1610612756,PHX,26.0,50,27,23,0.54,41.3,105.0,105.3,105.3,98.5,100.3,100.3,6.5,5.0,5.0,0.431,3.59,36.2,0.044,0.126,0.085,10.1,10.1,0.476,0.527,0.21,0.213,93.01,92.09,76.74,92.09,0.164,3966,310,698,6.2,14.0,0.444,1,87,315,180,2,43,36,36,181,263,263,61,91,91,7,5,13,228,171,208,103,100,155,141,132,143,156,239,239,18,22,27,32,34,157,1998-99
987,Jason Sasser,Jason,1610612763,VAN,25.0,6,3,3,0.5,6.5,87.0,85.3,85.3,97.4,94.7,94.7,-10.4,-9.3,-9.3,0.1,1.0,12.5,0.054,0.161,0.103,12.5,12.6,0.455,0.463,0.175,0.177,89.52,91.64,76.37,91.64,0.072,75,5,11,0.8,1.8,0.455,393,382,46,219,381,406,406,406,149,97,97,370,361,361,220,212,208,204,95,150,230,239,206,307,256,268,351,258,258,269,381,394,359,379,127,1998-99
1715,Jason Williams,Jason,1610612758,SAC,23.0,50,27,23,0.54,36.1,99.5,100.2,100.2,100.9,101.8,101.8,-1.4,-1.6,-1.6,0.243,2.09,27.2,0.007,0.07,0.039,13.0,12.9,0.455,0.483,0.183,0.186,100.6,99.74,83.11,99.74,0.086,3761,231,617,4.6,12.3,0.374,1,87,315,180,35,179,144,144,274,315,315,221,245,245,72,62,57,407,362,397,265,259,204,265,229,232,22,40,40,214,60,39,76,53,340,1998-99
420,Jayson Williams,Jayson,1610612751,NJN,31.0,30,6,24,0.2,34.0,93.4,93.8,93.8,99.1,98.7,98.7,-5.7,-4.9,-4.9,0.054,0.72,9.9,0.132,0.209,0.169,13.7,13.8,0.445,0.474,0.129,0.13,93.74,93.75,78.12,93.75,0.1,1987,97,218,3.2,7.3,0.445,287,348,337,391,56,346,329,329,209,208,208,306,303,303,333,292,270,16,21,10,300,300,236,288,383,390,120,161,161,143,204,210,156,161,155,1998-99
204,Jeff Hornacek,Jeff,1610612762,UTA,36.0,48,36,12,0.75,29.9,107.5,108.8,108.8,95.8,96.3,96.3,11.6,12.4,12.4,0.231,2.34,25.0,0.027,0.088,0.06,10.7,10.5,0.514,0.575,0.188,0.196,90.13,89.36,74.47,89.36,0.128,2673,214,449,4.5,9.4,0.477,114,8,123,21,97,26,14,14,106,151,151,21,18,18,76,42,67,302,291,291,135,124,61,39,207,196,333,373,373,57,75,87,83,98,87,1998-99
976,Jeff McInnis,Jeff,1610612764,WAS,24.0,35,12,23,0.343,12.1,92.9,91.5,91.5,101.3,98.6,98.6,-8.4,-7.1,-7.1,0.317,2.43,29.1,0.02,0.03,0.025,12.0,12.0,0.407,0.444,0.188,0.193,91.26,93.25,77.7,93.25,0.072,820,50,134,1.4,3.8,0.373,258,272,315,335,304,356,357,357,287,204,204,346,334,334,30,35,41,342,417,422,201,206,341,351,208,206,264,176,176,272,280,269,295,282,341,1998-99
1852,Jeff Sheppard,Jeff,1610612737,ATL,24.0,17,9,8,0.529,10.8,91.1,89.6,89.6,94.0,90.7,90.7,-2.9,-1.1,-1.1,0.157,2.29,23.5,0.031,0.087,0.059,10.3,10.3,0.41,0.447,0.126,0.13,90.34,92.76,77.3,92.76,0.064,355,15,39,0.9,2.3,0.385,346,304,85,195,328,374,377,377,73,40,40,259,230,230,137,44,84,279,296,294,122,121,336,342,391,391,321,199,199,301,346,350,353,353,315,1998-99
1741,Jelani McCoy,Jelani,1610612760,SEA,21.0,26,14,12,0.538,12.6,100.3,96.8,96.8,106.9,106.8,106.8,-6.6,-10.0,-10.0,0.023,0.4,3.7,0.086,0.152,0.12,9.2,9.2,0.737,0.704,0.14,0.147,94.36,96.06,80.05,96.06,0.125,655,56,76,2.2,2.9,0.737,307,245,123,189,294,155,259,259,393,400,400,322,371,371,399,366,393,104,115,107,62,63,5,4,356,346,101,96,96,64,270,317,232,320,5,1998-99
1532,Jerald Honeycutt,Jerald,1610612755,PHI,24.0,16,7,9,0.438,6.3,88.9,85.3,85.3,100.0,98.1,98.1,-11.1,-12.8,-12.8,0.067,0.33,6.1,0.026,0.088,0.055,18.4,18.6,0.359,0.412,0.192,0.2,95.17,98.07,81.73,98.07,-0.006,204,9,32,0.6,2.0,0.281,350,333,94,276,385,391,407,407,242,192,192,375,396,396,302,369,359,305,288,318,391,391,381,374,194,177,75,59,59,407,366,358,388,366,407,1998-99
979,Jermaine O'Neal,Jermaine,1610612757,POR,20.0,36,27,9,0.75,8.6,96.5,93.8,93.8,104.2,100.3,100.3,-7.7,-6.5,-6.5,0.07,0.93,10.2,0.128,0.169,0.148,11.0,11.2,0.434,0.457,0.159,0.164,93.21,96.36,80.3,96.36,0.08,617,36,83,1.0,2.3,0.434,246,87,94,21,360,276,327,327,354,266,266,336,326,326,297,243,262,18,79,31,161,164,271,324,309,305,147,90,90,244,303,310,339,352,187,1998-99
1744,Jerome James,Jerome,1610612758,SAC,23.0,16,8,8,0.5,2.6,76.5,74.2,74.2,97.0,92.6,92.6,-20.5,-18.4,-18.4,0.053,0.11,2.6,0.102,0.229,0.159,23.1,22.9,0.375,0.41,0.325,0.338,105.99,110.09,91.75,110.09,0.038,97,9,24,0.6,1.5,0.375,350,321,85,219,429,428,427,427,139,58,58,413,411,411,336,399,402,60,9,18,412,412,372,375,8,7,10,12,12,363,366,368,388,397,337,1998-99
760,Jerome Kersey,Jerome,1610612759,SAS,37.0,45,33,12,0.733,15.6,95.8,96.2,96.2,88.3,88.2,88.2,7.5,8.1,8.1,0.099,1.37,14.7,0.061,0.121,0.092,10.8,10.8,0.348,0.352,0.154,0.157,89.32,89.22,74.35,89.22,0.046,1299,68,200,1.5,4.4,0.34,170,22,123,37,266,301,274,274,22,27,27,47,48,48,225,156,169,185,182,195,141,139,387,404,319,320,358,378,378,347,248,223,290,252,378,1998-99
966,Jerome Williams,Jerome,1610612765,DET,26.0,50,29,21,0.58,23.1,101.8,100.9,100.9,98.8,97.9,97.9,3.0,3.0,3.0,0.036,0.56,6.0,0.146,0.185,0.165,10.8,10.7,0.5,0.558,0.144,0.149,86.67,87.45,72.88,87.45,0.126,2094,124,248,2.5,5.0,0.5,1,68,277,142,176,117,127,127,195,188,188,118,129,129,380,331,362,12,45,14,137,135,87,63,343,341,429,421,421,60,174,197,204,233,46,1998-99
711,Jerry Stackhouse,Jerry,1610612765,DET,24.0,42,24,18,0.571,28.3,98.9,98.7,98.7,98.3,97.8,97.8,0.6,1.0,1.0,0.198,0.98,14.1,0.023,0.072,0.048,14.4,14.5,0.407,0.509,0.273,0.279,91.18,91.51,76.26,91.51,0.1,2266,181,488,4.3,11.6,0.371,197,128,231,149,115,195,184,184,171,181,181,184,178,178,96,229,177,327,356,353,322,323,340,185,27,28,266,268,268,144,102,73,92,62,344,1998-99
754,Jim Jackson,Jim,1610612757,POR,28.0,49,34,15,0.694,24.0,101.9,102.5,102.5,92.3,92.7,92.7,9.7,9.8,9.8,0.188,1.56,20.7,0.032,0.105,0.069,13.2,13.1,0.445,0.499,0.187,0.192,92.51,92.04,76.7,92.04,0.107,2261,152,370,3.1,7.6,0.411,84,17,172,56,166,115,92,92,41,60,60,36,38,38,108,126,102,276,233,250,278,272,238,217,215,207,183,241,241,117,139,126,164,148,262,1998-99
29,Jim McIlvaine,Jim,1610612751,NJN,26.0,22,4,18,0.182,12.2,90.1,89.6,89.6,93.8,89.7,89.7,-3.7,-0.1,-0.1,0.013,0.15,3.0,0.1,0.084,0.093,19.4,18.9,0.431,0.447,0.102,0.107,95.71,98.11,81.75,98.11,0.016,541,22,51,1.0,2.3,0.431,326,370,231,400,300,381,375,375,70,35,35,279,202,202,404,396,400,64,309,192,397,393,275,341,422,420,60,57,57,396,333,341,339,351,195,1998-99
1429,Jimmy Oliver,Jimmy,1610612756,PHX,29.0,2,0,2,0.0,5.5,127.5,127.3,127.3,125.4,127.3,127.3,2.1,0.0,0.0,0.0,0.0,0.0,0.0,0.0,0.0,0.0,0.0,0.5,0.5,0.13,0.131,97.5,96.88,80.73,96.88,-0.019,22,1,3,0.5,1.5,0.333,418,423,25,423,401,4,3,3,430,432,432,143,195,195,408,404,408,415,423,427,1,1,87,211,379,388,37,78,78,410,413,420,392,397,379,1998-99
247,Joe Dumars,Joe,1610612765,DET,36.0,38,23,15,0.605,29.5,103.8,103.6,103.6,99.8,99.0,99.0,4.0,4.6,4.6,0.2,2.53,23.8,0.012,0.055,0.033,9.4,9.4,0.539,0.568,0.181,0.186,87.84,88.26,73.55,88.26,0.096,2062,144,350,3.8,9.2,0.411,227,138,172,127,104,63,65,65,238,219,219,105,98,98,95,32,79,393,397,411,75,75,37,48,238,236,401,403,403,162,149,135,116,104,259,1998-99
170,Joe Kleine,Joe,1610612756,PHX,37.0,31,16,15,0.516,12.1,102.5,101.0,101.0,110.2,110.2,110.2,-7.8,-9.2,-9.2,0.05,1.2,11.8,0.075,0.116,0.095,9.8,9.9,0.405,0.429,0.111,0.113,88.73,89.37,74.48,89.37,0.03,696,30,74,1.0,2.4,0.405,280,225,172,212,306,96,123,123,414,421,421,337,358,358,342,176,228,141,196,178,91,92,343,364,411,410,382,370,370,374,322,320,347,347,271,1998-99
693,Joe Smith,Joe,1610612750,MIN,23.0,43,20,23,0.465,33.0,97.8,99.5,99.5,96.9,97.5,97.5,1.0,1.9,1.9,0.079,1.03,9.2,0.097,0.141,0.118,8.9,8.9,0.427,0.486,0.204,0.206,94.36,93.25,77.71,93.25,0.104,2743,223,522,5.2,12.1,0.427,188,173,315,262,69,232,161,161,135,175,175,177,157,157,271,210,287,71,136,112,55,55,292,260,149,158,100,175,175,131,66,61,58,54,213,1998-99
341,Joe Wolf,Joe,1610612766,CHH,34.0,3,1,2,0.333,3.8,87.0,69.6,69.6,135.9,137.5,137.5,-49.0,-67.9,-67.9,0.0,0.0,0.0,0.0,0.091,0.04,0.0,0.0,0.0,0.0,0.077,0.088,90.16,99.28,82.73,99.28,-0.239,23,0,1,0.0,0.3,0.0,409,408,25,337,419,406,430,430,433,436,436,435,439,439,408,404,408,415,275,390,1,1,428,432,434,432,330,43,43,434,428,427,428,437,428,1998-99
715,John Coker,John,1610612764,WAS,27.0,14,4,10,0.286,7.1,86.0,85.5,85.5,111.5,106.3,106.3,-25.5,-20.7,-20.7,0.0,0.0,0.0,0.055,0.172,0.102,5.7,5.6,0.419,0.461,0.143,0.15,97.46,100.08,83.4,100.08,0.041,207,13,31,0.9,2.2,0.419,362,370,106,360,378,412,404,404,421,390,390,420,417,417,408,404,408,203,68,152,20,20,321,318,345,336,38,35,35,356,354,361,350,356,234,1998-99
180,John Crotty,John,1610612760,SEA,29.0,27,14,13,0.519,14.2,98.4,95.6,95.6,106.3,104.6,104.6,-7.9,-9.0,-9.0,0.283,1.91,25.8,0.023,0.06,0.042,13.5,13.6,0.468,0.545,0.204,0.212,96.0,98.2,81.83,98.2,0.097,788,51,124,1.9,4.6,0.411,300,245,134,210,279,214,290,290,384,375,375,340,356,356,51,79,62,331,387,377,295,296,177,92,151,146,55,56,56,158,278,277,253,249,260,1998-99
317,John Starks,John,1610612744,GSW,33.0,50,21,29,0.42,33.7,97.3,97.3,97.3,100.1,99.8,99.8,-2.9,-2.5,-2.5,0.245,2.83,21.5,0.018,0.077,0.046,7.6,7.6,0.423,0.447,0.222,0.225,91.64,91.75,76.46,91.75,0.092,3220,269,728,5.4,14.6,0.37,1,161,392,285,60,251,232,232,254,245,245,258,262,262,71,19,97,361,339,359,35,34,306,343,93,100,234,252,252,181,38,22,50,28,348,1998-99
304,John Stockton,John,1610612762,UTA,37.0,50,37,13,0.74,28.2,106.5,107.5,107.5,95.3,95.4,95.4,11.2,12.1,12.1,0.457,3.4,38.8,0.026,0.081,0.056,11.4,11.4,0.507,0.571,0.198,0.202,89.91,89.44,74.54,89.44,0.169,2617,200,410,4.0,8.2,0.488,1,1,134,27,119,31,20,20,92,116,116,23,20,20,4,6,7,306,322,311,175,173,76,45,168,172,341,368,368,13,82,103,102,126,64,1998-99
1519,John Thomas,John,1610612761,TOR,23.0,39,18,21,0.462,15.2,102.1,100.9,100.9,95.9,94.9,94.9,6.1,6.0,6.0,0.042,0.71,8.3,0.114,0.114,0.114,11.6,11.7,0.577,0.586,0.124,0.127,91.47,92.53,77.11,92.53,0.074,1130,71,123,1.8,3.2,0.577,218,201,277,263,268,111,129,129,109,102,102,70,71,71,369,294,314,39,201,126,186,187,14,26,395,395,247,213,213,264,245,280,259,307,12,1998-99
961,John Wallace,John,1610612761,TOR,25.0,48,21,27,0.438,16.9,100.5,99.4,99.4,104.8,103.1,103.1,-4.3,-3.7,-3.7,0.113,0.66,8.5,0.067,0.143,0.106,13.0,13.1,0.432,0.489,0.269,0.276,91.41,92.67,77.23,92.67,0.092,1561,153,354,3.2,7.4,0.432,114,161,367,276,245,149,162,162,360,349,349,291,286,286,188,310,306,163,132,145,264,268,273,245,33,31,253,204,204,178,138,134,162,158,190,1998-99
271,Johnny Newman,Johnny,1610612739,CLE,35.0,50,22,28,0.44,19.0,94.8,95.0,95.0,95.9,96.5,96.5,-1.1,-1.5,-1.5,0.087,1.0,11.1,0.019,0.07,0.045,11.1,11.1,0.468,0.526,0.171,0.176,87.22,86.83,72.36,86.83,0.054,1716,106,251,2.1,5.0,0.422,1,152,381,272,227,320,301,301,107,152,152,213,241,241,250,212,241,353,364,368,167,159,175,142,273,269,418,429,429,326,194,194,233,230,222,1998-99
1511,Johnny Taylor,Johnny,1610612743,DEN,25.0,36,10,26,0.278,20.1,101.3,100.8,100.8,105.3,106.0,106.0,-3.9,-5.2,-5.2,0.055,0.71,9.1,0.04,0.101,0.07,12.9,12.8,0.48,0.497,0.149,0.154,92.45,92.35,76.96,92.35,0.044,1393,82,198,2.3,5.5,0.414,246,289,358,371,217,134,131,131,366,388,388,284,309,309,331,297,291,242,242,245,257,250,142,223,327,328,185,221,221,353,224,226,222,218,249,1998-99
468,Jon Barry,Jon,1610612758,SAC,29.0,43,23,20,0.535,17.1,103.7,103.1,103.1,97.7,97.8,97.8,6.0,5.3,5.3,0.226,2.38,33.9,0.034,0.088,0.062,14.2,14.1,0.514,0.609,0.127,0.133,96.71,96.96,80.8,96.96,0.117,1489,59,138,1.4,3.2,0.428,188,138,262,190,243,66,81,81,159,183,183,73,86,86,80,40,18,265,294,281,316,308,60,17,387,385,43,76,76,85,265,266,300,304,212,1998-99
1801,Jonathan Kerner,Jonathan,1610612753,ORL,25.0,1,0,1,0.0,4.5,112.7,122.2,122.2,111.4,100.0,100.0,1.3,22.2,22.2,0.0,0.0,0.0,0.0,0.0,0.0,0.0,0.0,0.0,0.0,0.091,0.093,94.45,95.29,79.41,95.29,-0.273,9,0,1,0.0,1.0,0.0,431,423,9,423,415,11,4,4,420,249,249,164,9,9,408,404,408,415,423,427,1,1,428,432,429,429,95,110,110,435,428,427,428,412,428,1998-99
146,Jud Buechler,Jud,1610612765,DET,31.0,50,29,21,0.58,21.1,98.1,97.7,97.7,96.3,94.6,94.6,1.8,3.1,3.1,0.097,2.71,17.5,0.028,0.106,0.066,6.4,6.4,0.544,0.553,0.116,0.119,88.99,89.99,74.99,89.99,0.09,1982,100,240,2.0,4.8,0.417,1,68,277,142,200,222,214,214,121,94,94,152,125,125,227,25,135,296,230,271,24,24,30,71,405,407,372,341,341,188,200,199,242,239,241,1998-99
436,Juwan Howard,Juwan,1610612764,WAS,26.0,36,14,22,0.389,39.8,97.3,97.9,97.9,99.8,100.8,100.8,-2.5,-2.9,-2.9,0.144,1.13,12.3,0.066,0.148,0.107,10.9,10.9,0.474,0.511,0.245,0.249,92.05,91.31,76.09,91.31,0.125,2726,287,605,8.0,16.8,0.474,246,245,294,303,8,248,209,209,235,283,283,248,271,271,149,195,215,172,119,142,152,145,158,179,54,55,210,276,276,66,33,41,9,15,92,1998-99
252,Karl Malone,Karl,1610612762,UTA,35.0,49,36,13,0.735,37.4,106.4,107.3,107.3,96.5,97.0,97.0,9.9,10.3,10.3,0.221,1.24,14.7,0.07,0.193,0.137,11.8,11.8,0.493,0.577,0.303,0.306,90.13,89.5,74.58,89.5,0.196,3416,393,797,8.0,16.3,0.493,84,8,134,35,21,32,21,21,126,165,165,31,29,29,82,173,172,157,36,57,197,197,109,34,12,12,332,366,366,6,7,12,7,16,61,1998-99
173,Keith Askins,Keith,1610612748,MIA,31.0,33,20,13,0.606,12.6,101.8,101.8,101.8,92.3,90.2,90.2,9.5,11.7,11.7,0.038,0.77,11.2,0.026,0.082,0.055,14.6,14.7,0.387,0.404,0.09,0.092,87.06,88.05,73.37,88.05,0.004,758,20,62,0.6,1.9,0.323,271,173,134,126,296,118,104,104,43,38,38,38,23,23,376,280,237,308,317,320,330,331,363,380,430,430,423,414,414,402,338,326,379,375,391,1998-99
1522,Keith Booth,Keith,1610612741,CHI,24.0,39,9,30,0.231,11.0,84.8,83.6,83.6,103.3,101.0,101.0,-18.5,-17.4,-17.4,0.172,0.97,15.4,0.055,0.169,0.109,15.8,15.8,0.328,0.354,0.219,0.227,92.27,94.05,78.37,94.05,0.038,840,49,151,1.3,3.9,0.325,218,304,399,386,324,418,412,412,335,291,291,407,408,408,123,230,156,201,78,136,357,357,396,403,102,96,198,146,146,362,284,258,315,279,389,1998-99
1569,Keith Closs,Keith,1610612746,LAC,23.0,15,2,13,0.133,5.7,101.4,101.1,101.1,111.1,106.3,106.3,-9.8,-5.1,-5.1,0.0,0.0,0.0,0.057,0.241,0.147,17.6,18.0,0.522,0.584,0.169,0.17,95.39,97.63,81.36,97.63,0.115,174,12,23,0.8,1.5,0.522,358,392,134,414,394,132,120,120,419,392,392,364,308,308,408,404,408,197,5,34,381,382,48,27,281,291,70,65,65,91,359,369,363,395,31,1998-99
1496,Keith Van Horn,Keith,1610612751,NJN,23.0,42,14,28,0.333,37.5,95.9,96.6,96.6,100.0,100.3,100.3,-4.1,-3.7,-3.7,0.082,0.49,6.0,0.067,0.158,0.11,12.3,12.3,0.439,0.519,0.28,0.283,94.76,94.26,78.55,94.26,0.133,3093,322,752,7.7,17.9,0.428,197,245,381,337,20,297,264,264,248,267,267,286,285,285,266,350,364,165,102,132,223,226,256,162,21,24,85,139,139,44,19,18,14,7,208,1998-99
1820,Kelly McCarty,Kelly,1610612743,DEN,23.0,2,1,1,0.5,2.1,60.7,60.0,60.0,54.3,50.0,50.0,6.4,10.0,10.0,0.0,0.0,0.0,0.25,0.071,0.136,40.0,40.0,0.667,0.667,0.357,0.388,108.17,113.39,94.49,113.39,3.0,10,2,3,1.0,1.5,0.667,418,408,9,219,432,437,436,436,2,2,2,64,32,32,408,404,408,3,358,58,436,436,6,8,3,4,7,9,9,2,404,420,339,397,6,1998-99
1509,Kelvin Cato,Kelvin,1610612757,POR,24.0,43,29,14,0.674,12.7,99.0,97.0,97.0,90.4,89.7,89.7,8.6,7.3,7.3,0.059,0.7,9.2,0.089,0.173,0.132,13.0,13.2,0.453,0.476,0.149,0.154,94.42,95.75,79.79,95.75,0.083,1081,58,129,1.3,3.0,0.45,188,68,160,66,291,190,248,248,29,34,34,42,56,56,317,300,289,92,65,68,267,274,210,281,326,327,97,102,102,234,269,273,303,312,144,1998-99
383,Kendall Gill,Kendall,1610612751,NJN,31.0,50,16,34,0.32,32.2,96.4,97.0,97.0,101.7,101.2,101.2,-5.3,-4.2,-4.2,0.136,1.73,14.3,0.035,0.117,0.074,8.2,8.3,0.4,0.441,0.198,0.201,94.37,94.34,78.61,94.34,0.09,3156,236,593,4.7,11.9,0.398,1,225,420,348,76,282,250,250,298,301,301,302,299,299,157,100,175,255,193,233,48,48,351,353,167,173,99,136,136,189,58,48,73,60,292,1998-99
72,Kenny Anderson,Kenny,1610612738,BOS,28.0,34,12,22,0.353,29.7,97.4,97.5,97.5,103.8,104.1,104.1,-6.4,-6.5,-6.5,0.316,2.72,29.0,0.022,0.082,0.051,10.7,10.7,0.459,0.513,0.201,0.205,94.96,94.74,78.95,94.74,0.117,1994,161,357,4.7,10.5,0.451,265,272,294,333,102,246,221,221,339,366,366,321,327,327,31,24,43,332,319,341,134,134,196,174,156,164,81,125,125,84,133,132,72,80,140,1998-99
1721,Keon Clark,Keon,1610612743,DEN,24.0,28,8,20,0.286,14.6,99.1,96.9,96.9,102.1,101.9,101.9,-3.0,-5.0,-5.0,0.044,0.48,7.8,0.091,0.152,0.122,16.4,16.5,0.45,0.483,0.129,0.133,92.6,93.79,78.16,93.79,0.066,796,36,80,1.3,2.9,0.45,296,321,262,360,273,188,257,257,309,318,318,260,306,306,360,352,325,82,113,98,367,368,217,266,381,384,175,159,159,297,303,312,311,323,143,1998-99
954,Kerry Kittles,Kerry,1610612751,NJN,25.0,46,14,32,0.304,34.2,93.8,94.1,94.1,102.6,102.2,102.2,-8.8,-8.1,-8.1,0.13,1.76,13.7,0.03,0.091,0.058,7.8,7.8,0.411,0.446,0.199,0.203,95.48,95.57,79.64,95.57,0.085,3127,227,613,4.9,13.3,0.37,158,245,412,353,53,334,322,322,315,326,326,351,343,343,166,95,185,287,274,297,41,40,334,344,166,167,68,107,107,222,64,40,66,44,347,1998-99
708,Kevin Garnett,Kevin,1610612750,MIN,23.0,47,24,23,0.511,37.9,99.9,101.1,101.1,97.7,98.8,98.8,2.3,2.3,2.3,0.206,1.5,15.2,0.086,0.186,0.133,10.1,10.2,0.462,0.493,0.276,0.278,94.7,93.59,77.99,93.59,0.156,3467,414,900,8.8,19.1,0.46,140,128,315,216,17,166,121,121,157,210,210,138,147,147,88,139,161,106,44,65,112,112,189,236,26,29,86,166,166,21,5,3,4,2,119,1998-99
1563,Kevin Ollie,Kevin,1610612753,ORL,26.0,8,4,4,0.5,9.0,92.9,89.2,89.2,100.9,97.9,97.9,-8.0,-8.8,-8.8,0.065,1.0,13.0,0.0,0.096,0.046,13.0,13.0,0.286,0.381,0.113,0.12,94.38,97.8,81.5,97.8,0.014,148,4,14,0.5,1.8,0.286,382,370,55,219,353,355,382,382,277,189,189,342,351,351,306,212,196,415,258,362,267,264,404,395,409,403,98,64,64,397,390,385,392,382,401,1998-99
788,Kevin Willis,Kevin,1610612761,TOR,36.0,42,18,24,0.429,29.0,95.9,96.1,96.1,99.6,99.6,99.6,-3.7,-3.5,-3.5,0.107,0.78,9.9,0.089,0.203,0.145,12.8,12.9,0.418,0.489,0.226,0.228,90.29,90.2,75.16,90.2,0.116,2290,187,447,4.5,10.6,0.418,197,201,337,281,108,298,280,280,228,238,238,280,283,283,203,278,269,91,27,41,251,253,323,246,85,91,323,334,334,89,92,88,84,79,237,1998-99
234,Khalid Reeves,Khalid,1610612765,DET,26.0,11,6,5,0.545,10.1,97.2,97.2,97.2,96.9,94.3,94.3,0.3,2.9,2.9,0.18,1.57,23.9,0.024,0.041,0.032,15.2,15.5,0.405,0.46,0.136,0.137,89.72,90.93,75.78,90.93,0.025,214,8,21,0.7,1.9,0.381,373,348,66,175,336,252,240,240,136,89,89,189,131,131,117,122,77,320,413,414,350,351,345,321,366,377,346,300,300,382,368,370,370,373,318,1998-99
977,Kobe Bryant,Kobe,1610612747,LAL,20.0,50,31,19,0.62,37.9,104.1,105.2,105.2,101.4,102.6,102.6,2.7,2.6,2.6,0.176,1.21,15.3,0.029,0.111,0.071,12.6,12.5,0.482,0.549,0.249,0.254,94.21,93.17,77.65,93.17,0.131,3676,362,779,7.2,15.6,0.465,1,50,245,114,15,53,39,39,290,336,336,125,140,140,120,175,159,288,218,242,244,232,136,77,51,50,105,178,178,48,14,13,18,21,108,1998-99
1748,Korleone Young,Korleone,1610612765,DET,20.0,3,0,3,0.0,5.3,97.1,93.5,93.5,70.1,64.5,64.5,26.9,29.0,29.0,0.125,1.0,7.7,0.118,0.133,0.125,7.7,7.8,0.55,0.597,0.333,0.341,88.95,94.44,78.7,94.44,0.203,31,5,10,1.7,3.3,0.5,409,423,46,423,404,259,334,334,4,5,5,7,6,6,173,212,328,34,152,88,36,37,25,21,4,5,374,131,131,5,381,396,276,299,46,1998-99
1600,Kornel David,Kornel,1610612741,CHI,27.0,50,13,37,0.26,18.0,87.0,87.9,87.9,102.1,100.7,100.7,-15.2,-12.8,-12.8,0.087,0.83,10.6,0.074,0.124,0.097,12.7,12.6,0.449,0.528,0.171,0.175,92.44,92.59,77.16,92.59,0.092,1728,109,243,2.2,4.9,0.449,1,264,426,376,238,405,393,393,310,281,281,401,397,397,252,264,256,144,176,165,246,241,224,134,274,276,188,207,207,180,190,198,227,237,146,1998-99
703,Kurt Thomas,Kurt,1610612752,NYK,26.0,50,27,23,0.54,23.6,91.5,91.8,91.8,92.1,92.0,92.0,-0.7,-0.2,-0.2,0.091,0.75,10.1,0.076,0.179,0.129,13.4,13.4,0.462,0.489,0.196,0.2,89.64,89.56,74.63,89.56,0.094,2199,170,368,3.4,7.4,0.462,1,87,315,180,169,368,351,351,39,50,50,206,206,206,247,286,265,137,53,77,290,287,190,248,175,178,347,362,362,170,117,128,147,159,114,1998-99
111,LaPhonso Ellis,LaPhonso,1610612737,ATL,29.0,20,11,9,0.55,27.0,94.4,95.1,95.1,93.1,95.1,95.1,1.2,0.0,0.0,0.065,0.53,6.6,0.045,0.153,0.099,12.5,12.6,0.424,0.47,0.213,0.216,90.56,89.25,74.38,89.25,0.088,1004,80,190,4.0,9.5,0.421,333,279,94,172,134,326,297,297,59,107,107,167,197,197,305,337,350,225,110,164,236,242,305,298,117,129,310,377,377,200,228,229,102,95,228,1998-99
441,Lamond Murray,Lamond,1610612746,LAC,26.0,50,9,41,0.18,26.3,94.8,95.2,95.2,108.1,107.8,107.8,-13.3,-12.6,-12.6,0.089,0.62,7.5,0.043,0.115,0.076,12.2,12.3,0.42,0.473,0.25,0.254,92.76,92.69,77.24,92.69,0.086,2548,226,578,4.5,11.6,0.391,1,304,434,401,143,319,296,296,403,409,409,393,395,395,249,320,332,232,200,224,220,225,314,290,49,51,165,203,203,213,65,49,82,63,308,1998-99
1716,Larry Hughes,Larry,1610612755,PHI,20.0,50,28,22,0.56,19.8,97.1,95.3,95.3,96.1,94.4,94.4,1.0,0.9,0.9,0.15,1.13,12.2,0.081,0.108,0.094,10.8,10.9,0.42,0.474,0.239,0.246,93.01,94.76,78.97,94.76,0.109,1949,170,414,3.4,8.3,0.411,1,76,294,155,223,256,294,294,113,91,91,175,180,180,144,194,217,123,226,187,143,143,316,289,61,57,155,124,124,111,117,99,147,120,263,1998-99
913,Larry Johnson,Larry,1610612752,NYK,30.0,49,26,23,0.531,33.5,96.8,97.6,97.6,92.8,93.5,93.5,4.0,4.1,4.1,0.135,1.34,16.1,0.061,0.115,0.09,12.1,12.1,0.495,0.554,0.18,0.182,89.3,88.56,73.8,88.56,0.11,3018,210,458,4.3,9.3,0.459,84,106,315,194,65,269,219,219,51,77,77,104,103,103,158,161,146,184,199,198,205,207,105,68,243,246,359,394,394,107,78,82,94,100,122,1998-99
84,Latrell Sprewell,Latrell,1610612752,NYK,28.0,37,18,19,0.486,33.4,99.4,99.2,99.2,100.9,101.4,101.4,-1.5,-2.2,-2.2,0.148,1.15,11.7,0.035,0.096,0.066,10.2,10.2,0.435,0.503,0.259,0.263,88.95,88.84,74.03,88.84,0.12,2289,215,518,5.8,14.0,0.415,238,201,245,251,66,181,168,168,278,306,306,234,256,256,147,186,229,253,261,268,116,116,265,204,42,45,375,386,386,74,72,64,43,33,246,1998-99
1444,Lawrence Funderburke,Lawrence,1610612758,SAC,28.0,47,25,22,0.532,19.9,98.4,98.6,98.6,104.2,104.3,104.3,-5.8,-5.6,-5.6,0.057,0.58,7.0,0.104,0.127,0.115,12.1,12.0,0.56,0.597,0.184,0.189,96.36,96.23,80.19,96.23,0.119,1877,167,299,3.6,6.4,0.559,140,113,294,193,219,213,188,188,353,368,368,308,313,313,324,327,341,56,168,118,207,203,21,22,227,220,52,93,93,76,125,163,133,191,18,1998-99
195,Lee Mayberry,Lee,1610612763,VAN,29.0,9,0,9,0.0,14.1,93.0,94.4,94.4,102.9,98.4,98.4,-9.9,-4.0,-4.0,0.28,2.09,41.8,0.0,0.024,0.012,20.0,19.9,0.421,0.472,0.112,0.115,94.55,95.87,79.89,95.87,0.049,252,7,19,0.8,2.1,0.368,379,423,94,423,280,354,314,314,321,200,200,365,292,292,52,62,4,415,420,426,401,400,313,293,410,409,92,101,101,338,371,377,366,362,350,1998-99
283,Lindsey Hunter,Lindsey,1610612765,DET,28.0,49,29,20,0.592,35.8,103.0,103.4,103.4,98.1,97.6,97.6,5.0,5.8,5.8,0.191,2.1,22.8,0.016,0.088,0.052,10.8,10.8,0.491,0.517,0.176,0.179,88.01,88.07,73.39,88.07,0.096,3214,228,524,4.7,10.7,0.435,84,68,262,132,37,85,75,75,166,177,177,83,75,75,105,61,86,370,286,331,145,141,114,166,253,259,397,410,410,160,63,60,74,78,181,1998-99
1036,Litterial Green,Litterial,1610612739,CLE,29.0,1,0,1,0.0,1.7,66.7,66.7,66.7,108.7,100.0,100.0,-42.0,-33.3,-33.3,0.0,0.0,0.0,0.0,0.0,0.0,0.0,0.0,0.0,0.0,0.333,0.333,83.78,87.27,72.73,87.27,-0.667,3,0,1,0.0,1.0,0.0,431,423,9,423,435,434,433,433,405,249,249,432,428,428,408,404,408,415,423,427,1,1,428,432,4,8,437,425,425,439,428,427,428,412,428,1998-99
684,Loren Meyer,Loren,1610612743,DEN,26.0,14,4,10,0.286,5.0,91.4,89.3,89.3,95.6,91.9,91.9,-4.3,-2.6,-2.6,0.026,0.25,2.9,0.05,0.138,0.096,11.8,11.8,0.268,0.277,0.189,0.195,98.68,101.8,84.83,101.8,-0.1,150,7,28,0.5,2.0,0.25,362,370,106,360,407,370,380,380,101,48,48,290,263,263,389,381,401,213,140,173,195,196,411,418,206,199,29,26,26,426,371,364,392,366,411,1998-99
953,Lorenzen Wright,Lorenzen,1610612746,LAC,23.0,48,9,39,0.188,23.6,97.5,97.7,97.7,105.5,105.1,105.1,-8.0,-7.4,-7.4,0.049,0.69,8.4,0.123,0.206,0.163,12.3,12.2,0.458,0.512,0.139,0.143,92.01,92.09,76.75,92.09,0.094,2174,119,260,2.5,5.4,0.458,114,304,430,397,170,241,218,218,368,383,383,343,338,338,344,305,310,25,24,15,224,221,200,178,359,359,215,238,238,171,178,189,205,221,124,1998-99
919,Loy Vaught,Loy,1610612765,DET,31.0,37,21,16,0.568,13.0,94.6,93.8,93.8,95.1,94.5,94.5,-0.6,-0.7,-0.7,0.043,0.65,5.8,0.08,0.23,0.157,9.0,9.0,0.381,0.394,0.176,0.181,87.57,88.23,73.53,88.23,0.087,888,59,155,1.6,4.2,0.381,238,161,192,151,287,322,330,330,86,92,92,204,220,220,367,312,368,128,7,21,56,56,367,390,252,251,409,404,404,209,265,255,282,265,319,1998-99
26,Luc Longley,Luc,1610612756,PHX,30.0,39,19,20,0.487,23.9,101.6,101.0,101.0,96.7,97.9,97.9,4.8,3.1,3.1,0.082,0.85,10.7,0.065,0.176,0.121,12.6,12.6,0.483,0.524,0.184,0.188,92.43,92.19,76.82,92.19,0.091,1785,140,290,3.6,7.4,0.483,218,185,262,250,167,124,125,125,131,187,187,87,128,128,267,260,252,176,56,104,238,236,130,148,225,224,189,233,233,185,156,169,131,153,73,1998-99
446,Lucious Harris,Lucious,1610612751,NJN,28.0,36,13,23,0.361,16.7,102.1,100.0,100.0,97.2,96.0,96.0,4.9,4.0,4.0,0.091,1.72,12.3,0.034,0.078,0.056,7.1,7.2,0.434,0.477,0.16,0.167,92.43,93.95,78.29,93.95,0.066,1177,73,181,2.0,5.0,0.403,246,264,315,328,248,110,150,150,146,138,138,85,107,107,243,102,214,259,334,312,31,31,272,276,307,299,190,150,150,298,241,237,241,229,279,1998-99
1823,Makhtar N'diaye,Makhtar,1610612763,VAN,25.0,4,0,4,0.0,6.7,107.8,110.0,110.0,123.5,118.8,118.8,-15.7,-8.8,-8.8,0.05,1.0,12.5,0.1,0.111,0.104,12.5,12.9,0.25,0.434,0.115,0.111,86.69,87.41,72.84,87.41,-0.049,50,1,4,0.3,1.0,0.25,402,423,55,423,379,24,10,10,428,429,429,403,350,350,339,212,208,65,211,148,230,255,413,359,406,415,428,424,424,418,413,417,419,412,411,1998-99
990,Malik Rose,Malik,1610612759,SAS,24.0,47,36,11,0.766,12.9,101.0,100.3,100.3,93.9,92.5,92.5,7.1,7.9,7.9,0.091,0.52,8.3,0.149,0.144,0.146,16.0,16.0,0.463,0.535,0.233,0.24,91.17,92.15,76.79,92.15,0.107,1157,93,201,2.0,4.3,0.463,140,8,113,19,289,137,141,141,71,55,55,54,54,54,246,339,315,10,130,35,362,362,187,114,70,69,269,234,234,122,212,221,246,260,112,1998-99
907,Malik Sealy,Malik,1610612750,MIN,29.0,31,15,16,0.484,23.6,94.0,94.0,94.0,97.0,96.9,96.9,-3.1,-2.8,-2.8,0.084,1.09,11.0,0.028,0.096,0.06,10.1,10.1,0.424,0.487,0.172,0.176,93.82,93.86,78.21,93.86,0.076,1425,95,231,3.1,7.5,0.411,280,237,192,253,171,332,323,323,140,160,160,262,270,270,261,201,244,292,257,290,104,107,302,255,268,270,118,154,154,259,209,203,166,152,261,1998-99
948,Marcus Camby,Marcus,1610612752,NYK,25.0,46,27,19,0.587,20.6,98.7,97.0,97.0,98.1,98.3,98.3,0.6,-1.2,-1.2,0.025,0.31,3.4,0.119,0.162,0.142,11.0,10.9,0.521,0.537,0.175,0.181,87.43,88.05,73.38,88.05,0.111,1727,136,261,3.0,5.7,0.521,158,87,245,135,210,206,246,246,167,196,196,183,234,234,393,377,395,31,94,49,155,148,51,110,257,252,414,412,412,102,161,188,176,211,32,1998-99
712,Mario Bennett,Mario,1610612741,CHI,25.0,3,1,2,0.333,6.2,72.7,73.7,73.7,105.8,102.7,102.7,-33.1,-29.0,-29.0,0.0,0.0,0.0,0.071,0.188,0.114,11.1,11.4,0.333,0.451,0.196,0.192,95.37,96.09,80.07,96.09,0.05,38,2,6,0.7,2.0,0.333,409,408,25,337,386,430,428,428,375,339,339,428,426,426,408,404,408,152,42,128,164,174,390,334,180,208,72,95,95,335,404,410,374,366,379,1998-99
53,Mario Elie,Mario,1610612759,SAS,35.0,47,34,13,0.723,27.5,103.3,103.7,103.7,93.2,93.8,93.8,10.0,10.0,10.0,0.112,1.46,16.8,0.03,0.072,0.053,11.5,11.4,0.532,0.593,0.157,0.161,90.74,90.26,75.21,90.26,0.098,2434,156,331,3.3,7.0,0.471,140,17,134,42,129,80,62,62,60,84,84,29,33,33,190,142,142,286,355,327,182,178,43,23,313,312,300,333,333,154,136,148,153,172,98,1998-99
1858,Mark Baker,Mark,1610612761,TOR,29.0,1,0,1,0.0,1.6,40.0,50.0,50.0,104.2,100.0,100.0,-64.2,-50.0,-50.0,0.0,0.0,0.0,0.0,0.0,0.0,50.0,50.0,0.0,0.0,0.333,0.4,119.44,106.11,88.42,106.11,4.0,4,0,1,0.0,1.0,0.0,431,423,9,423,436,439,438,438,352,249,249,437,434,434,408,404,408,415,423,427,438,438,428,432,4,2,2,17,17,1,428,427,428,412,428,1998-99
95,Mark Bryant,Mark,1610612741,CHI,34.0,45,12,33,0.267,26.8,88.1,88.5,88.5,100.8,100.8,100.8,-12.7,-12.3,-12.3,0.085,0.71,9.3,0.076,0.131,0.101,13.2,13.3,0.483,0.513,0.182,0.184,89.39,89.19,74.33,89.19,0.079,2230,168,348,3.7,7.7,0.483,170,272,416,373,137,397,389,389,272,282,282,392,390,390,258,297,282,139,160,155,276,275,130,173,236,241,353,380,380,249,121,137,121,144,73,1998-99
707,Mark Davis,Mark,1610612748,MIA,26.0,4,2,2,0.5,8.8,99.5,91.7,91.7,103.9,104.2,104.2,-4.4,-12.5,-12.5,0.059,0.14,5.9,0.061,0.119,0.093,41.2,42.1,0.333,0.521,0.195,0.205,94.14,97.86,81.55,97.86,-0.077,72,2,6,0.5,1.5,0.333,402,392,25,219,357,178,352,352,343,367,367,292,393,393,319,397,367,186,187,190,437,437,390,154,181,163,107,62,62,423,404,410,392,397,379,1998-99
971,Mark Hendrickson,Mark,1610612751,NJN,25.0,22,10,12,0.455,17.9,102.8,101.9,101.9,106.2,104.6,104.6,-3.4,-2.7,-2.7,0.053,0.87,9.4,0.067,0.114,0.089,10.8,11.0,0.437,0.536,0.14,0.141,92.96,94.06,78.38,94.06,0.067,770,38,87,1.7,4.0,0.437,326,289,123,269,239,90,102,102,382,377,377,274,266,266,335,256,280,164,203,199,141,155,262,113,357,362,159,145,145,293,300,306,270,276,179,1998-99
349,Mark Jackson,Mark,1610612754,IND,34.0,49,32,17,0.653,28.2,108.1,109.2,109.2,101.2,101.9,101.9,6.8,7.3,7.3,0.423,3.9,45.5,0.026,0.106,0.068,11.7,11.7,0.468,0.513,0.158,0.159,89.28,88.53,73.78,88.53,0.136,2550,138,329,2.8,6.7,0.419,84,42,209,90,118,21,13,13,286,320,320,56,57,57,8,3,3,307,227,258,189,188,176,177,311,316,361,395,395,37,159,150,185,179,233,1998-99
1855,Mark Macon,Mark,1610612765,DET,30.0,7,2,5,0.286,10.0,98.3,97.1,97.1,91.9,88.8,88.8,6.4,8.3,8.3,0.078,0.67,13.3,0.044,0.029,0.037,20.0,20.0,0.225,0.225,0.161,0.165,94.99,97.24,81.04,97.24,-0.032,140,4,20,0.6,2.9,0.2,389,392,66,360,340,215,241,241,37,29,29,65,46,46,272,308,192,226,418,403,401,401,418,423,304,303,79,70,70,413,390,373,387,323,418,1998-99
998,Mark Pope,Mark,1610612754,IND,26.0,4,3,1,0.75,6.3,89.7,89.6,89.6,96.1,88.0,88.0,-6.3,1.6,1.6,0.0,0.0,0.0,0.065,0.087,0.074,12.5,11.8,0.143,0.134,0.131,0.143,89.1,93.17,77.64,93.17,-0.217,48,1,7,0.3,1.8,0.143,402,382,9,21,383,385,376,376,112,26,26,318,161,161,408,404,408,180,297,229,230,198,424,429,377,356,369,179,179,432,413,405,419,382,424,1998-99
1110,Mark Strickland,Mark,1610612748,MIA,28.0,32,22,10,0.688,11.1,97.8,95.9,95.9,97.1,95.5,95.5,0.7,0.4,0.4,0.048,0.69,6.7,0.079,0.147,0.114,9.7,9.7,0.495,0.529,0.166,0.172,87.98,89.6,74.67,89.6,0.108,662,50,101,1.6,3.2,0.495,275,152,106,60,322,233,282,282,145,118,118,181,188,188,349,304,345,130,120,124,86,85,103,128,291,283,398,357,357,114,280,293,286,306,57,1998-99
770,Mark West,Mark,1610612737,ATL,38.0,49,31,18,0.633,10.1,92.6,91.2,91.2,98.9,97.3,97.3,-6.2,-6.2,-6.2,0.046,0.81,11.8,0.092,0.153,0.121,14.5,14.8,0.373,0.381,0.089,0.09,88.92,90.33,75.28,90.33,0.023,927,22,59,0.4,1.2,0.373,84,50,231,102,337,360,361,361,199,172,172,315,317,317,356,271,226,80,111,99,326,337,376,394,431,431,376,329,329,384,333,330,404,408,343,1998-99
1527,Marko Milic,Marko,1610612756,PHX,22.0,11,8,3,0.727,4.8,89.7,87.5,87.5,109.1,101.9,101.9,-19.5,-14.4,-14.4,0.074,0.33,7.1,0.05,0.039,0.045,21.4,21.4,0.4,0.4,0.205,0.219,92.06,96.49,80.4,96.49,0.0,104,8,20,0.7,1.8,0.4,373,321,46,39,410,386,395,395,408,317,317,408,405,405,284,369,336,213,414,367,409,409,348,389,148,117,209,84,84,403,368,373,370,380,287,1998-99
1831,Marlon Garnett,Marlon,1610612738,BOS,23.0,24,9,15,0.375,8.5,79.7,77.8,77.8,89.1,86.6,86.6,-9.5,-8.8,-8.8,0.171,1.5,19.8,0.012,0.077,0.044,13.2,13.4,0.353,0.426,0.147,0.15,97.9,100.55,83.79,100.55,0.049,432,15,51,0.6,2.1,0.294,315,304,172,315,362,425,422,422,25,22,22,355,352,352,124,131,110,391,338,373,275,278,384,366,334,338,32,30,30,337,346,341,377,359,398,1998-99
55,Marty Conlon,Marty,1610612748,MIA,31.0,7,5,2,0.714,5.0,88.3,91.7,91.7,99.1,93.2,93.2,-10.7,-1.5,-1.5,0.045,0.33,5.6,0.024,0.098,0.061,16.7,16.8,0.231,0.288,0.2,0.204,99.04,100.17,83.48,100.17,-0.058,72,3,13,0.4,1.9,0.231,389,360,25,44,408,395,352,352,207,66,66,372,240,240,357,369,372,318,255,284,372,375,417,415,158,166,27,34,34,419,398,388,407,377,417,1998-99
672,Matt Bullard,Matt,1610612745,HOU,32.0,41,24,17,0.585,10.0,103.8,103.4,103.4,105.7,102.2,102.2,-1.8,1.2,1.2,0.067,1.29,12.0,0.023,0.078,0.051,9.3,9.3,0.482,0.494,0.144,0.149,91.87,93.61,78.01,93.61,0.054,797,43,114,1.0,2.8,0.377,210,128,209,136,338,57,74,74,372,328,328,239,171,171,302,168,222,330,331,334,67,65,134,233,342,342,224,165,165,328,292,287,335,329,332,1998-99
761,Matt Geiger,Matt,1610612755,PHI,29.0,50,28,22,0.56,30.8,98.2,98.2,98.2,93.4,92.6,92.6,4.8,5.6,5.6,0.071,0.57,7.3,0.091,0.151,0.121,12.7,12.8,0.48,0.532,0.214,0.217,90.83,91.28,76.07,91.28,0.121,2927,266,555,5.3,11.1,0.479,1,76,294,155,88,218,201,201,62,57,57,89,79,79,296,328,335,88,116,103,248,248,138,123,114,126,296,279,279,73,41,54,52,69,79,1998-99
1723,Matt Harpring,Matt,1610612753,ORL,23.0,50,33,17,0.66,22.3,97.5,98.0,98.0,97.8,97.8,97.8,-0.4,0.1,0.1,0.072,0.62,9.0,0.077,0.123,0.099,14.5,14.6,0.478,0.533,0.181,0.184,91.56,91.31,76.09,91.31,0.082,2118,148,320,3.0,6.4,0.463,1,22,209,79,185,242,206,206,160,186,186,198,193,193,292,319,298,134,179,162,325,326,149,121,239,240,239,277,277,239,143,154,174,190,113,1998-99
1074,Matt Maloney,Matt,1610612745,HOU,27.0,15,7,8,0.467,12.4,99.2,100.6,100.6,102.8,102.8,102.8,-3.6,-2.2,-2.2,0.159,1.5,31.3,0.011,0.041,0.027,20.9,20.6,0.196,0.32,0.109,0.112,92.44,91.82,76.52,91.82,0.017,355,5,28,0.3,1.9,0.179,358,333,85,260,298,187,136,136,319,345,345,277,258,258,136,131,30,398,412,420,407,406,422,410,415,413,186,249,249,395,381,364,412,376,422,1998-99
1508,Maurice Taylor,Maurice,1610612746,LAC,22.0,46,9,37,0.196,32.7,97.4,98.5,98.5,109.6,109.8,109.8,-12.2,-11.3,-11.3,0.087,0.56,7.0,0.066,0.106,0.085,12.6,12.6,0.461,0.505,0.266,0.27,91.94,91.35,76.13,91.35,0.075,2866,311,675,6.8,14.7,0.461,158,304,426,395,71,243,191,191,410,417,417,382,379,379,253,332,340,171,229,207,242,240,194,199,38,41,221,275,275,261,21,28,23,26,118,1998-99
688,Michael Curry,Michael,1610612749,MIL,30.0,50,28,22,0.56,22.9,101.0,98.2,98.2,99.1,98.9,98.9,2.0,-0.6,-0.6,0.113,2.11,21.8,0.019,0.078,0.05,10.4,10.4,0.439,0.507,0.116,0.12,89.61,90.98,75.81,90.98,0.051,2157,90,206,1.8,4.1,0.437,1,76,294,155,178,136,200,200,208,211,211,148,218,218,187,58,94,349,337,342,124,123,254,192,404,406,348,297,297,333,215,218,263,268,178,1998-99
1722,Michael Dickerson,Michael,1610612745,HOU,24.0,50,31,19,0.62,31.1,103.3,103.9,103.9,98.8,99.0,99.0,4.5,4.8,4.8,0.101,1.44,14.5,0.019,0.035,0.027,10.1,10.1,0.542,0.554,0.166,0.169,91.49,91.12,75.93,91.12,0.063,2952,215,462,4.3,9.2,0.465,1,50,245,114,85,78,60,60,194,218,218,94,93,93,216,145,173,350,415,418,104,103,32,67,289,293,244,287,287,305,72,79,93,102,105,1998-99
1720,Michael Doleac,Michael,1610612753,ORL,22.0,49,32,17,0.653,15.9,102.7,103.5,103.5,97.3,95.5,95.5,5.4,7.9,7.9,0.044,0.77,5.7,0.082,0.113,0.097,7.4,7.5,0.468,0.503,0.182,0.186,92.02,92.5,77.08,92.5,0.07,1507,125,267,2.6,5.4,0.468,84,42,209,90,262,93,72,72,148,120,120,81,52,52,362,280,371,120,207,169,32,32,174,205,232,234,213,216,216,283,172,183,201,219,103,1998-99
714,Michael Finley,Michael,1610612742,DAL,26.0,50,19,31,0.38,41.1,100.3,100.7,100.7,102.7,103.0,103.0,-2.4,-2.2,-2.2,0.193,2.04,16.7,0.033,0.095,0.064,8.2,8.2,0.47,0.517,0.238,0.242,91.43,91.13,75.94,91.13,0.126,3914,389,876,7.8,17.5,0.444,1,185,404,309,3,154,133,133,318,347,347,247,257,257,101,68,143,267,263,273,46,47,171,164,62,65,251,286,286,61,8,8,10,10,158,1998-99
1138,Michael Hawkins,Michael,1610612758,SAC,26.0,24,12,12,0.5,8.5,103.4,100.0,100.0,103.3,100.0,100.0,0.1,0.0,0.0,0.203,2.08,33.3,0.052,0.074,0.063,16.0,16.0,0.413,0.436,0.118,0.123,93.56,96.68,80.57,96.68,0.051,406,14,40,0.6,1.7,0.35,315,272,123,219,363,75,150,150,333,249,249,192,195,195,91,64,22,210,351,275,365,361,331,358,402,400,126,81,81,332,351,348,382,387,375,1998-99
1709,Michael Olowokandi,Michael,1610612746,LAC,24.0,45,9,36,0.2,28.5,95.2,96.2,96.2,107.3,107.1,107.1,-12.1,-10.9,-10.9,0.034,0.29,4.5,0.094,0.212,0.149,15.2,15.2,0.431,0.445,0.191,0.194,91.64,91.23,76.03,91.23,0.07,2429,172,399,3.8,8.9,0.431,170,304,421,391,113,312,275,275,397,404,404,381,378,378,381,379,386,77,18,29,345,344,276,348,196,204,233,281,281,277,111,109,108,110,197,1998-99
63,Michael Smith,Michael,1610612763,VAN,27.0,48,7,41,0.146,22.9,97.8,98.8,98.8,104.6,105.4,105.4,-6.8,-6.6,-6.6,0.074,0.8,15.4,0.127,0.209,0.167,19.2,19.5,0.535,0.574,0.11,0.11,89.88,89.1,74.25,89.1,0.105,2033,77,144,1.6,3.0,0.535,114,333,434,412,177,231,180,180,356,384,384,326,330,330,286,272,156,19,19,12,394,395,39,41,414,419,342,381,381,130,235,262,281,312,25,1998-99
1565,Michael Stewart,Michael,1610612761,TOR,24.0,42,19,23,0.452,9.3,96.3,95.3,95.3,98.8,96.6,96.6,-2.5,-1.3,-1.3,0.021,0.42,6.1,0.101,0.149,0.123,14.6,14.8,0.415,0.477,0.083,0.085,93.24,94.82,79.02,94.82,0.033,766,22,53,0.5,1.3,0.415,197,185,315,270,348,285,292,292,198,153,153,249,236,236,401,362,360,63,118,91,332,336,328,279,432,434,140,119,119,368,333,336,391,406,245,1998-99
52,Micheal Williams,Micheal,1610612761,TOR,32.0,2,0,2,0.0,7.5,89.8,88.9,88.9,110.2,107.7,107.7,-20.4,-18.8,-18.8,0.0,0.0,0.0,0.067,0.0,0.04,16.7,16.7,0.2,0.2,0.188,0.202,83.64,85.06,70.88,85.06,-0.106,27,1,5,0.5,2.5,0.2,418,423,25,423,372,383,385,385,415,405,405,412,414,414,408,404,408,167,423,390,372,372,419,424,210,170,438,439,439,427,413,414,392,342,418,1998-99
1710,Mike Bibby,Mike,1610612763,VAN,21.0,50,8,42,0.16,35.1,96.3,97.3,97.3,105.9,106.8,106.8,-9.6,-9.5,-9.5,0.343,2.23,28.1,0.018,0.064,0.041,12.6,12.7,0.442,0.487,0.214,0.215,92.6,91.77,76.48,91.77,0.1,3347,260,605,5.2,12.1,0.43,1,321,439,408,47,284,235,235,376,398,398,358,365,365,19,52,47,367,381,385,245,245,245,254,116,132,174,251,251,147,44,41,56,55,200,1998-99
1630,Mikki Moore,Mikki,1610612765,DET,23.0,2,0,2,0.0,2.6,121.5,120.0,120.0,31.8,27.3,27.3,89.7,92.7,92.7,0.0,0.0,0.0,0.0,0.143,0.083,0.0,0.0,1.0,1.064,0.167,0.158,88.04,95.7,79.75,95.7,0.37,10,1,1,0.5,0.5,1.0,418,423,25,423,428,5,5,5,1,1,1,1,1,1,408,404,408,415,132,214,1,1,2,1,288,318,396,105,105,3,413,427,392,432,1,1998-99
1750,Miles Simon,Miles,1610612753,ORL,23.0,5,5,0,1.0,3.7,71.4,66.7,66.7,100.6,100.0,100.0,-29.2,-33.3,-33.3,0.0,0.0,0.0,0.056,0.048,0.051,37.5,37.5,0.2,0.2,0.186,0.208,95.61,99.27,82.73,99.27,-0.059,39,1,5,0.2,1.0,0.2,399,360,1,1,420,431,433,433,266,249,249,424,428,428,408,404,408,200,406,335,435,435,419,424,217,151,63,44,44,420,413,414,424,412,418,1998-99
782,Mitch Richmond,Mitch,1610612764,WAS,33.0,50,18,32,0.36,38.2,99.0,99.8,99.8,101.7,102.6,102.6,-2.7,-2.8,-2.8,0.114,0.9,10.3,0.016,0.078,0.047,11.5,11.4,0.456,0.527,0.253,0.258,91.79,91.02,75.85,91.02,0.099,3627,331,803,6.6,16.1,0.412,1,201,412,329,13,192,159,159,297,335,335,255,269,269,186,249,260,372,336,358,180,177,202,136,47,48,228,291,291,151,17,10,24,18,254,1998-99
348,Mitchell Butler,Mitchell,1610612739,CLE,28.0,31,12,19,0.387,13.4,97.5,97.4,97.4,98.4,96.1,96.1,-0.9,1.3,1.3,0.116,0.76,10.7,0.036,0.08,0.059,14.1,14.2,0.522,0.549,0.216,0.221,85.48,86.51,72.09,86.51,0.089,745,67,139,2.2,4.5,0.482,280,272,245,306,285,240,227,227,174,145,145,208,167,167,182,283,250,251,324,293,312,314,49,79,107,113,431,434,434,196,250,264,229,251,75,1998-99
42,Monty Williams,Monty,1610612743,DEN,27.0,1,0,1,0.0,5.5,79.5,81.8,81.8,101.1,100.0,100.0,-21.6,-18.2,-18.2,0.0,0.0,0.0,0.0,0.0,0.0,0.0,0.0,0.0,0.174,0.2,0.201,97.17,96.29,80.24,96.29,-0.16,11,0,2,0.0,2.0,0.0,431,423,9,423,400,426,417,417,283,249,249,418,410,410,408,404,408,415,423,427,1,1,428,426,158,175,41,92,92,430,428,422,428,366,428,1998-99
983,Moochie Norris,Moochie,1610612760,SEA,25.0,12,8,4,0.667,11.6,86.4,84.7,84.7,96.2,93.3,93.3,-9.7,-8.6,-8.6,0.316,1.5,27.3,0.027,0.111,0.068,18.2,18.4,0.4,0.404,0.196,0.201,96.52,98.95,82.46,98.95,0.049,288,13,40,1.1,3.3,0.325,368,321,55,73,311,410,409,409,115,73,73,360,348,348,32,131,53,301,211,256,386,387,348,383,179,174,47,47,47,339,354,348,329,299,388,1998-99
302,Mookie Blaylock,Mookie,1610612737,ATL,32.0,48,30,18,0.625,36.7,98.8,99.8,99.8,92.5,93.7,93.7,6.2,6.1,6.1,0.308,2.42,25.6,0.025,0.102,0.063,10.6,10.6,0.439,0.463,0.209,0.214,88.46,87.49,72.91,87.49,0.143,3224,247,651,5.1,13.6,0.379,114,64,231,109,27,204,158,158,46,79,79,66,69,69,36,37,64,309,238,274,132,132,257,306,135,138,388,420,420,30,52,31,60,39,323,1998-99
177,Muggsy Bogues,Muggsy,1610612744,GSW,34.0,36,15,21,0.417,19.9,93.4,92.4,92.4,95.6,93.3,93.3,-2.2,-1.0,-1.0,0.339,2.85,38.5,0.022,0.082,0.051,13.5,13.4,0.494,0.539,0.132,0.138,89.16,90.73,75.61,90.73,0.142,1352,76,154,2.1,4.3,0.494,246,237,277,288,221,348,346,346,97,74,74,245,224,224,20,17,8,335,320,340,294,284,108,107,375,371,366,312,312,31,236,256,234,259,60,1998-99
1737,Nazr Mohammed,Nazr,1610612755,PHI,21.0,26,17,9,0.654,4.6,102.8,96.1,96.1,86.2,83.4,83.4,16.6,12.7,12.7,0.031,0.17,3.0,0.153,0.136,0.143,18.2,18.4,0.357,0.41,0.214,0.228,97.86,102.92,85.77,102.92,0.032,257,15,42,0.6,1.6,0.357,307,214,94,89,412,89,279,279,14,16,16,14,16,16,383,393,399,9,143,43,386,389,382,375,111,93,34,25,25,370,346,347,385,391,373,1998-99
1861,Negele Knight,Negele,1610612761,TOR,32.0,6,3,3,0.5,9.6,100.7,94.7,94.7,109.3,108.0,108.0,-8.6,-13.3,-13.3,0.25,1.14,32.0,0.018,0.109,0.059,28.0,28.3,0.375,0.41,0.13,0.137,90.49,93.84,78.2,93.84,0.018,113,3,8,0.5,1.3,0.375,393,382,46,219,343,143,307,307,409,411,411,348,401,401,64,190,28,359,225,292,429,429,372,375,380,376,316,155,155,392,398,399,392,401,337,1998-99
98,Nick Anderson,Nick,1610612753,ORL,31.0,47,30,17,0.638,33.6,97.0,98.0,98.0,94.9,95.4,95.4,2.1,2.6,2.6,0.107,1.1,10.2,0.032,0.145,0.088,9.3,9.4,0.47,0.493,0.228,0.23,91.46,90.74,75.62,90.74,0.113,2992,253,640,5.4,13.6,0.395,140,64,209,99,61,261,204,204,82,115,115,141,141,141,207,196,263,275,125,201,66,73,169,237,82,86,248,311,311,96,47,34,49,38,300,1998-99
89,Nick Van Exel,Nick,1610612743,DEN,27.0,50,14,36,0.28,36.0,100.8,101.2,101.2,109.1,110.3,110.3,-8.3,-9.0,-9.0,0.375,3.04,27.6,0.007,0.057,0.031,9.1,9.1,0.445,0.488,0.238,0.243,93.81,93.1,77.58,93.1,0.106,3499,306,769,6.1,15.4,0.398,1,245,421,367,36,141,117,117,407,422,422,345,355,355,15,11,50,406,393,415,58,58,237,250,63,63,119,183,183,125,24,15,33,22,293,1998-99
178,Olden Polynice,Olden,1610612760,SEA,34.0,48,23,25,0.479,30.8,100.8,101.6,101.6,103.9,104.5,104.5,-3.1,-2.9,-2.9,0.047,0.88,8.7,0.12,0.173,0.145,10.0,10.0,0.473,0.461,0.136,0.139,90.41,89.83,74.86,89.83,0.071,2758,169,358,3.5,7.5,0.472,114,138,347,254,87,139,110,110,345,371,371,263,272,272,353,254,300,30,67,40,93,94,162,319,363,370,318,349,349,276,119,131,135,151,95,1998-99
932,Oliver Miller,Oliver,1610612758,SAC,29.0,4,2,2,0.5,8.6,90.2,88.9,88.9,110.3,108.5,108.5,-20.1,-19.6,-19.6,0.0,0.0,0.0,0.171,0.029,0.107,26.7,26.7,0.455,0.455,0.17,0.177,97.86,99.45,82.87,99.45,0.023,72,5,11,1.3,2.8,0.455,402,392,25,219,359,380,385,385,417,412,412,410,415,415,408,404,408,6,418,143,425,425,206,328,276,267,33,42,42,385,381,394,316,332,127,1998-99
970,Othella Harrington,Othella,1610612745,HOU,25.0,41,28,13,0.683,22.0,99.4,99.4,99.4,96.3,95.8,95.8,3.1,3.5,3.5,0.031,0.25,3.5,0.089,0.179,0.138,14.1,14.1,0.513,0.559,0.212,0.218,91.64,91.89,76.57,91.89,0.115,1720,156,304,3.8,7.4,0.513,210,76,134,64,188,183,164,164,120,135,135,117,115,115,384,386,394,93,52,56,311,307,64,61,124,123,235,246,246,92,136,161,114,156,37,1998-99
901,Otis Thorpe,Otis,1610612764,WAS,36.0,49,17,32,0.347,31.4,100.3,100.7,100.7,104.1,104.0,104.0,-3.9,-3.4,-3.4,0.111,1.15,15.0,0.067,0.165,0.116,13.1,13.0,0.545,0.569,0.172,0.175,91.14,90.98,75.82,90.98,0.101,2918,240,440,4.9,9.0,0.545,84,214,412,334,83,157,135,135,349,365,365,281,280,280,195,189,165,169,89,116,271,265,27,46,271,274,272,296,296,140,56,89,69,109,21,1998-99
136,P.J. Brown,P.J.,1610612748,MIA,29.0,50,33,17,0.66,32.2,104.0,104.2,104.2,95.7,96.3,96.3,8.3,7.9,7.9,0.075,0.96,9.7,0.081,0.145,0.114,10.1,10.2,0.48,0.527,0.185,0.187,87.32,87.01,72.51,87.01,0.106,2908,229,477,4.6,9.5,0.48,1,22,209,79,75,55,53,53,104,149,149,44,53,53,282,237,272,126,128,121,111,113,139,135,220,229,416,428,428,129,62,75,78,94,77,1998-99
1727,Pat Garrity,Pat,1610612756,PHX,22.0,39,24,15,0.615,13.8,103.4,103.0,103.0,100.3,100.2,100.2,3.2,2.8,2.8,0.055,0.9,7.7,0.052,0.095,0.074,8.6,8.6,0.521,0.557,0.181,0.185,92.26,92.51,77.09,92.51,0.073,1046,85,170,2.2,4.4,0.5,218,128,172,122,282,72,85,85,259,260,260,116,134,134,330,248,327,207,265,232,49,50,52,64,240,239,199,215,215,267,219,248,228,253,46,1998-99
121,Patrick Ewing,Patrick,1610612752,NYK,36.0,38,20,18,0.526,34.2,95.6,96.9,96.9,93.7,94.7,94.7,1.8,2.2,2.2,0.068,0.43,5.3,0.06,0.217,0.143,12.2,12.2,0.435,0.491,0.278,0.28,90.64,89.53,74.61,89.53,0.149,2422,247,568,6.5,14.9,0.435,227,173,231,198,52,306,252,252,68,99,99,153,150,150,301,359,374,188,16,45,214,216,268,242,24,27,305,364,364,28,52,52,26,25,184,1998-99
1514,Paul Grant,Paul,1610612749,MIL,25.0,6,5,1,0.833,2.2,100.5,88.2,88.2,129.3,128.6,128.6,-28.8,-40.3,-40.3,0.0,0.0,0.0,0.063,0.0,0.032,25.0,25.0,0.333,0.333,0.205,0.23,119.72,127.79,106.5,127.79,-0.08,34,2,6,0.3,1.0,0.333,393,360,9,12,431,148,390,390,431,434,434,423,432,432,408,404,408,183,423,412,417,417,390,408,146,87,1,2,2,424,404,410,412,412,379,1998-99
1718,Paul Pierce,Paul,1610612738,BOS,21.0,48,19,29,0.396,34.0,99.0,99.3,99.3,101.0,101.2,101.2,-2.0,-1.9,-1.9,0.121,1.02,11.9,0.07,0.121,0.095,11.7,11.8,0.504,0.54,0.229,0.232,94.07,93.83,78.19,93.83,0.116,3185,284,647,5.9,13.5,0.439,114,185,392,301,57,191,166,166,279,300,300,242,251,251,175,211,224,154,183,182,194,193,81,106,81,83,110,156,156,87,35,33,38,40,170,1998-99
978,Peja Stojakovic,Peja,1610612758,SAC,22.0,48,26,22,0.542,21.4,101.3,101.8,101.8,100.1,100.7,100.7,1.3,1.1,1.1,0.115,1.36,13.6,0.04,0.094,0.067,10.0,10.0,0.454,0.496,0.191,0.195,96.41,95.91,79.92,95.91,0.094,2055,141,373,2.9,7.8,0.378,114,106,294,179,196,133,107,107,250,278,278,166,175,175,184,158,187,243,267,263,101,96,209,228,199,198,50,99,99,169,151,122,178,142,330,1998-99
432,Pete Chilcutt,Pete,1610612763,VAN,30.0,46,7,39,0.152,15.0,98.7,98.0,98.0,105.0,104.4,104.4,-6.3,-6.5,-6.5,0.072,1.07,12.6,0.043,0.131,0.087,11.8,11.8,0.442,0.462,0.134,0.138,91.97,92.56,77.13,92.56,0.068,1343,63,172,1.4,3.7,0.366,158,333,430,411,270,205,205,205,362,370,370,316,324,324,293,204,207,235,158,203,195,195,247,310,371,374,218,209,209,289,259,247,301,287,353,1998-99
1824,Peter Aluma,Peter,1610612758,SAC,26.0,2,1,1,0.5,2.7,48.9,50.0,50.0,114.0,107.7,107.7,-65.1,-57.7,-57.7,0.0,0.0,0.0,0.091,0.111,0.1,50.0,50.0,0.5,0.5,0.211,0.218,117.86,119.63,99.69,119.63,-0.667,14,1,2,0.5,1.0,0.5,418,408,9,219,427,438,438,438,424,405,405,439,437,437,408,404,408,85,211,159,438,438,87,211,129,121,4,6,6,440,413,422,392,412,46,1998-99
71,Pooh Richardson,Pooh,1610612746,LAC,33.0,11,1,10,0.091,12.0,93.5,94.0,94.0,107.6,105.7,105.7,-14.1,-11.6,-11.6,0.395,3.33,39.0,0.007,0.102,0.049,11.7,11.7,0.333,0.371,0.151,0.155,96.39,97.03,80.85,97.03,0.095,268,12,36,1.1,3.3,0.333,373,408,106,422,308,343,324,324,400,386,386,398,382,382,13,7,6,409,239,348,190,191,390,398,325,323,51,73,73,167,359,353,328,302,379,1998-99
461,Popeye Jones,Popeye,1610612738,BOS,29.0,18,6,12,0.333,11.3,106.1,106.0,106.0,101.3,95.7,95.7,4.8,10.2,10.2,0.105,2.14,18.8,0.121,0.118,0.12,8.8,8.7,0.392,0.462,0.128,0.133,96.28,99.08,82.56,99.08,0.068,418,20,51,1.1,2.8,0.392,342,348,123,337,316,35,26,26,288,129,129,90,30,30,211,55,120,28,189,109,51,51,359,312,385,383,53,46,46,288,338,341,327,326,307,1998-99
1711,Raef LaFrentz,Raef,1610612743,DEN,23.0,12,3,9,0.25,32.4,102.0,103.1,103.1,109.9,110.6,110.6,-7.9,-7.5,-7.5,0.038,0.89,4.7,0.08,0.158,0.116,5.3,5.4,0.504,0.553,0.18,0.182,95.69,94.82,79.01,94.82,0.11,763,59,129,4.9,10.8,0.457,368,382,94,381,74,113,79,79,413,423,423,339,340,340,375,250,381,129,101,115,19,19,80,70,242,245,61,120,120,106,265,273,68,77,125,1998-99
1872,Randell Jackson,Randell,1610612764,WAS,23.0,27,10,17,0.37,9.9,92.2,90.9,90.9,101.8,101.1,101.1,-9.6,-10.2,-10.2,0.056,0.31,5.2,0.1,0.089,0.095,16.9,16.7,0.431,0.467,0.227,0.238,96.79,97.83,81.52,97.83,0.051,550,46,108,1.7,4.0,0.426,300,289,209,320,342,363,365,365,303,297,297,357,372,372,329,377,376,65,281,181,377,371,280,302,84,72,42,63,63,334,288,290,272,272,216,1998-99
753,Randy Brown,Randy,1610612741,CHI,31.0,39,10,29,0.256,29.3,87.4,87.9,87.9,97.1,98.4,98.4,-9.6,-10.5,-10.5,0.256,1.86,24.9,0.022,0.096,0.057,13.4,13.5,0.414,0.471,0.18,0.182,91.72,90.89,75.74,90.89,0.097,2160,132,319,3.4,8.2,0.414,218,289,392,380,106,400,394,394,143,199,199,359,375,375,62,80,71,333,258,304,285,290,329,296,241,248,230,302,302,157,166,155,149,127,250,1998-99
988,Randy Livingston,Randy,1610612756,PHX,24.0,1,1,0,1.0,22.3,113.8,111.1,111.1,97.1,95.7,95.7,16.8,15.5,15.5,0.25,3.0,23.1,0.0,0.083,0.048,7.7,7.8,0.625,0.676,0.213,0.22,96.19,98.08,81.74,98.08,0.169,45,5,8,5.0,8.0,0.625,431,408,1,1,186,9,7,7,144,124,124,12,11,11,64,12,85,415,312,353,36,37,9,7,119,115,54,58,58,14,381,399,62,133,9,1998-99
1740,Rashard Lewis,Rashard,1610612760,SEA,19.0,20,11,9,0.55,7.4,88.3,86.7,86.7,102.0,101.2,101.2,-13.7,-14.5,-14.5,0.047,0.2,4.9,0.077,0.073,0.075,24.4,24.3,0.375,0.404,0.214,0.22,102.44,103.75,86.46,103.75,0.0,316,19,52,1.0,2.6,0.365,333,279,94,172,374,396,399,399,307,302,302,395,406,406,355,389,379,136,353,225,414,413,372,381,115,116,18,21,21,403,341,337,349,340,354,1998-99
739,Rasheed Wallace,Rasheed,1610612757,POR,24.0,49,34,15,0.694,28.9,102.2,102.8,102.8,91.7,91.3,91.3,10.5,11.5,11.5,0.076,0.75,8.6,0.042,0.129,0.087,11.5,11.5,0.522,0.566,0.202,0.206,92.81,92.77,77.31,92.77,0.114,2725,242,476,4.9,9.7,0.508,84,17,172,56,111,104,87,87,35,43,43,27,24,24,280,287,304,237,164,202,179,180,47,49,155,159,164,198,198,95,55,76,65,88,42,1998-99
1725,Rasho Nesterovic,Rasho,1610612750,MIN,23.0,2,0,2,0.0,15.1,108.1,108.2,108.2,105.2,103.2,103.2,2.9,5.0,5.0,0.045,1.0,6.7,0.083,0.208,0.133,6.7,6.7,0.25,0.311,0.189,0.187,97.68,98.6,82.16,98.6,0.004,61,3,12,1.5,6.0,0.25,418,423,25,423,269,20,17,17,365,351,351,120,89,89,357,212,347,116,22,64,25,27,413,411,203,225,35,51,51,401,398,393,291,201,411,1998-99
951,Ray Allen,Ray,1610612749,MIL,23.0,50,28,22,0.56,34.4,103.7,103.6,103.6,99.3,99.9,99.9,4.4,3.7,3.7,0.183,1.46,16.8,0.035,0.096,0.066,11.5,11.5,0.505,0.564,0.236,0.241,90.5,90.31,75.26,90.31,0.125,3234,303,673,6.1,13.5,0.45,1,76,294,155,51,64,66,66,220,247,247,96,109,109,115,142,141,252,262,270,185,181,78,53,66,66,314,331,331,63,26,29,34,41,142,1998-99
674,Reggie Jordan,Reggie,1610612750,MIN,31.0,27,14,13,0.519,10.9,102.2,101.1,101.1,99.2,98.3,98.3,3.0,2.8,2.8,0.194,2.93,32.0,0.08,0.117,0.097,10.9,11.1,0.278,0.361,0.123,0.124,91.94,92.94,77.45,92.94,0.055,564,15,54,0.6,2.0,0.278,300,245,134,210,327,103,122,122,215,195,195,119,133,133,99,14,27,127,192,172,154,163,409,401,397,399,220,193,193,324,346,334,390,366,409,1998-99
397,Reggie Miller,Reggie,1610612754,IND,33.0,50,33,17,0.66,35.8,108.0,108.6,108.6,102.0,102.7,102.7,6.0,5.9,5.9,0.109,1.47,11.6,0.015,0.06,0.039,7.9,7.9,0.517,0.59,0.224,0.227,90.07,89.56,74.64,89.56,0.11,3332,294,671,5.9,13.4,0.438,1,22,209,79,39,22,15,15,308,337,337,71,74,74,198,140,230,377,388,398,42,42,58,25,90,94,336,360,360,105,31,30,40,42,175,1998-99
1073,Reggie Slater,Reggie,1610612761,TOR,28.0,30,9,21,0.3,8.9,100.7,97.7,97.7,107.8,104.9,104.9,-7.1,-7.2,-7.2,0.037,0.2,3.3,0.125,0.134,0.129,16.3,16.8,0.383,0.486,0.232,0.235,93.05,95.73,79.77,95.73,0.027,531,31,81,1.0,2.7,0.383,287,304,277,355,356,145,212,212,402,380,380,329,336,336,378,389,398,21,149,75,366,377,366,262,71,75,153,103,103,379,318,311,337,337,317,1998-99
364,Rex Chapman,Rex,1610612756,PHX,31.0,38,21,17,0.553,31.1,104.1,103.6,103.6,99.7,100.1,100.1,4.4,3.4,3.4,0.149,2.02,16.6,0.01,0.079,0.045,8.2,8.2,0.417,0.46,0.208,0.215,93.26,93.27,77.73,93.27,0.076,2308,165,459,4.3,12.1,0.359,227,161,209,167,84,54,68,68,231,258,258,97,117,117,145,70,144,401,326,369,47,45,324,322,138,134,138,173,173,260,128,81,89,57,370,1998-99
777,Rex Walters,Rex,1610612748,MIA,29.0,33,24,9,0.727,15.3,100.1,98.3,98.3,96.5,95.4,95.4,3.6,2.9,2.9,0.191,1.81,29.7,0.023,0.078,0.053,16.4,16.3,0.427,0.476,0.129,0.134,87.47,88.8,74.0,88.8,0.04,939,35,96,1.1,2.9,0.365,271,128,94,39,267,161,198,198,125,114,114,111,132,132,104,85,35,325,335,324,368,367,294,283,382,381,412,389,389,357,307,298,332,321,357,1998-99
1594,Rick Brunson,Rick,1610612752,NYK,27.0,17,11,6,0.647,5.3,96.6,91.6,91.6,83.1,81.8,81.8,13.5,9.9,9.9,0.333,1.58,31.1,0.031,0.088,0.057,19.7,20.0,0.286,0.294,0.193,0.2,92.02,95.27,79.39,95.27,0.029,179,6,21,0.4,1.2,0.286,346,279,73,94,402,273,355,355,12,14,14,16,35,35,21,119,31,279,295,309,399,403,404,414,189,180,212,112,112,377,375,370,410,407,401,1998-99
296,Rick Fox,Rick,1610612747,LAL,29.0,44,27,17,0.614,21.4,104.7,104.4,104.4,100.5,99.4,99.4,4.2,5.0,5.0,0.16,1.59,17.3,0.028,0.068,0.048,10.9,10.9,0.497,0.534,0.197,0.202,95.0,95.62,79.69,95.62,0.079,1872,148,330,3.4,7.5,0.448,177,87,209,123,197,48,45,45,263,230,230,101,90,90,135,118,137,297,366,352,150,144,99,117,173,171,78,106,106,246,143,149,150,150,147,1998-99
328,Rick Mahorn,Rick,1610612755,PHI,40.0,16,11,5,0.688,7.9,94.3,89.1,89.1,106.5,101.1,101.1,-12.2,-12.0,-12.0,0.024,0.33,6.7,0.056,0.144,0.097,20.0,20.3,0.278,0.302,0.095,0.099,93.52,98.7,82.25,98.7,-0.016,258,5,18,0.3,1.1,0.278,350,279,66,60,368,327,383,383,389,298,298,384,388,388,396,369,347,199,129,166,401,405,409,413,427,426,127,49,49,409,381,378,418,410,409,1998-99
1729,Ricky Davis,Ricky,1610612766,CHH,19.0,46,25,21,0.543,12.2,97.9,96.8,96.8,97.6,97.0,97.0,0.3,-0.2,-0.2,0.186,1.07,17.2,0.079,0.078,0.078,16.0,16.0,0.41,0.462,0.226,0.233,92.76,93.56,77.97,93.56,0.084,1085,81,200,1.8,4.3,0.405,158,113,277,176,302,229,260,260,154,164,164,191,205,205,112,203,138,131,330,221,360,360,337,309,86,82,166,168,168,224,227,223,269,254,274,1998-99
22,Rik Smits,Rik,1610612754,IND,32.0,49,33,16,0.673,26.0,109.1,110.3,110.3,102.5,102.2,102.2,6.6,8.0,8.0,0.077,0.69,6.3,0.064,0.159,0.114,9.1,9.2,0.49,0.527,0.286,0.288,88.85,88.52,73.76,88.52,0.119,2349,310,633,6.3,12.9,0.49,84,22,192,67,146,16,9,9,313,327,327,60,49,49,277,303,354,181,98,123,61,61,116,140,19,21,378,396,396,80,22,35,30,47,62,1998-99
109,Robert Horry,Robert,1610612747,LAL,28.0,38,24,14,0.632,19.6,105.6,105.3,105.3,96.5,96.1,96.1,9.1,9.2,9.2,0.112,1.14,20.6,0.078,0.124,0.102,18.0,18.1,0.527,0.565,0.129,0.131,94.97,95.28,79.4,95.28,0.085,1471,67,146,1.8,3.8,0.459,227,128,160,107,225,39,35,35,123,144,144,39,43,43,191,190,105,132,177,154,384,385,45,51,384,389,80,111,111,220,250,261,268,280,121,1998-99
123,Robert Pack,Robert,1610612742,DAL,30.0,25,10,15,0.4,18.6,93.8,93.2,93.2,102.3,102.1,102.1,-8.5,-8.9,-8.9,0.333,1.65,23.9,0.018,0.055,0.037,14.5,14.3,0.431,0.522,0.242,0.252,93.48,93.87,78.22,93.87,0.117,908,75,174,3.0,7.0,0.431,311,289,172,296,231,337,337,337,311,323,323,347,354,354,21,107,78,357,396,404,323,316,277,152,56,53,131,153,153,86,239,243,169,174,198,1998-99
1714,Robert Traylor,Robert,1610612749,MIL,22.0,49,27,22,0.551,16.0,107.3,106.4,106.4,100.7,100.9,100.9,6.6,5.4,5.4,0.072,0.9,12.0,0.115,0.138,0.127,13.3,13.3,0.537,0.548,0.163,0.167,90.27,90.59,75.49,90.59,0.078,1476,108,201,2.2,4.1,0.537,84,87,294,170,260,27,24,24,271,290,290,59,84,84,291,246,220,37,139,84,280,276,38,80,297,298,324,322,322,251,191,221,226,269,24,1998-99
393,Rod Strickland,Rod,1610612764,WAS,32.0,44,16,28,0.364,37.1,99.5,100.3,100.3,101.1,101.4,101.4,-1.7,-1.0,-1.0,0.438,3.06,33.7,0.035,0.099,0.066,11.0,11.1,0.426,0.488,0.235,0.236,93.07,92.55,77.13,92.55,0.149,3156,251,603,5.7,13.7,0.416,177,225,381,323,22,180,140,140,284,305,305,236,226,226,6,10,19,258,251,266,160,158,296,251,68,73,151,211,211,27,49,45,46,36,244,1998-99
915,Rodney Rogers,Rodney,1610612746,LAC,28.0,47,8,39,0.17,20.6,95.1,94.7,94.7,106.6,106.4,106.4,-11.5,-11.7,-11.7,0.148,1.17,15.8,0.065,0.129,0.095,13.6,13.6,0.471,0.51,0.189,0.192,90.29,90.6,75.5,90.6,0.083,1831,131,297,2.8,6.3,0.441,140,321,430,405,207,314,306,306,390,393,393,379,383,383,146,182,152,175,165,177,296,295,166,184,205,210,322,319,319,231,169,165,188,192,166,1998-99
1518,Rodrick Rhodes,Rodrick,1610612763,VAN,25.0,13,2,11,0.154,12.0,81.3,80.1,80.1,109.9,108.6,108.6,-28.6,-28.5,-28.5,0.164,0.55,11.6,0.052,0.053,0.053,21.1,21.3,0.26,0.341,0.229,0.234,92.57,93.82,78.18,93.82,-0.042,306,13,52,1.0,4.0,0.25,365,392,113,410,307,422,420,420,411,413,413,422,425,425,132,335,231,209,399,329,408,408,412,406,79,77,178,157,157,417,354,337,339,272,411,1998-99
166,Ron Harper,Ron,1610612741,CHI,35.0,35,9,26,0.257,31.6,93.4,94.2,94.2,98.2,99.2,99.2,-4.8,-4.9,-4.9,0.197,1.77,18.6,0.044,0.13,0.085,10.5,10.6,0.412,0.451,0.213,0.214,89.28,88.45,73.71,88.45,0.103,2042,147,390,4.2,11.1,0.377,258,304,358,379,82,349,318,318,168,222,222,296,304,304,98,92,124,227,162,211,126,130,333,333,121,141,362,397,397,132,145,114,97,66,333,1998-99
1500,Ron Mercer,Ron,1610612738,BOS,23.0,41,14,27,0.341,37.9,97.1,97.7,97.7,103.1,103.8,103.8,-5.9,-6.0,-6.0,0.12,1.17,11.0,0.023,0.081,0.051,9.4,9.4,0.435,0.463,0.243,0.246,93.29,92.7,77.25,92.7,0.086,3001,305,707,7.4,17.2,0.431,210,245,367,336,16,255,213,213,330,359,359,310,315,315,176,181,245,324,323,339,73,76,267,305,55,58,137,201,201,212,25,25,16,12,194,1998-99
938,Rony Seikaly,Rony,1610612751,NJN,34.0,9,1,8,0.111,9.9,69.9,67.2,67.2,96.8,94.1,94.1,-26.9,-26.8,-26.8,0.049,0.2,4.9,0.046,0.19,0.109,24.4,25.1,0.2,0.269,0.183,0.188,95.39,98.66,82.21,98.66,-0.063,183,4,20,0.4,2.2,0.2,379,408,85,420,341,433,432,432,132,88,88,421,424,424,347,389,379,222,39,135,414,419,419,419,230,223,71,50,50,421,390,373,405,355,418,1998-99
1728,Roshown McLeod,Roshown,1610612737,ATL,23.0,34,21,13,0.618,10.3,95.6,94.2,94.2,101.4,98.9,98.9,-5.9,-4.8,-4.8,0.09,0.61,6.3,0.035,0.117,0.075,10.4,10.5,0.383,0.443,0.268,0.276,89.35,91.14,75.95,91.14,0.071,669,62,163,1.8,4.8,0.38,265,161,134,121,332,307,320,320,292,214,214,309,302,302,248,321,357,257,191,226,123,125,365,352,34,32,355,285,285,273,261,252,258,240,320,1998-99
1739,Ruben Patterson,Ruben,1610612747,LAL,23.0,24,14,10,0.583,5.9,102.0,95.7,95.7,105.6,105.0,105.0,-3.6,-9.4,-9.4,0.024,0.17,2.5,0.109,0.09,0.1,15.2,15.3,0.422,0.503,0.213,0.229,97.5,100.89,84.08,100.89,0.064,300,21,51,0.9,2.1,0.412,315,245,106,137,392,114,287,287,371,382,382,276,362,362,394,393,403,47,278,161,347,347,312,207,120,89,36,29,29,304,336,341,354,359,256,1998-99
1601,Rusty LaRue,Rusty,1610612741,CHI,25.0,43,10,33,0.233,17.0,92.9,92.7,92.7,102.9,102.8,102.8,-10.0,-10.0,-10.0,0.157,1.85,19.6,0.012,0.071,0.04,10.6,10.6,0.429,0.452,0.163,0.168,90.6,90.74,75.62,90.74,0.053,1387,78,217,1.8,5.0,0.359,188,289,416,385,244,357,343,343,323,344,344,368,370,370,138,81,111,391,360,387,131,129,288,331,298,297,306,309,309,330,231,211,260,228,371,1998-99
1756,Ryan Stack,Ryan,1610612739,CLE,23.0,18,4,14,0.222,11.2,93.7,91.9,91.9,113.4,110.1,110.1,-19.7,-18.2,-18.2,0.045,0.56,8.3,0.103,0.082,0.093,15.0,15.1,0.378,0.513,0.135,0.14,83.35,85.45,71.21,85.45,0.035,357,14,37,0.8,2.1,0.378,342,370,160,387,319,340,350,350,423,419,419,409,409,409,359,334,313,59,316,191,342,342,371,176,368,363,440,438,438,366,351,352,366,365,328,1998-99
208,Sam Cassell,Sam,1610612749,MIL,29.0,8,2,6,0.25,24.9,103.7,102.7,102.7,94.0,92.8,92.8,9.7,9.9,9.9,0.33,1.8,21.1,0.025,0.048,0.037,11.7,11.7,0.43,0.552,0.288,0.296,96.42,97.48,81.24,97.48,0.164,405,39,93,4.9,11.6,0.419,382,392,73,381,160,67,90,90,72,63,63,35,34,34,25,86,100,316,404,406,191,190,282,72,17,16,49,68,68,19,297,300,70,61,234,1998-99
1734,Sam Jacobson,Sam,1610612747,LAL,23.0,2,1,1,0.5,6.0,113.3,107.7,107.7,87.3,84.6,84.6,26.0,23.1,23.1,0.0,0.0,0.0,0.0,0.176,0.107,14.3,14.5,0.6,0.68,0.233,0.24,99.43,103.57,86.31,103.57,0.164,26,3,5,1.5,2.5,0.6,418,408,9,219,390,10,18,18,16,18,18,9,8,8,408,404,408,415,55,140,318,325,11,6,69,71,24,22,22,17,398,414,291,342,11,1998-99
694,Sam Mack,Sam,1610612745,HOU,29.0,44,18,26,0.409,24.6,98.2,98.4,98.4,100.9,100.8,100.8,-2.7,-2.4,-2.4,0.094,1.67,11.2,0.013,0.077,0.045,6.7,6.6,0.548,0.576,0.184,0.19,91.35,91.28,76.07,91.28,0.095,2063,167,384,3.8,8.7,0.435,177,201,358,293,163,219,193,193,276,287,287,254,259,259,233,106,240,388,340,372,27,25,26,37,224,217,254,278,278,166,125,119,115,112,182,1998-99
417,Sam Mitchell,Sam,1610612750,MIN,35.0,50,25,25,0.5,26.9,98.9,98.9,98.9,99.3,99.2,99.2,-0.4,-0.3,-0.3,0.124,2.88,13.4,0.038,0.099,0.066,4.7,4.7,0.417,0.472,0.205,0.208,92.98,93.04,77.53,93.04,0.09,2609,213,522,4.3,10.4,0.408,1,113,347,219,136,194,179,179,221,224,224,201,207,207,174,15,191,249,248,265,18,18,325,292,147,152,157,188,188,187,76,61,95,81,269,1998-99
64,Sam Perkins,Sam,1610612754,IND,38.0,48,31,17,0.646,16.4,100.8,100.1,100.1,98.4,98.1,98.1,2.3,2.0,2.0,0.057,1.14,9.1,0.048,0.142,0.094,8.0,8.0,0.488,0.526,0.152,0.154,87.51,87.9,73.25,87.9,0.084,1441,80,200,1.7,4.2,0.4,114,50,209,95,252,142,148,148,175,193,193,134,155,155,322,192,291,219,135,188,43,44,119,144,322,324,411,416,416,229,228,223,276,267,287,1998-99
955,Samaki Walker,Samaki,1610612742,DAL,23.0,39,11,28,0.282,14.5,92.0,91.1,91.1,104.6,103.1,103.1,-12.5,-12.0,-12.0,0.021,0.16,2.2,0.078,0.166,0.122,13.4,13.4,0.463,0.491,0.215,0.221,90.72,91.82,76.51,91.82,0.07,1081,88,190,2.3,4.9,0.463,218,279,381,366,276,364,362,362,355,350,350,390,389,389,400,395,405,133,86,96,284,285,184,238,110,112,303,250,250,278,217,229,223,236,110,1998-99
1513,Scot Pollard,Scot,1610612758,SAC,24.0,16,10,6,0.625,16.2,103.4,103.2,103.2,92.6,92.3,92.3,10.8,10.9,10.9,0.024,0.8,4.9,0.135,0.158,0.146,6.2,6.2,0.541,0.576,0.122,0.123,97.98,98.22,81.85,98.22,0.111,530,33,61,2.1,3.8,0.541,350,289,73,109,255,74,77,77,48,53,53,25,27,27,395,272,378,15,103,36,23,23,33,36,399,402,31,55,55,103,311,327,238,283,23,1998-99
197,Scott Burrell,Scott,1610612751,NJN,28.0,32,7,25,0.219,22.1,94.2,94.0,94.0,95.6,95.2,95.2,-1.4,-1.2,-1.2,0.111,1.96,15.3,0.041,0.125,0.081,7.8,7.8,0.428,0.468,0.151,0.155,94.25,94.57,78.81,94.57,0.087,1394,75,208,2.3,6.5,0.361,275,333,347,388,187,330,325,325,100,111,111,227,232,232,193,73,160,240,174,219,40,41,291,299,323,322,102,127,127,210,239,215,218,187,367,1998-99
281,Scott Williams,Scott,1610612749,MIL,31.0,7,5,2,0.714,6.6,87.0,82.4,82.4,103.1,101.1,101.1,-16.1,-18.7,-18.7,0.048,0.25,4.0,0.06,0.204,0.135,16.0,15.9,0.294,0.349,0.231,0.243,91.15,94.54,78.78,94.54,0.035,91,5,17,0.7,2.4,0.294,389,360,25,44,380,404,416,416,329,296,296,404,413,413,351,381,390,187,25,62,362,359,403,405,75,62,271,129,129,367,381,381,372,346,398,1998-99
937,Scottie Pippen,Scottie,1610612745,HOU,33.0,50,31,19,0.62,40.3,101.6,102.0,102.0,100.1,100.7,100.7,1.6,1.3,1.3,0.248,1.84,25.7,0.035,0.126,0.084,13.9,14.0,0.492,0.53,0.196,0.198,91.17,90.68,75.57,90.68,0.12,3810,261,604,5.2,12.1,0.432,1,50,245,114,6,122,100,100,251,280,280,157,168,168,69,82,63,254,172,213,305,305,113,126,176,186,270,314,314,75,43,44,55,56,191,1998-99
251,Sean Elliott,Sean,1610612759,SAS,31.0,50,37,13,0.74,30.2,101.1,101.7,101.7,94.9,95.6,95.6,6.2,6.0,6.0,0.132,1.65,15.4,0.025,0.109,0.07,9.4,9.4,0.449,0.493,0.196,0.198,91.56,90.95,75.79,90.95,0.088,2857,208,507,4.2,10.1,0.41,1,1,134,27,94,135,108,108,83,123,123,67,70,70,161,109,155,315,223,246,71,74,222,235,177,190,240,299,299,202,79,65,98,84,265,1998-99
1752,Sean Marks,Sean,1610612761,TOR,23.0,8,4,4,0.5,3.2,101.6,94.8,94.8,144.3,146.6,146.6,-42.6,-51.7,-51.7,0.0,0.0,0.0,0.0,0.05,0.023,25.0,25.3,0.625,0.619,0.188,0.204,105.21,107.97,89.97,107.97,0.025,58,5,8,0.6,1.0,0.625,382,370,55,219,423,123,303,303,436,437,437,433,435,435,408,404,408,415,402,423,417,420,9,15,210,165,13,16,16,383,381,399,377,412,9,1998-99
399,Sean Rooks,Sean,1610612747,LAL,29.0,36,21,15,0.583,8.7,98.3,95.3,95.3,105.8,103.6,103.6,-7.5,-8.3,-8.3,0.05,0.43,6.9,0.098,0.135,0.115,16.0,16.1,0.405,0.489,0.166,0.171,94.49,96.93,80.78,96.93,0.028,638,32,79,0.9,2.2,0.405,246,161,172,137,358,217,293,293,374,358,358,332,345,345,338,360,343,70,145,119,364,364,344,244,292,285,93,77,77,378,314,314,352,357,273,1998-99
1742,Shammond Williams,Shammond,1610612737,ATL,24.0,2,2,0,1.0,2.1,119.0,100.0,100.0,161.9,160.0,160.0,-42.9,-60.0,-60.0,1.0,0.0,25.0,0.0,0.0,0.0,0.0,0.0,0.0,0.543,0.273,0.294,104.46,114.29,95.24,114.29,0.093,10,0,1,0.0,0.5,0.0,418,392,1,1,433,7,150,150,439,439,439,434,438,438,1,404,67,415,423,427,1,1,428,96,28,18,14,8,8,175,428,427,428,432,428,1998-99
1000,Shandon Anderson,Shandon,1610612762,UTA,25.0,50,37,13,0.74,21.4,98.2,98.8,98.8,96.2,97.1,97.1,2.0,1.7,1.7,0.105,0.85,10.4,0.052,0.079,0.066,12.2,12.2,0.466,0.511,0.211,0.215,89.05,88.36,73.63,88.36,0.094,1971,162,363,3.2,7.3,0.446,1,1,134,27,195,220,182,182,116,167,167,146,159,159,209,261,258,208,327,267,221,220,181,180,127,131,370,399,399,172,132,129,155,162,149,1998-99
406,Shaquille O'Neal,Shaquille,1610612747,LAL,27.0,49,31,18,0.633,34.8,107.8,109.7,109.7,101.4,102.7,102.7,6.4,7.0,7.0,0.132,0.93,8.5,0.117,0.199,0.16,9.1,9.1,0.576,0.584,0.323,0.325,94.09,92.7,77.25,92.7,0.192,3286,510,885,10.4,18.1,0.576,84,50,231,102,50,23,12,12,289,340,340,62,60,60,162,241,305,35,31,16,59,59,15,29,9,9,109,202,202,7,1,5,1,5,13,1998-99
949,Shareef Abdur-Rahim,Shareef,1610612763,VAN,22.0,50,8,42,0.16,40.4,96.4,97.4,97.4,106.2,106.9,106.9,-9.7,-9.5,-9.5,0.174,0.92,12.0,0.058,0.138,0.097,13.0,12.9,0.438,0.53,0.282,0.288,92.02,91.23,76.03,91.23,0.138,3840,386,893,7.7,17.9,0.432,1,321,439,408,5,281,228,228,381,401,401,361,364,364,122,244,223,192,140,167,262,254,258,125,20,20,214,282,282,34,9,4,11,8,189,1998-99
762,Shawn Bradley,Shawn,1610612742,DAL,27.0,49,19,30,0.388,26.4,103.1,103.3,103.3,97.6,97.8,97.8,5.4,5.5,5.5,0.051,0.71,8.1,0.101,0.201,0.152,11.3,11.3,0.48,0.527,0.161,0.164,89.35,89.2,74.33,89.2,0.123,2407,167,348,3.4,7.1,0.48,84,185,399,305,142,84,76,76,156,182,182,80,83,83,337,294,320,61,28,27,172,171,141,139,305,306,356,379,379,67,125,137,146,169,78,1998-99
431,Shawn Kemp,Shawn,1610612739,CLE,29.0,42,21,21,0.5,35.0,99.3,100.7,100.7,98.8,99.3,99.3,0.5,1.4,1.4,0.14,0.8,10.3,0.099,0.188,0.144,12.9,13.0,0.483,0.578,0.279,0.281,91.0,90.1,75.08,90.1,0.166,2755,277,575,6.6,13.7,0.482,197,161,277,219,48,184,134,134,197,229,229,186,166,166,153,275,261,68,40,42,261,266,133,33,23,26,281,338,338,15,36,50,25,37,76,1998-99
704,Shawn Respert,Shawn,1610612756,PHX,27.0,12,6,6,0.5,8.0,92.4,88.6,88.6,93.8,95.7,95.7,-1.4,-7.1,-7.1,0.17,1.6,15.1,0.02,0.103,0.063,9.4,9.4,0.417,0.458,0.205,0.218,93.85,94.81,79.0,94.81,0.082,193,13,36,1.1,3.0,0.361,368,348,73,219,367,362,387,387,69,130,130,223,335,335,128,117,163,343,236,276,76,71,325,323,144,124,117,122,122,241,354,353,329,312,365,1998-99
428,Sherman Douglas,Sherman,1610612746,LAC,32.0,30,6,24,0.2,28.1,96.9,98.3,98.3,107.3,107.7,107.7,-10.4,-9.4,-9.4,0.248,2.03,27.9,0.019,0.056,0.036,13.7,13.8,0.438,0.48,0.17,0.171,90.55,89.74,74.79,89.74,0.076,1585,96,219,3.2,7.3,0.438,287,348,337,391,120,267,197,197,396,407,407,369,363,363,70,69,48,352,395,407,302,302,259,270,280,287,311,351,351,255,207,208,161,160,172,1998-99
278,Stacey Augmon,Stacey,1610612757,POR,30.0,48,33,15,0.688,18.1,99.9,99.1,99.1,91.2,91.8,91.8,8.7,7.3,7.3,0.109,1.93,19.5,0.058,0.09,0.075,10.1,10.2,0.448,0.501,0.126,0.128,91.06,91.06,75.89,91.06,0.088,1633,78,174,1.6,3.6,0.448,114,22,172,60,236,171,171,171,34,47,47,41,58,58,199,76,113,193,277,228,108,111,225,209,393,394,278,290,290,203,231,243,280,291,148,1998-99
914,Stanley Roberts,Stanley,1610612745,HOU,29.0,6,4,2,0.667,5.3,105.8,100.0,100.0,79.3,74.2,74.2,26.5,25.8,25.8,0.0,0.0,0.0,0.148,0.179,0.167,19.0,19.5,0.385,0.424,0.292,0.304,91.71,97.5,81.25,97.5,0.075,64,5,13,0.8,2.2,0.385,393,370,25,73,403,36,150,150,8,9,9,8,7,7,408,404,408,11,51,13,393,397,364,368,15,13,232,67,67,262,381,388,359,358,315,1998-99
950,Stephon Marbury,Stephon,1610612751,NJN,22.0,49,25,24,0.51,38.6,102.2,103.1,103.1,99.8,100.4,100.4,2.4,2.7,2.7,0.411,2.66,27.2,0.018,0.057,0.037,10.2,10.2,0.465,0.519,0.267,0.271,94.63,93.92,78.27,93.92,0.137,3700,378,883,7.7,18.0,0.428,84,113,337,217,12,108,82,82,237,271,271,131,136,136,9,29,55,360,392,405,118,114,182,160,37,39,88,151,151,36,11,6,12,6,211,1998-99
1667,Steve Henson,Steve,1610612765,DET,31.0,4,0,4,0.0,5.7,80.6,77.1,77.1,79.6,73.9,73.9,1.0,3.2,3.2,0.3,1.0,33.3,0.0,0.0,0.0,33.3,33.8,0.5,0.694,0.107,0.111,93.24,98.88,82.4,98.88,0.091,48,1,2,0.3,0.5,0.5,402,423,55,423,395,423,425,425,9,8,8,176,124,124,44,212,22,415,423,427,433,434,87,5,417,414,142,48,48,184,413,422,419,432,46,1998-99
70,Steve Kerr,Steve,1610612759,SAS,33.0,44,31,13,0.705,16.6,98.9,97.8,97.8,92.4,92.4,92.4,6.4,5.4,5.4,0.111,2.23,19.2,0.008,0.048,0.029,8.6,8.4,0.463,0.507,0.127,0.134,91.32,91.85,76.54,91.85,0.076,1399,68,174,1.5,4.0,0.391,177,50,134,49,249,196,210,210,44,54,54,63,85,85,197,50,118,405,405,416,50,49,188,189,389,382,256,247,247,256,248,243,287,276,309,1998-99
959,Steve Nash,Steve,1610612742,DAL,25.0,40,13,27,0.325,31.7,99.3,100.3,100.3,100.2,100.6,100.6,-0.9,-0.3,-0.3,0.269,2.64,34.7,0.025,0.065,0.045,13.2,13.0,0.441,0.471,0.147,0.151,90.98,90.33,75.28,90.33,0.074,2389,114,314,2.9,7.9,0.363,215,264,367,347,79,185,143,143,257,274,274,209,210,210,57,30,15,312,374,371,274,267,249,294,337,335,282,330,330,263,183,157,182,141,361,1998-99
120,Steven Smith,Steven,1610612737,ATL,30.0,36,25,11,0.694,36.5,102.4,102.9,102.9,92.6,93.3,93.3,9.8,9.5,9.5,0.178,1.19,13.8,0.04,0.073,0.058,11.6,11.6,0.445,0.526,0.258,0.264,88.9,88.33,73.61,88.33,0.122,2418,217,540,6.0,15.0,0.402,246,113,113,55,31,100,86,86,49,72,72,33,41,41,118,177,181,244,352,303,187,184,235,143,44,43,377,401,401,70,69,58,35,24,283,1998-99
1037,Stojko Vrankovic,Stojko,1610612746,LAC,35.0,2,0,2,0.0,6.1,101.5,96.0,96.0,157.8,150.0,150.0,-56.2,-54.0,-54.0,0.0,0.0,0.0,0.267,0.222,0.25,0.0,0.0,0.25,0.25,0.133,0.14,94.77,99.95,83.29,99.95,0.019,25,1,4,0.5,2.0,0.25,418,423,25,423,388,128,281,281,438,438,438,436,436,436,408,404,408,1,13,1,1,1,413,420,373,365,84,37,37,390,413,417,392,366,411,1998-99
1505,Tariq Abdul-Wahad,Tariq,1610612758,SAC,24.0,49,27,22,0.551,24.5,97.9,98.0,98.0,100.6,102.0,102.0,-2.7,-4.1,-4.1,0.062,0.71,8.5,0.055,0.086,0.071,11.9,11.9,0.442,0.486,0.184,0.187,100.96,100.23,83.53,100.23,0.059,2502,177,407,3.6,8.3,0.435,84,87,294,170,164,227,207,207,267,321,321,256,295,295,314,294,307,202,302,241,200,201,244,259,223,226,19,32,32,317,105,105,129,118,183,1998-99
210,Terrell Brandon,Terrell,1610612750,MIN,29.0,36,20,16,0.556,33.9,101.4,101.9,101.9,100.0,100.4,100.4,1.4,1.5,1.5,0.411,4.18,33.6,0.021,0.094,0.056,8.0,8.0,0.43,0.463,0.224,0.229,92.72,92.31,76.93,92.31,0.136,2343,212,507,5.9,14.1,0.418,246,173,192,164,58,131,103,103,246,269,269,161,163,163,10,2,20,338,269,313,44,43,283,308,89,90,169,225,225,38,77,65,39,31,239,1998-99
187,Terry Cummings,Terry,1610612744,GSW,38.0,50,21,29,0.42,20.2,95.6,94.5,94.5,100.2,95.9,95.9,-4.6,-1.4,-1.4,0.107,1.0,9.7,0.086,0.161,0.121,9.7,9.8,0.44,0.479,0.226,0.231,91.61,94.15,78.46,94.15,0.102,1988,186,424,3.7,8.5,0.439,1,161,392,285,216,304,310,310,258,136,136,295,239,239,205,212,271,108,96,102,88,89,252,273,88,85,237,142,142,137,96,93,122,115,171,1998-99
426,Terry Davis,Terry,1610612764,WAS,32.0,37,14,23,0.378,15.6,98.5,98.8,98.8,100.0,100.4,100.4,-1.5,-1.6,-1.6,0.026,0.63,7.6,0.091,0.176,0.132,12.1,11.9,0.533,0.579,0.099,0.102,90.18,89.91,74.92,89.91,0.066,1080,49,92,1.3,2.5,0.533,238,245,315,314,264,208,181,181,247,268,268,230,244,244,390,317,330,89,57,70,209,199,42,32,424,424,326,345,345,294,284,302,308,345,28,1998-99
143,Terry Dehere,Terry,1610612763,VAN,27.0,26,5,21,0.192,11.1,93.5,93.1,93.1,105.9,104.6,104.6,-12.5,-11.5,-11.5,0.171,1.69,20.6,0.023,0.059,0.041,12.2,12.2,0.459,0.471,0.162,0.165,90.05,90.85,75.71,90.85,0.047,547,31,85,1.2,3.3,0.365,307,360,277,396,321,344,338,338,377,373,373,388,381,381,127,104,104,326,390,383,219,218,197,295,302,302,337,306,306,344,318,308,321,303,356,1998-99
371,Terry Mills,Terry,1610612748,MIA,31.0,1,0,1,0.0,29.5,95.9,94.7,94.7,109.9,108.9,108.9,-13.9,-14.2,-14.2,0.0,0.0,0.0,0.143,0.043,0.091,25.0,25.3,0.5,0.507,0.185,0.191,91.04,92.02,76.68,92.02,0.005,57,3,8,3.0,8.0,0.375,431,423,9,423,103,295,305,305,412,415,415,396,404,404,408,404,408,14,409,197,417,420,87,191,221,214,279,243,243,400,398,399,169,133,337,1998-99
345,Terry Porter,Terry,1610612748,MIA,36.0,50,33,17,0.66,27.3,101.7,101.4,101.4,97.4,97.1,97.1,4.3,4.3,4.3,0.212,1.97,22.3,0.011,0.092,0.055,11.3,11.3,0.543,0.603,0.182,0.187,86.39,86.65,72.21,86.65,0.133,2463,172,370,3.4,7.4,0.465,1,22,209,79,131,120,113,113,150,168,168,99,102,102,84,72,92,397,273,319,173,170,31,19,235,227,430,431,431,45,111,126,140,157,106,1998-99
689,Theo Ratliff,Theo,1610612755,PHI,26.0,50,28,22,0.56,32.5,96.3,96.9,96.9,94.3,94.6,94.6,2.0,2.2,2.2,0.033,0.33,4.6,0.087,0.172,0.129,14.2,14.3,0.47,0.539,0.173,0.173,89.98,89.53,74.61,89.53,0.117,3027,197,419,3.9,8.4,0.47,1,76,294,155,73,288,256,256,76,95,95,144,149,149,382,376,384,98,70,76,313,318,170,108,266,281,339,363,363,83,87,96,106,117,102,1998-99
1847,Thurl Bailey,Thurl,1610612762,UTA,38.0,43,32,11,0.744,12.7,96.5,96.3,96.3,93.7,92.7,92.7,2.8,3.6,3.6,0.093,0.96,10.7,0.073,0.11,0.092,11.1,11.1,0.446,0.476,0.187,0.19,89.16,89.72,74.77,89.72,0.072,1011,78,175,1.8,4.1,0.446,188,42,113,26,292,277,269,269,67,59,59,124,112,112,240,235,253,149,221,194,162,162,234,280,216,216,365,353,353,270,231,242,260,271,153,1998-99
1495,Tim Duncan,Tim,1610612759,SAS,23.0,50,37,13,0.74,39.3,102.3,103.2,103.2,92.2,92.5,92.5,10.1,10.7,10.7,0.117,0.83,9.5,0.087,0.197,0.146,11.5,11.5,0.495,0.541,0.272,0.274,90.96,90.41,75.34,90.41,0.17,3686,418,845,8.4,16.9,0.495,1,1,134,27,9,101,78,78,40,56,56,28,28,28,181,267,276,99,34,38,178,179,101,102,30,34,284,326,326,12,3,9,5,14,59,1998-99
896,Tim Hardaway,Tim,1610612748,MIA,32.0,48,32,16,0.667,36.8,103.1,103.0,103.0,96.0,96.1,96.1,7.1,6.9,6.9,0.383,2.69,27.2,0.009,0.078,0.046,10.1,10.1,0.475,0.511,0.257,0.263,87.71,87.77,73.14,87.77,0.139,3239,301,752,6.3,15.7,0.4,114,42,192,73,26,83,84,84,110,141,141,52,62,62,14,28,56,403,332,364,109,102,157,181,45,44,405,419,419,33,28,18,31,20,286,1998-99
100,Tim Legler,Tim,1610612764,WAS,32.0,30,8,22,0.267,12.6,94.8,94.5,94.5,99.0,94.6,94.6,-4.2,-0.1,-0.1,0.091,1.5,13.8,0.02,0.086,0.051,9.2,9.2,0.504,0.506,0.149,0.153,94.44,96.71,80.59,96.71,0.056,763,51,115,1.7,3.8,0.443,287,321,294,373,295,321,311,311,203,93,93,289,200,200,242,131,182,344,303,335,63,62,79,195,329,330,96,80,80,321,278,286,273,281,160,1998-99
1501,Tim Thomas,Tim,1610612749,MIL,22.0,50,26,24,0.52,16.3,99.7,99.2,99.2,103.1,102.7,102.7,-3.4,-3.6,-3.6,0.1,1.0,10.8,0.065,0.104,0.085,10.8,10.9,0.511,0.545,0.209,0.212,91.12,91.51,76.26,91.51,0.084,1564,132,279,2.6,5.6,0.473,1,106,337,207,254,174,169,169,331,342,342,273,284,284,222,212,246,174,234,209,145,152,70,90,136,145,273,267,267,226,166,174,196,214,93,1998-99
1753,Toby Bailey,Toby,1610612756,PHX,23.0,27,16,11,0.593,9.2,97.4,95.7,95.7,104.7,102.3,102.3,-7.3,-6.6,-6.6,0.083,1.18,11.2,0.091,0.13,0.11,9.5,9.5,0.401,0.425,0.179,0.185,91.84,93.81,78.17,93.81,0.062,484,34,86,1.3,3.2,0.395,300,225,113,129,351,244,288,288,359,329,329,331,329,329,262,178,238,83,161,134,80,80,347,367,244,238,225,158,158,310,310,307,314,305,299,1998-99
957,Todd Fuller,Todd,1610612762,UTA,24.0,42,30,12,0.714,11.1,96.4,96.2,96.2,97.8,96.6,96.6,-1.5,-0.4,-0.4,0.023,0.22,3.3,0.067,0.156,0.114,14.9,15.1,0.452,0.486,0.173,0.175,90.87,91.49,76.24,91.49,0.06,879,56,124,1.3,3.0,0.452,197,64,123,44,323,283,273,273,162,157,157,228,211,211,397,388,397,167,105,127,339,343,215,258,265,272,289,271,271,312,270,277,305,317,137,1998-99
339,Tom Gugliotta,Tom,1610612756,PHX,29.0,43,23,20,0.535,36.3,104.7,104.3,104.3,99.9,100.8,100.8,4.9,3.5,3.5,0.134,1.38,13.7,0.086,0.163,0.125,10.0,10.0,0.485,0.545,0.22,0.223,93.23,92.97,77.48,92.97,0.133,3021,277,573,6.4,13.3,0.483,188,138,262,190,32,46,51,51,239,286,286,86,116,116,159,155,186,102,93,89,94,98,125,91,97,108,143,192,192,46,36,51,27,45,71,1998-99
67,Tom Hammonds,Tom,1610612750,MIN,32.0,49,25,24,0.51,14.6,96.0,95.8,95.8,97.3,95.8,95.8,-1.2,-0.1,-0.1,0.047,0.63,7.6,0.071,0.12,0.094,12.1,12.1,0.458,0.5,0.149,0.154,91.09,91.91,76.59,91.91,0.056,1367,82,179,1.7,3.7,0.458,84,113,337,217,275,293,285,285,147,133,133,217,199,199,354,317,330,153,186,185,209,211,199,211,328,329,274,245,245,320,224,239,275,289,123,1998-99
389,Toni Kukoc,Toni,1610612741,CHI,30.0,44,13,31,0.295,37.6,93.3,94.5,94.5,98.3,99.8,99.8,-5.0,-5.3,-5.3,0.305,1.94,19.6,0.039,0.156,0.096,10.1,10.1,0.447,0.491,0.272,0.275,90.1,88.85,74.05,88.85,0.152,3067,315,749,7.2,17.0,0.421,177,264,404,357,18,350,312,312,169,242,242,299,310,310,39,75,112,245,106,176,104,104,229,240,29,33,335,385,385,26,20,20,20,13,231,1998-99
1499,Tony Battie,Tony,1610612738,BOS,23.0,50,19,31,0.38,22.4,96.7,96.3,96.3,95.4,94.7,94.7,1.3,1.5,1.5,0.077,1.18,13.0,0.084,0.184,0.134,11.0,11.0,0.519,0.541,0.14,0.143,94.06,94.62,78.85,94.62,0.108,2195,147,283,2.9,5.7,0.519,1,185,404,309,184,270,272,272,95,98,98,165,164,164,275,179,199,111,46,63,158,157,54,103,354,358,111,126,126,115,145,173,177,212,33,1998-99
960,Tony Delk,Tony,1610612744,GSW,25.0,36,15,21,0.417,17.5,91.1,89.9,89.9,102.0,99.6,99.6,-10.9,-9.7,-9.7,0.276,2.11,22.4,0.015,0.064,0.039,10.6,10.6,0.395,0.433,0.219,0.227,93.05,94.8,79.0,94.8,0.077,1247,92,253,2.6,7.0,0.364,246,237,277,288,240,373,374,374,305,237,237,374,367,367,53,57,90,379,376,399,133,131,356,362,101,95,152,123,123,252,213,193,200,173,360,1998-99
763,Tony Massenburg,Tony,1610612763,VAN,31.0,43,7,36,0.163,26.7,95.4,96.4,96.4,105.1,106.2,106.2,-9.7,-9.7,-9.7,0.039,0.36,4.2,0.075,0.163,0.118,11.7,11.8,0.487,0.527,0.206,0.208,92.55,91.56,76.3,91.56,0.097,2193,189,388,4.4,9.0,0.487,188,333,421,406,140,310,265,265,364,389,389,362,368,368,373,368,389,140,92,110,193,194,120,137,141,155,180,264,264,155,90,115,87,108,65,1998-99
1503,Tracy McGrady,Tracy,1610612761,TOR,20.0,49,23,26,0.469,22.5,101.4,100.4,100.4,102.8,101.7,101.7,-1.4,-1.3,-1.3,0.187,1.41,17.4,0.106,0.147,0.126,12.3,12.4,0.447,0.504,0.209,0.214,92.71,93.73,78.11,93.73,0.13,2153,168,385,3.4,7.9,0.436,84,138,358,258,183,130,139,139,320,312,312,226,237,237,110,150,136,53,121,87,226,230,228,202,134,139,171,162,162,51,121,118,143,139,180,1998-99
145,Tracy Murray,Tracy,1610612764,WAS,27.0,36,14,22,0.389,18.1,97.1,96.2,96.2,102.9,100.9,100.9,-5.8,-4.7,-4.7,0.07,0.93,8.7,0.026,0.102,0.062,9.3,9.3,0.42,0.456,0.192,0.197,93.47,94.86,79.05,94.86,0.054,1299,83,237,2.3,6.6,0.35,246,245,294,303,235,257,278,278,322,288,288,307,300,300,298,242,303,304,241,280,65,66,318,326,191,191,132,117,117,327,222,200,219,183,374,1998-99
696,Travis Best,Travis,1610612754,IND,26.0,49,33,16,0.673,21.3,101.6,100.8,100.8,99.3,99.8,99.8,2.2,1.0,1.0,0.308,2.73,29.4,0.019,0.064,0.041,10.8,10.8,0.452,0.507,0.184,0.188,88.54,88.68,73.9,88.68,0.099,1919,127,305,2.6,6.2,0.416,84,22,192,67,198,126,132,132,218,244,244,139,177,177,37,23,38,347,379,381,144,140,214,193,226,222,386,390,390,150,171,160,198,195,243,1998-99
969,Travis Knight,Travis,1610612747,LAL,24.0,37,24,13,0.649,14.3,104.7,104.4,104.4,103.8,101.8,101.8,0.9,2.6,2.6,0.087,0.89,14.9,0.068,0.173,0.123,16.8,16.8,0.515,0.546,0.147,0.15,95.3,96.44,80.37,96.44,0.07,1055,67,130,1.8,3.5,0.515,238,128,134,93,278,45,48,48,341,313,313,178,138,138,251,251,166,162,63,94,376,374,59,83,335,339,73,86,86,282,250,272,262,294,35,1998-99
1576,Travis Williams,Travis,1610612766,CHH,30.0,8,0,8,0.0,7.9,70.8,67.7,67.7,91.8,89.5,89.5,-21.0,-21.8,-21.8,0.071,0.33,8.7,0.082,0.194,0.136,26.1,26.4,0.462,0.508,0.141,0.146,96.54,100.02,83.35,100.02,0.084,130,6,13,0.8,1.6,0.462,382,423,85,423,369,432,431,431,36,32,32,416,419,419,294,369,302,121,35,60,423,424,192,186,353,350,45,36,36,230,375,388,368,388,115,1998-99
1868,Trevor Winter,Trevor,1610612750,MIN,25.0,1,0,1,0.0,4.9,112.6,111.1,111.1,133.9,120.0,120.0,-21.3,-8.9,-8.9,0.0,0.0,0.0,0.1,0.5,0.214,0.0,0.0,0.0,0.0,0.0,0.0,87.38,93.06,77.55,93.06,-0.167,9,0,0,0.0,0.0,0.0,431,423,9,423,409,12,7,7,432,430,430,417,353,353,408,404,408,65,1,3,1,1,428,432,439,439,415,187,187,431,428,438,428,438,428,1998-99
1607,Troy Hudson,Troy,1610612746,LAC,23.0,25,6,19,0.24,21.0,98.8,99.0,99.0,106.3,105.6,105.6,-7.5,-6.5,-6.5,0.286,2.42,31.0,0.028,0.084,0.054,12.8,12.8,0.45,0.507,0.173,0.176,92.08,92.32,76.94,92.32,0.101,1007,60,150,2.4,6.0,0.4,311,348,245,384,204,202,176,176,385,385,385,333,328,328,50,36,33,295,310,322,252,251,217,190,267,271,207,224,224,141,264,259,212,201,287,1998-99
895,Tyrone Corbin,Tyrone,1610612737,ATL,36.0,47,30,17,0.638,22.7,96.3,96.7,96.7,92.6,92.7,92.7,3.7,4.0,4.0,0.08,1.0,9.5,0.033,0.103,0.067,9.5,9.4,0.449,0.477,0.174,0.179,88.38,88.09,73.41,88.09,0.085,1968,131,334,2.8,7.1,0.392,140,64,209,99,180,290,262,262,50,62,62,110,106,106,270,212,277,268,237,262,79,78,221,278,262,260,390,408,408,219,169,146,188,168,306,1998-99
238,Tyrone Hill,Tyrone,1610612755,PHI,31.0,38,21,17,0.553,29.2,96.3,96.3,96.3,96.3,96.6,96.6,0.0,-0.3,-0.3,0.056,0.59,8.1,0.103,0.166,0.133,13.7,13.8,0.455,0.487,0.164,0.165,89.52,89.34,74.45,89.34,0.074,2051,122,268,3.2,7.1,0.455,227,161,209,167,107,289,271,271,117,156,156,193,209,209,327,324,319,58,88,67,299,301,205,257,296,304,350,374,374,265,176,182,160,171,126,1998-99
1838,Tyrone Nesby,Tyrone,1610612746,LAC,23.0,50,9,41,0.18,25.7,100.0,100.2,100.2,106.4,106.4,106.4,-6.4,-6.2,-6.2,0.109,1.55,13.8,0.044,0.1,0.07,8.9,8.9,0.493,0.543,0.178,0.183,92.2,92.11,76.76,92.11,0.095,2470,182,405,3.6,8.1,0.449,1,304,434,401,151,165,146,146,386,394,394,320,316,316,200,127,184,229,246,243,53,54,111,98,248,244,203,237,237,165,101,107,127,130,145,1998-99
1731,Tyronn Lue,Tyronn,1610612747,LAL,22.0,15,7,8,0.467,12.7,109.2,106.5,106.5,107.5,107.1,107.1,1.7,-0.5,-0.5,0.207,2.27,22.7,0.005,0.021,0.013,10.0,10.0,0.485,0.505,0.192,0.199,95.05,96.39,80.32,96.39,0.042,382,28,65,1.9,4.3,0.431,358,333,85,260,293,15,23,23,399,403,403,156,215,215,87,46,87,413,421,425,96,95,126,197,191,183,77,88,88,355,327,324,254,255,199,1998-99
1755,Tyson Wheeler,Tyson,1610612743,DEN,23.0,1,0,1,0.0,3.1,204.1,200.0,200.0,141.8,114.3,114.3,62.2,85.7,85.7,0.667,0.0,50.0,0.0,0.0,0.0,0.0,0.0,1.5,1.064,0.333,0.32,88.24,99.57,82.98,99.57,0.229,6,1,1,1.0,1.0,1.0,431,423,9,423,425,1,1,1,435,426,426,3,2,2,2,404,2,415,423,427,1,1,1,1,4,11,394,41,41,4,413,427,339,412,1,1998-99
137,Vernon Maxwell,Vernon,1610612758,SAC,33.0,46,25,21,0.543,21.9,103.4,103.5,103.5,100.7,100.8,100.8,2.8,2.7,2.7,0.129,1.13,12.4,0.013,0.068,0.04,10.9,10.9,0.485,0.522,0.23,0.234,96.53,96.46,80.38,96.46,0.069,2027,164,421,3.6,9.2,0.39,158,113,277,176,189,73,71,71,268,284,284,123,137,137,167,193,213,390,369,386,153,146,127,151,78,80,46,85,85,285,129,95,132,105,310,1998-99
452,Vin Baker,Vin,1610612760,SEA,27.0,34,18,16,0.529,34.2,102.8,103.9,103.9,100.3,100.2,100.2,2.4,3.7,3.7,0.086,0.74,8.7,0.077,0.111,0.094,11.8,11.9,0.453,0.461,0.231,0.233,89.84,89.37,74.48,89.37,0.063,2152,198,437,5.8,12.9,0.453,265,201,192,195,54,92,57,57,261,262,262,132,108,108,254,289,301,135,217,189,198,200,211,316,74,81,344,371,371,307,84,90,42,49,132,1998-99
1713,Vince Carter,Vince,1610612761,TOR,22.0,50,23,27,0.46,35.2,99.9,100.4,100.4,98.7,99.2,99.2,1.2,1.2,1.2,0.164,1.35,13.0,0.053,0.111,0.081,9.6,9.6,0.463,0.516,0.253,0.257,91.48,90.99,75.82,90.99,0.128,3340,345,766,6.9,15.3,0.45,1,138,367,264,45,169,138,138,192,226,226,171,169,169,133,159,198,206,219,218,83,83,186,168,48,49,246,295,295,55,16,16,22,23,141,1998-99
219,Vinny Del Negro,Vinny,1610612749,MIL,32.0,48,27,21,0.563,22.8,100.2,99.2,99.2,100.5,100.7,100.7,-0.3,-1.5,-1.5,0.269,3.16,33.3,0.014,0.085,0.05,10.5,10.6,0.446,0.481,0.151,0.154,87.8,88.2,73.5,88.2,0.1,2023,114,270,2.4,5.6,0.422,114,87,277,153,179,158,170,170,264,279,279,196,242,242,58,9,22,384,306,346,127,128,231,268,324,325,403,405,405,145,183,181,214,213,223,1998-99
958,Vitaly Potapenko,Vitaly,1610612738,BOS,24.0,50,20,30,0.4,27.9,98.8,99.4,99.4,99.2,98.5,98.5,-0.4,0.9,0.9,0.095,0.75,11.4,0.087,0.168,0.127,15.2,15.3,0.495,0.52,0.193,0.195,90.75,90.85,75.71,90.85,0.089,2629,204,412,4.1,8.2,0.495,1,173,399,296,124,201,163,163,212,201,201,200,179,179,230,287,235,100,83,83,346,348,102,158,187,197,298,305,305,195,81,102,100,124,56,1998-99
124,Vlade Divac,Vlade,1610612758,SAC,31.0,50,27,23,0.54,35.1,99.9,100.3,100.3,98.7,99.4,99.4,1.2,0.9,0.9,0.19,1.64,21.1,0.074,0.187,0.131,12.8,12.9,0.48,0.533,0.193,0.194,98.91,98.34,81.95,98.34,0.129,3594,262,557,5.2,11.1,0.47,1,87,315,180,46,168,142,142,190,231,231,170,181,181,106,111,99,145,43,72,255,257,137,118,185,201,28,54,54,52,42,53,54,67,101,1998-99
1735,Vladimir Stepania,Vladimir,1610612760,SEA,23.0,23,11,12,0.478,13.5,100.1,100.5,100.5,106.4,104.6,104.6,-6.3,-4.2,-4.2,0.065,0.38,6.4,0.087,0.146,0.117,17.1,17.1,0.424,0.445,0.238,0.244,95.27,95.91,79.92,95.91,0.045,618,53,125,2.3,5.4,0.424,323,279,123,256,284,162,137,137,387,376,376,317,296,296,306,367,352,101,122,113,380,380,304,345,64,59,74,100,100,349,273,276,220,220,219,1998-99
702,Voshon Lenard,Voshon,1610612748,MIA,26.0,12,8,4,0.667,15.7,94.3,93.8,93.8,107.8,106.9,106.9,-13.5,-13.1,-13.1,0.115,1.43,10.0,0.024,0.076,0.049,7.0,6.9,0.468,0.489,0.23,0.241,85.14,85.71,71.42,85.71,0.065,338,31,79,2.6,6.6,0.392,368,321,55,73,263,328,331,331,401,402,402,394,398,398,185,147,268,323,341,349,28,28,173,247,77,68,433,437,437,299,318,314,199,183,305,1998-99
1005,Walt Williams,Walt,1610612757,POR,29.0,48,33,15,0.688,21.8,104.4,105.0,105.0,94.5,93.9,93.9,9.8,11.1,11.1,0.132,1.27,14.9,0.035,0.101,0.068,11.7,11.7,0.514,0.566,0.193,0.196,92.51,92.52,77.1,92.52,0.109,2025,147,347,3.1,7.2,0.424,114,22,172,60,190,50,41,41,80,85,85,32,25,25,163,170,167,256,244,252,192,192,62,50,186,192,184,214,214,110,145,142,167,164,220,1998-99
962,Walter McCarty,Walter,1610612738,BOS,25.0,32,10,22,0.313,20.6,97.1,97.4,97.4,95.9,94.8,94.8,1.2,2.6,2.6,0.093,1.0,14.2,0.051,0.116,0.083,14.2,14.2,0.398,0.448,0.159,0.161,95.57,95.93,79.94,95.93,0.049,1315,64,177,2.0,5.5,0.362,275,289,294,350,209,258,229,229,108,101,101,172,139,139,238,212,176,212,195,214,314,312,353,340,310,311,65,98,98,340,256,241,242,216,363,1998-99
445,Wesley Person,Wesley,1610612739,CLE,28.0,45,22,23,0.489,29.8,98.1,98.6,98.6,101.7,102.3,102.3,-3.7,-3.7,-3.7,0.111,1.95,13.8,0.016,0.099,0.058,7.1,7.1,0.539,0.546,0.174,0.178,90.12,89.63,74.69,89.63,0.103,2510,198,437,4.4,9.7,0.453,170,152,315,249,98,225,189,189,300,330,330,278,287,287,196,74,183,375,249,300,30,29,36,84,259,262,334,354,354,134,84,90,86,90,132,1998-99
781,Will Perdue,Will,1610612759,SAS,33.0,37,33,4,0.892,12.1,99.8,97.7,97.7,94.4,93.0,93.0,5.4,4.7,4.7,0.064,0.82,16.1,0.083,0.217,0.156,19.6,19.7,0.633,0.63,0.095,0.098,92.53,94.21,78.5,94.21,0.099,866,38,60,1.0,1.6,0.633,238,22,55,9,305,172,217,217,77,65,65,79,96,96,310,270,147,119,15,23,398,398,8,12,426,427,182,140,140,152,300,328,338,390,8,1998-99
1061,William Cunningham,William,1610612751,NJN,25.0,16,7,9,0.438,10.2,89.8,89.3,89.3,104.1,102.5,102.5,-14.3,-13.2,-13.2,0.009,0.2,4.0,0.07,0.093,0.081,20.0,20.1,0.167,0.159,0.065,0.067,93.51,94.49,78.74,94.49,-0.036,318,3,18,0.2,1.1,0.167,350,333,94,276,335,384,381,381,347,333,333,399,399,399,405,389,390,156,272,220,401,404,423,427,436,436,129,130,130,416,398,378,425,410,423,1998-99
416,Willie Burton,Willie,1610612766,CHH,31.0,3,1,2,0.333,6.0,96.5,94.6,94.6,89.3,86.5,86.5,7.2,8.1,8.1,0.0,0.0,0.0,0.222,0.118,0.171,10.0,10.2,0.143,0.228,0.227,0.231,95.98,98.48,82.07,98.48,-0.071,37,1,7,0.3,2.3,0.143,409,408,25,337,391,278,308,308,26,21,21,51,47,47,408,404,408,5,189,9,96,118,424,421,83,84,56,52,52,422,413,405,412,349,424,1998-99
980,Zydrunas Ilgauskas,Zydrunas,1610612739,CLE,24.0,5,2,3,0.4,34.1,94.8,97.5,97.5,99.7,100.6,100.6,-4.9,-3.2,-3.2,0.05,0.44,4.7,0.109,0.173,0.141,10.6,10.8,0.509,0.541,0.221,0.218,90.23,88.62,73.85,88.62,0.122,314,29,57,5.8,11.4,0.509,399,392,46,296,55,318,226,226,234,276,276,298,277,277,339,357,382,47,64,51,129,138,73,101,96,120,325,393,393,71,325,331,44,65,40,1998-99
201985,AJ Price,AJ,1610612750,MIN,27.0,28,15,13,0.536,3.5,92.7,89.1,89.1,94.8,88.2,88.2,-2.1,0.9,0.9,0.271,1.86,19.7,0.008,0.075,0.04,10.6,10.5,0.478,0.469,0.213,0.23,96.34,101.92,84.94,101.92,0.09,211,19,46,0.7,1.6,0.413,376,345,102,212,472,451,461,461,22,8,8,263,189,189,51,122,127,452,419,456,217,207,278,393,133,100,225,25,25,220,409,410,435,440,336,2013-14
201166,Aaron Brooks,Aaron,1610612743,DEN,29.0,72,42,30,0.583,21.6,104.1,104.1,104.1,106.6,106.7,106.7,-2.5,-2.6,-2.6,0.238,1.99,23.9,0.027,0.061,0.044,12.0,12.0,0.484,0.518,0.201,0.205,99.89,99.82,83.18,99.82,0.079,3233,233,581,3.2,8.1,0.401,154,107,279,165,205,198,200,200,322,331,331,271,275,275,71,101,85,278,458,437,298,299,258,267,153,158,62,78,78,274,172,151,195,165,360,2013-14
201189,Aaron Gray,Aaron,1610612758,SAC,29.0,37,12,25,0.324,9.6,98.4,97.6,97.6,110.0,108.7,108.7,-11.6,-11.1,-11.1,0.092,0.71,17.7,0.113,0.199,0.154,25.0,25.2,0.443,0.466,0.122,0.125,96.6,97.52,81.27,97.52,0.044,718,27,61,0.7,1.6,0.443,347,375,221,395,393,386,398,398,433,409,409,437,431,431,251,387,146,28,58,42,473,475,385,400,422,424,208,157,157,423,395,400,431,438,217,2013-14
203519,Adonis Thomas,Adonis,1610612755,PHI,21.0,6,2,4,0.333,6.3,105.7,108.2,108.2,94.9,91.0,91.0,10.8,17.2,17.2,0.115,3.0,16.7,0.0,0.079,0.041,5.6,5.4,0.464,0.485,0.176,0.184,95.48,96.43,80.35,96.43,0.04,73,6,14,1.0,2.3,0.429,450,444,31,379,448,138,75,75,23,15,15,18,7,7,198,19,165,459,395,455,21,20,323,370,240,230,275,234,234,433,440,446,397,406,272,2013-14
1733,Al Harrington,Al,1610612764,WAS,34.0,34,20,14,0.588,15.0,106.6,106.8,106.8,102.5,102.1,102.1,4.1,4.7,4.7,0.089,0.82,9.9,0.032,0.138,0.085,12.0,12.0,0.478,0.506,0.225,0.228,94.99,95.09,79.24,95.09,0.061,1012,82,207,2.4,6.1,0.396,355,297,109,157,313,113,103,103,181,155,155,115,96,96,265,362,336,250,195,230,296,294,278,305,98,104,305,312,312,371,305,298,257,229,371,2013-14
201143,Al Horford,Al,1610612737,ATL,28.0,29,16,13,0.552,33.0,104.4,104.3,104.3,100.7,101.1,101.1,3.7,3.1,3.1,0.139,1.19,12.7,0.072,0.189,0.131,10.7,10.7,0.571,0.588,0.244,0.246,97.05,96.88,80.73,96.88,0.153,1939,238,420,8.2,14.5,0.567,372,332,102,194,54,188,192,192,101,118,118,126,135,135,162,256,263,123,71,97,220,223,37,60,53,57,184,208,208,21,164,203,10,35,22,2013-14
2744,Al Jefferson,Al,1610612766,CHA,29.0,73,38,35,0.521,35.0,102.7,103.6,103.6,101.5,103.1,103.1,1.2,0.5,0.5,0.122,1.25,8.7,0.063,0.247,0.156,7.0,7.0,0.51,0.532,0.293,0.297,94.5,93.39,77.82,93.39,0.17,4971,700,1376,9.6,18.8,0.509,136,135,344,222,33,250,224,224,135,188,188,183,201,201,183,239,371,150,22,36,38,38,169,217,9,10,345,397,397,7,5,7,4,4,70,2013-14
202329,Al-Farouq Aminu,Al-Farouq,1610612740,NOP,23.0,80,33,47,0.413,25.6,103.7,103.4,103.4,107.5,108.8,108.8,-3.8,-5.4,-5.4,0.083,1.3,15.0,0.064,0.188,0.125,11.6,11.6,0.487,0.516,0.14,0.142,94.63,94.2,78.5,94.2,0.093,3997,234,494,2.9,6.2,0.474,52,167,433,309,162,218,234,234,362,411,411,295,342,342,290,229,202,145,74,110,276,277,246,275,369,375,330,362,362,188,170,179,215,227,136,2013-14
101187,Alan Anderson,Alan,1610612751,BKN,31.0,78,43,35,0.551,22.7,103.9,103.4,103.4,103.6,104.7,104.7,0.3,-1.2,-1.2,0.074,1.31,11.9,0.024,0.078,0.052,9.1,9.1,0.487,0.525,0.156,0.16,93.42,93.12,77.6,93.12,0.059,3434,194,485,2.5,6.2,0.4,89,99,344,196,194,209,232,232,217,262,262,206,247,247,321,224,280,298,399,374,126,126,247,239,320,323,407,413,413,378,204,184,243,223,361,2013-14
202692,Alec Burks,Alec,1610612762,UTA,22.0,78,24,54,0.308,28.1,100.6,101.5,101.5,108.0,108.1,108.1,-7.4,-6.6,-6.6,0.168,1.42,15.6,0.027,0.095,0.06,11.0,11.0,0.487,0.547,0.232,0.235,94.15,93.68,78.06,93.68,0.101,4279,380,831,4.9,10.7,0.457,89,254,461,405,132,326,307,307,388,384,384,380,372,372,126,199,190,277,323,316,238,241,243,161,84,84,365,387,387,134,79,76,101,98,180,2013-14
203458,Alex Len,Alex,1610612756,PHX,21.0,42,24,18,0.571,8.6,100.1,98.2,98.2,106.1,106.4,106.4,-5.9,-8.2,-8.2,0.017,0.15,3.3,0.106,0.171,0.138,21.5,21.4,0.423,0.469,0.134,0.14,99.25,100.1,83.42,100.1,0.027,759,33,78,0.8,1.9,0.423,327,254,146,174,412,340,390,390,308,325,325,355,400,400,459,459,462,35,111,76,465,465,419,394,397,387,71,70,70,449,377,385,428,431,300,2013-14
203144,Alexey Shved,Alexey,1610612750,MIN,25.0,63,28,35,0.444,10.5,98.6,97.6,97.6,102.2,100.5,100.5,-3.6,-2.9,-2.9,0.162,1.42,17.3,0.028,0.09,0.058,12.2,12.2,0.384,0.452,0.206,0.213,96.06,97.37,81.14,97.37,0.072,1349,76,237,1.2,3.8,0.321,224,212,344,292,375,381,399,399,166,99,99,289,282,282,130,200,156,269,342,334,305,305,439,416,147,142,243,167,167,315,312,284,373,327,449,2013-14
201582,Alexis Ajinca,Alexis,1610612740,NOP,26.0,56,22,34,0.393,17.0,102.4,102.9,102.9,108.1,107.7,107.7,-5.7,-4.8,-4.8,0.067,0.63,10.5,0.106,0.201,0.154,16.5,16.5,0.546,0.589,0.163,0.166,93.66,93.64,78.04,93.64,0.084,1849,136,249,2.4,4.4,0.546,261,274,326,326,280,264,251,251,393,371,371,344,324,324,339,396,326,36,56,43,427,426,72,56,290,296,395,388,388,250,252,280,255,293,33,2013-14
203459,Allen Crabbe,Allen,1610612757,POR,22.0,15,12,3,0.8,6.7,108.0,104.3,104.3,106.2,104.9,104.9,1.9,-0.5,-0.5,0.088,2.0,14.0,0.01,0.077,0.045,7.0,6.9,0.455,0.475,0.154,0.163,97.47,99.82,83.18,99.82,0.042,209,12,33,0.8,2.2,0.364,422,375,23,9,443,78,191,191,311,270,270,164,225,225,267,95,235,432,406,426,37,35,351,383,327,312,148,77,77,425,425,423,424,416,422,2013-14
202087,Alonzo Gee,Alonzo,1610612739,CLE,27.0,65,29,36,0.446,15.7,98.7,98.4,98.4,106.7,108.1,108.1,-8.0,-9.7,-9.7,0.071,1.07,13.2,0.033,0.11,0.071,12.4,12.4,0.456,0.491,0.132,0.134,97.22,96.71,80.59,96.71,0.053,2041,98,236,1.5,3.6,0.415,210,201,355,291,301,379,382,382,325,388,388,391,421,421,330,281,255,243,265,265,310,313,348,352,402,404,170,217,217,394,288,285,336,334,326,2013-14
2405,Amar'e Stoudemire,Amar'e,1610612752,NYK,31.0,65,26,39,0.4,22.6,103.3,103.6,103.6,109.5,109.8,109.8,-6.1,-6.2,-6.2,0.044,0.37,4.4,0.08,0.155,0.117,11.8,11.8,0.557,0.596,0.236,0.239,90.93,90.67,75.56,90.67,0.12,2776,311,558,4.8,8.6,0.557,210,237,379,320,197,232,223,223,425,434,434,359,363,363,419,440,453,106,159,124,282,285,53,44,75,75,468,469,469,71,118,158,106,149,26,2013-14
101161,Amir Johnson,Amir,1610612761,TOR,27.0,77,43,34,0.558,28.8,106.8,107.8,107.8,102.2,103.4,103.4,4.6,4.3,4.3,0.085,0.93,12.6,0.08,0.153,0.117,13.5,13.5,0.578,0.592,0.162,0.165,93.7,92.7,77.25,92.7,0.1,4277,344,612,4.5,7.9,0.562,101,99,326,190,118,110,84,84,162,205,205,103,105,105,284,329,264,102,169,121,351,350,32,47,296,299,393,429,429,143,97,143,113,171,25,2013-14
2760,Anderson Varejao,Anderson,1610612739,CLE,31.0,65,25,40,0.385,27.7,103.5,104.9,104.9,102.4,103.2,103.2,1.1,1.7,1.7,0.122,1.94,19.1,0.1,0.253,0.174,9.8,9.9,0.495,0.527,0.145,0.147,94.57,93.52,77.93,93.52,0.131,3509,227,459,3.5,7.1,0.495,210,246,389,332,134,226,169,169,175,197,197,188,168,168,186,109,134,54,18,15,168,172,224,234,356,362,335,394,394,42,177,193,171,197,99,2013-14
101154,Andray Blatche,Andray,1610612751,BKN,27.0,73,40,33,0.548,22.2,105.9,106.2,106.2,105.5,105.6,105.6,0.4,0.6,0.6,0.126,1.02,11.3,0.079,0.176,0.127,11.1,11.1,0.487,0.532,0.248,0.252,94.46,94.29,78.57,94.29,0.124,3180,321,674,4.4,9.2,0.476,136,120,313,198,201,128,121,121,292,295,295,204,200,200,176,297,307,108,99,104,246,248,242,215,49,50,348,355,355,58,115,120,117,129,128,2013-14
203083,Andre Drummond,Andre,1610612765,DET,20.0,81,29,52,0.358,32.3,103.6,105.2,105.2,108.6,109.4,109.4,-5.0,-4.2,-4.2,0.021,0.32,3.3,0.157,0.253,0.202,10.3,10.4,0.623,0.599,0.166,0.167,96.7,95.57,79.64,95.57,0.135,5208,479,769,5.9,9.5,0.623,30,201,448,353,65,222,157,157,403,426,426,329,304,304,458,446,463,5,17,4,197,200,15,38,280,291,199,286,286,33,33,91,57,115,10,2013-14
2738,Andre Iguodala,Andre,1610612744,GSW,30.0,63,41,22,0.651,32.4,110.5,110.9,110.9,96.8,97.4,97.4,13.7,13.5,13.5,0.17,2.63,29.9,0.027,0.112,0.072,11.4,11.4,0.548,0.57,0.133,0.134,97.92,97.45,81.21,97.45,0.099,4145,220,458,3.5,7.3,0.48,224,115,184,103,63,34,39,39,34,42,42,8,10,10,122,40,37,272,262,264,263,265,67,101,401,403,124,161,161,145,186,196,172,192,120,2013-14
1889,Andre Miller,Andre,1610612764,WAS,38.0,58,32,26,0.552,16.9,103.6,103.2,103.2,100.1,101.0,101.0,3.6,2.2,2.2,0.307,3.23,37.7,0.029,0.1,0.066,11.7,11.7,0.483,0.534,0.148,0.152,93.84,93.57,77.97,93.57,0.118,1917,106,231,1.8,4.0,0.459,255,177,235,194,281,221,239,239,82,116,116,127,159,159,32,9,15,259,302,285,278,280,262,206,344,345,386,391,391,79,281,287,304,311,173,2013-14
203460,Andre Roberson,Andre,1610612760,OKC,22.0,40,30,10,0.75,10.0,106.0,103.9,103.9,99.3,100.7,100.7,6.7,3.2,3.2,0.051,0.79,14.0,0.096,0.135,0.117,17.8,17.9,0.5,0.518,0.099,0.103,97.67,97.91,81.6,97.91,0.044,814,33,68,0.8,1.7,0.485,338,193,74,28,386,124,208,208,68,103,103,59,131,131,400,368,231,70,204,123,445,444,201,265,459,458,135,137,137,421,377,391,422,435,110,2013-14
200745,Andrea Bargnani,Andrea,1610612752,NYK,28.0,42,15,27,0.357,29.9,100.8,101.6,101.6,107.1,107.7,107.7,-6.3,-6.1,-6.1,0.063,0.78,6.9,0.053,0.137,0.092,8.9,8.9,0.472,0.51,0.22,0.223,92.1,91.49,76.24,91.49,0.089,2407,222,502,5.3,12.0,0.442,327,345,247,355,105,321,304,304,343,369,369,363,361,361,352,373,419,172,198,197,111,116,304,287,119,120,453,460,460,226,183,174,83,77,221,2013-14
1905,Andrei Kirilenko,Andrei,1610612751,BKN,33.0,45,30,15,0.667,19.1,102.8,102.4,102.4,105.9,105.4,105.4,-3.1,-2.9,-2.9,0.131,1.33,21.1,0.068,0.116,0.092,15.8,16.0,0.516,0.532,0.142,0.144,93.4,93.75,78.13,93.75,0.079,1674,82,160,1.8,3.6,0.513,314,193,116,83,249,249,272,272,300,286,286,280,284,284,167,218,111,133,246,200,420,420,150,216,364,370,408,383,383,276,305,325,305,337,67,2013-14
101106,Andrew Bogut,Andrew,1610612744,GSW,29.0,67,40,27,0.597,26.4,107.8,108.3,108.3,98.8,99.3,99.3,9.1,9.0,9.0,0.087,1.15,18.3,0.107,0.264,0.189,15.8,15.8,0.627,0.61,0.123,0.124,98.51,98.01,81.68,98.01,0.123,3606,235,375,3.5,5.6,0.627,201,120,247,148,156,79,71,71,54,71,71,34,30,30,278,264,142,34,10,8,419,417,13,22,421,425,98,131,131,64,168,220,166,251,9,2013-14
101115,Andrew Bynum,Andrew,1610612754,IND,26.0,26,11,15,0.423,19.8,93.5,95.6,95.6,105.3,108.3,108.3,-11.8,-12.7,-12.7,0.099,0.85,9.4,0.095,0.174,0.133,11.0,11.0,0.418,0.456,0.237,0.24,97.5,95.11,79.26,95.11,0.102,1019,94,225,3.6,8.7,0.418,380,385,116,306,230,447,421,421,284,398,398,440,444,444,234,352,352,73,105,86,240,240,423,412,72,74,145,310,310,131,293,292,159,147,315,2013-14
203094,Andrew Nicholson,Andrew,1610612753,ORL,24.0,76,19,57,0.25,15.4,96.5,95.5,95.5,102.3,102.3,102.3,-5.8,-6.8,-6.8,0.037,0.49,4.8,0.045,0.169,0.108,9.8,9.8,0.462,0.489,0.191,0.196,95.18,95.65,79.71,95.65,0.07,2342,180,420,2.4,5.5,0.429,115,306,468,434,306,424,423,423,170,162,162,350,375,375,435,426,450,192,115,159,167,168,329,358,193,189,289,278,278,330,215,203,261,254,272,2013-14
2740,Andris Biedrins,Andris,1610612762,UTA,28.0,6,0,6,0.0,7.4,91.8,92.5,92.5,98.1,94.4,94.4,-6.3,-1.9,-1.9,0.0,0.0,0.0,0.041,0.319,0.177,33.3,35.5,1.0,0.412,0.056,0.053,96.49,97.97,81.64,97.97,0.047,93,1,1,0.2,0.2,1.0,450,473,44,473,431,457,447,447,46,25,25,364,257,257,466,462,466,210,2,12,478,481,1,443,475,477,217,132,132,414,467,475,469,480,1,2013-14
1712,Antawn Jamison,Antawn,1610612746,LAC,38.0,22,15,7,0.682,11.3,101.2,100.0,100.0,90.2,89.2,89.2,11.0,10.8,10.8,0.047,1.0,6.0,0.034,0.174,0.104,6.0,6.0,0.359,0.408,0.196,0.203,97.58,98.69,82.24,98.69,0.064,509,29,92,1.3,4.2,0.315,398,345,51,65,367,312,334,334,7,12,12,16,20,20,413,299,435,235,105,164,26,26,453,445,170,168,139,106,106,357,391,371,364,303,454,2013-14
203461,Anthony Bennett,Anthony,1610612739,CLE,21.0,52,20,32,0.385,12.7,99.3,98.7,98.7,105.4,104.5,104.5,-6.1,-5.7,-5.7,0.043,0.36,5.3,0.068,0.16,0.112,14.6,14.7,0.384,0.425,0.194,0.199,97.5,98.19,81.82,98.19,0.037,1353,80,225,1.5,4.3,0.356,288,297,296,332,345,360,370,370,286,251,251,357,353,353,424,442,445,131,142,139,394,396,438,437,179,179,146,121,121,438,308,292,334,300,429,2013-14
203076,Anthony Davis,Anthony,1610612740,NOP,21.0,67,29,38,0.433,35.2,105.4,106.6,106.6,107.1,108.7,108.7,-1.7,-2.1,-2.1,0.078,0.96,7.4,0.091,0.208,0.15,7.7,7.7,0.52,0.582,0.25,0.252,95.06,93.84,78.2,93.84,0.164,4601,522,1005,7.8,15.0,0.519,201,201,369,303,27,151,109,109,346,405,405,257,264,264,309,324,407,79,52,50,56,57,135,70,45,49,300,380,380,8,24,44,12,32,61,2013-14
201627,Anthony Morrow,Anthony,1610612740,NOP,28.0,76,32,44,0.421,18.8,104.8,105.5,105.5,105.2,104.3,104.3,-0.4,1.2,1.2,0.069,1.16,9.0,0.02,0.081,0.05,7.7,7.6,0.542,0.57,0.188,0.193,93.42,93.49,77.91,93.49,0.087,2782,238,520,3.1,6.8,0.458,115,177,418,307,255,167,143,143,278,239,239,218,186,186,334,263,364,334,386,382,58,53,80,102,198,200,405,395,395,233,164,170,203,202,178,2013-14
201576,Anthony Randolph,Anthony,1610612743,DEN,24.0,43,15,28,0.349,12.3,96.9,95.1,95.1,105.4,104.4,104.4,-8.5,-9.3,-9.3,0.104,0.82,11.6,0.036,0.185,0.11,14.1,14.1,0.438,0.499,0.196,0.202,100.95,102.33,85.27,102.33,0.091,1119,68,176,1.6,4.1,0.386,323,345,260,370,354,417,432,432,285,245,245,396,416,416,217,364,294,229,82,146,378,377,399,330,171,173,44,20,20,202,328,314,329,308,388,2013-14
201229,Anthony Tolliver,Anthony,1610612766,CHA,29.0,64,33,31,0.516,20.3,103.6,104.2,104.2,101.5,101.5,101.5,2.0,2.6,2.6,0.049,1.83,10.9,0.025,0.104,0.064,5.9,5.9,0.586,0.605,0.118,0.122,96.22,95.94,79.95,95.94,0.072,2599,129,307,2.0,4.8,0.42,217,167,285,230,220,224,198,198,134,131,131,159,150,150,407,130,315,293,286,293,25,24,28,29,433,431,232,263,263,312,261,249,287,279,307,2013-14
203462,Archie Goodwin,Archie,1610612756,PHX,19.0,52,32,20,0.615,10.2,97.7,97.2,97.2,105.4,105.1,105.1,-7.6,-7.9,-7.9,0.061,0.45,7.9,0.045,0.108,0.077,17.3,17.2,0.47,0.507,0.185,0.192,99.61,99.98,83.32,99.98,0.068,1110,76,167,1.5,3.2,0.455,288,177,169,122,381,397,404,404,287,279,279,386,393,393,360,429,400,193,274,248,442,438,311,293,211,206,66,71,71,337,312,317,343,354,191,2013-14
202620,Arinze Onuaku,Arinze,1610612739,CLE,26.0,5,2,3,0.4,6.0,105.6,101.6,101.6,121.8,118.6,118.6,-16.2,-17.1,-17.1,0.13,3.0,30.0,0.083,0.261,0.17,10.0,10.1,0.2,0.255,0.096,0.102,93.99,97.11,80.93,97.11,0.037,63,1,5,0.2,1.0,0.2,455,444,23,320,450,140,302,302,475,476,476,462,458,458,168,19,35,96,12,22,178,187,472,468,462,460,378,184,184,439,467,465,468,457,470,2013-14
203102,Arnett Moultrie,Arnett,1610612755,PHI,23.0,12,0,12,0.0,15.6,96.7,96.6,96.6,112.9,112.4,112.4,-16.2,-15.9,-15.9,0.015,0.29,4.1,0.053,0.132,0.09,14.3,14.2,0.421,0.448,0.1,0.104,103.67,103.92,86.6,103.92,0.037,408,16,38,1.3,3.2,0.421,434,473,93,473,304,420,408,408,462,463,463,461,452,452,461,449,457,170,210,207,384,386,421,417,458,456,9,14,14,440,416,418,362,357,304,2013-14
203382,Aron Baynes,Aron,1610612759,SAS,27.0,53,41,12,0.774,9.3,108.3,106.0,106.0,104.5,102.7,102.7,3.8,3.3,3.3,0.103,0.94,14.0,0.119,0.186,0.152,14.9,14.9,0.436,0.467,0.184,0.191,96.5,98.38,81.99,98.38,0.061,1003,71,163,1.3,3.1,0.436,281,115,93,15,398,75,126,126,248,174,174,124,130,130,223,328,229,17,77,45,400,398,400,397,214,211,216,113,113,372,324,322,360,362,250,2013-14
201167,Arron Afflalo,Arron,1610612753,ORL,28.0,73,21,52,0.288,35.0,99.5,100.7,100.7,107.0,108.0,108.0,-7.5,-7.4,-7.4,0.169,1.7,16.1,0.013,0.092,0.052,9.5,9.4,0.522,0.574,0.228,0.233,95.93,94.93,79.11,94.93,0.106,5051,464,1011,6.4,13.8,0.459,136,284,448,416,34,352,323,323,341,381,381,383,382,382,124,151,184,413,337,369,140,135,131,90,89,88,255,317,317,117,36,40,42,46,172,2013-14
201948,Austin Daye,Austin,1610612759,SAS,26.0,22,16,6,0.727,6.7,108.0,106.2,106.2,109.2,106.2,106.3,-1.1,0.0,0.0,0.081,1.6,9.3,0.034,0.156,0.093,5.8,5.9,0.441,0.456,0.224,0.23,96.63,98.77,82.31,98.77,0.062,306,24,68,1.1,3.1,0.353,398,332,44,36,440,77,120,120,420,321,321,241,217,217,299,173,355,241,158,194,23,23,389,413,99,99,205,104,104,367,403,391,388,360,433,2013-14
203085,Austin Rivers,Austin,1610612740,NOP,21.0,69,27,42,0.391,19.4,107.0,106.7,106.7,106.6,106.7,106.7,0.5,0.0,0.0,0.193,2.08,20.3,0.02,0.08,0.05,9.8,9.8,0.443,0.482,0.209,0.215,93.87,93.94,78.29,93.94,0.067,2613,192,474,2.8,6.9,0.405,185,224,402,327,241,101,106,106,321,332,332,202,216,216,103,83,121,338,393,385,164,167,383,372,140,140,383,377,377,340,206,189,227,200,354,2013-14
202340,Avery Bradley,Avery,1610612738,BOS,23.0,60,19,41,0.317,30.9,100.5,102.1,102.1,104.3,104.2,104.2,-3.8,-2.1,-2.1,0.079,0.89,8.1,0.025,0.097,0.061,9.1,9.1,0.485,0.51,0.231,0.233,96.32,95.62,79.68,95.62,0.082,3672,361,825,6.0,13.8,0.438,245,306,395,401,90,328,287,287,240,232,232,294,267,267,307,345,392,290,318,313,123,124,252,289,85,87,226,282,282,263,86,77,54,47,240,2013-14
2732,Ben Gordon,Ben,1610612766,CHA,31.0,19,8,11,0.421,14.7,96.8,99.8,99.8,94.3,95.6,95.6,2.5,4.2,4.2,0.122,1.0,13.3,0.01,0.082,0.044,13.3,13.2,0.38,0.422,0.219,0.221,96.29,94.19,78.49,94.19,0.05,545,37,108,1.9,5.7,0.343,417,405,83,307,319,418,339,339,19,31,31,149,109,109,184,299,253,439,382,431,344,342,441,439,122,126,228,363,363,406,370,363,295,247,439,2013-14
203463,Ben McLemore,Ben,1610612758,SAC,21.0,82,28,54,0.341,26.7,101.8,103.6,103.6,107.6,108.1,108.1,-5.7,-4.5,-4.5,0.058,0.85,8.9,0.024,0.086,0.054,10.5,10.4,0.446,0.485,0.166,0.168,97.26,96.19,80.16,96.19,0.042,4378,255,679,3.1,8.3,0.376,2,212,461,377,150,283,222,222,365,383,383,345,312,312,382,351,366,299,362,355,204,203,381,367,281,288,165,249,249,426,151,117,205,159,413,2013-14
2757,Beno Udrih,Beno,1610612763,MEM,31.0,41,18,23,0.439,15.7,102.6,102.5,102.5,111.2,111.4,111.4,-8.6,-8.9,-8.9,0.278,2.47,32.6,0.015,0.085,0.048,13.2,13.3,0.492,0.523,0.167,0.169,94.12,94.07,78.39,94.07,0.086,1264,78,178,1.9,4.3,0.438,331,313,198,298,302,260,271,271,454,458,458,397,408,408,44,49,26,385,369,396,342,343,226,249,278,283,367,371,371,243,309,311,299,299,238,2013-14
203108,Bernard James,Bernard,1610612742,DAL,29.0,30,17,13,0.567,4.9,101.3,98.4,98.4,104.1,99.7,99.7,-2.8,-1.3,-1.3,0.029,0.3,7.7,0.105,0.178,0.142,25.6,24.5,0.478,0.503,0.106,0.117,98.0,101.59,84.65,101.59,0.042,309,11,23,0.4,0.8,0.478,369,324,102,182,466,306,383,383,233,79,79,276,249,249,451,448,403,37,94,64,475,473,278,316,454,442,113,33,33,429,428,432,461,468,124,2013-14
202687,Bismack Biyombo,Bismack,1610612766,CHA,21.0,77,42,35,0.545,13.9,98.0,98.9,98.9,100.6,100.9,100.9,-2.5,-1.9,-1.9,0.012,0.2,3.4,0.094,0.235,0.165,17.2,17.3,0.611,0.606,0.094,0.096,93.94,93.36,77.8,93.36,0.099,2086,88,144,1.1,1.9,0.611,101,107,344,200,329,392,365,365,99,106,106,272,258,258,463,455,461,74,25,27,440,440,16,24,465,464,380,400,400,150,299,335,382,430,11,2013-14
201933,Blake Griffin,Blake,1610612746,LAC,25.0,80,56,24,0.7,35.8,111.2,112.9,112.9,101.6,103.1,103.1,9.6,9.8,9.8,0.185,1.38,14.2,0.07,0.191,0.133,10.3,10.2,0.533,0.583,0.286,0.289,98.4,96.96,80.8,96.96,0.162,5787,718,1359,9.0,17.0,0.528,52,12,209,54,21,25,17,17,139,186,186,27,26,26,107,211,224,128,68,89,192,192,104,67,13,14,100,198,198,12,4,9,6,12,52,2013-14
2564,Boris Diaw,Boris,1610612759,SAS,32.0,79,60,19,0.759,25.0,109.3,109.6,109.6,101.3,101.3,101.3,8.0,8.3,8.3,0.162,1.83,23.1,0.041,0.126,0.085,12.6,12.6,0.559,0.578,0.167,0.171,97.26,97.1,80.92,97.1,0.098,3986,302,580,3.8,7.3,0.521,75,3,157,23,168,53,53,53,129,122,122,45,35,35,131,128,95,209,226,228,323,317,51,79,268,275,166,186,186,152,122,153,146,190,59,2013-14
203078,Bradley Beal,Bradley,1610612764,WAS,21.0,73,40,33,0.548,34.7,103.8,104.8,104.8,101.8,102.7,102.7,2.0,2.0,2.0,0.155,1.9,15.2,0.022,0.09,0.056,8.0,8.0,0.479,0.507,0.24,0.244,94.96,94.11,78.43,94.11,0.095,4965,481,1149,6.6,15.7,0.419,136,120,313,198,37,212,176,176,147,176,176,160,162,162,141,116,198,317,343,344,65,65,276,298,61,61,307,368,368,183,32,24,36,23,312,2013-14
201148,Brandan Wright,Brandan,1610612742,DAL,26.0,58,36,22,0.621,18.6,114.3,111.5,111.5,108.0,106.2,106.2,6.3,5.3,5.3,0.046,0.89,7.0,0.103,0.139,0.121,7.9,7.9,0.677,0.695,0.172,0.178,93.43,95.36,79.47,95.36,0.137,2144,224,331,3.9,5.7,0.677,255,148,184,117,258,12,26,26,387,317,317,66,89,89,416,344,418,43,194,114,59,60,6,4,250,249,404,297,297,29,180,243,145,244,4,2013-14
101138,Brandon Bass,Brandon,1610612738,BOS,29.0,82,25,57,0.305,27.6,98.3,99.3,99.3,106.3,107.1,107.1,-8.0,-7.8,-7.8,0.065,0.85,8.5,0.071,0.143,0.106,10.0,10.0,0.487,0.549,0.184,0.186,95.58,94.73,78.94,94.73,0.099,4449,352,725,4.3,8.8,0.486,2,246,468,408,136,387,353,353,316,347,347,390,392,392,346,352,377,127,184,162,177,181,245,158,216,221,269,331,331,146,92,101,123,139,109,2013-14
203561,Brandon Davies,Brandon,1610612755,PHI,22.0,51,15,36,0.294,11.3,97.5,97.5,97.5,102.6,99.6,99.6,-5.1,-2.1,-2.1,0.074,0.8,13.0,0.062,0.127,0.093,16.3,16.3,0.43,0.476,0.136,0.14,99.38,100.88,84.07,100.88,0.04,1205,54,128,1.1,2.5,0.422,295,345,355,413,366,402,401,401,188,78,78,334,265,265,320,367,258,151,222,196,425,424,404,382,387,390,68,47,47,435,353,346,391,395,303,2013-14
201943,Brandon Jennings,Brandon,1610612765,DET,24.0,80,28,52,0.35,34.1,103.8,105.8,105.8,108.1,108.9,108.9,-4.3,-3.1,-3.1,0.334,2.83,29.1,0.02,0.069,0.043,10.3,10.2,0.441,0.486,0.228,0.232,98.19,96.91,80.76,96.91,0.1,5502,423,1135,5.3,14.2,0.373,52,212,448,365,42,211,131,131,391,416,416,303,287,287,21,29,42,342,437,442,193,193,392,364,88,95,108,206,206,144,59,26,82,39,419,2013-14
202688,Brandon Knight,Brandon,1610612749,MIL,22.0,72,13,59,0.181,33.3,101.3,102.7,102.7,110.5,111.3,111.3,-9.3,-8.6,-8.6,0.262,1.87,19.9,0.019,0.092,0.054,10.6,10.6,0.473,0.523,0.263,0.267,94.63,93.68,78.06,93.68,0.111,4666,461,1092,6.4,15.2,0.422,154,363,477,461,50,307,262,262,448,457,457,413,402,402,55,121,125,350,338,357,216,217,303,248,30,34,329,386,386,103,39,29,41,28,301,2013-14
201575,Brandon Rush,Brandon,1610612762,UTA,28.0,38,13,25,0.342,11.0,96.3,96.4,96.4,108.6,106.9,106.9,-12.3,-10.5,-10.5,0.085,1.2,17.8,0.011,0.095,0.052,14.8,14.7,0.422,0.428,0.116,0.121,94.08,94.8,79.0,94.8,0.031,822,30,90,0.8,2.4,0.333,344,363,221,375,370,426,412,412,405,337,337,444,428,428,281,250,145,422,325,371,397,394,420,434,436,434,368,327,327,444,389,377,427,405,441,2013-14
203148,Brian Roberts,Brian,1610612740,NOP,28.0,72,28,44,0.389,23.2,102.6,102.8,102.8,107.3,107.1,107.1,-4.8,-4.3,-4.3,0.226,2.46,24.3,0.011,0.074,0.043,9.9,9.8,0.475,0.529,0.198,0.203,94.19,94.2,78.5,94.2,0.09,3274,244,581,3.4,8.1,0.42,154,212,418,329,191,259,255,255,357,345,345,320,309,309,79,50,81,428,422,444,169,170,291,227,164,165,364,361,361,213,160,151,182,165,308,2013-14
201572,Brook Lopez,Brook,1610612751,BKN,26.0,17,7,10,0.412,31.4,102.5,102.9,102.9,102.7,105.1,105.1,-0.3,-2.2,-2.2,0.059,0.57,4.9,0.078,0.113,0.096,8.6,8.7,0.563,0.629,0.265,0.269,94.51,93.23,77.69,93.23,0.153,1037,129,229,7.6,13.5,0.563,421,408,74,310,84,263,249,249,192,277,277,216,269,269,375,409,447,110,258,184,91,93,46,14,27,31,344,410,410,22,261,289,15,50,24,2013-14
201957,Byron Mullens,Byron,1610612755,PHI,25.0,45,16,29,0.356,9.2,96.9,95.7,95.7,114.8,112.2,112.2,-17.9,-16.4,-16.4,0.06,0.52,6.5,0.054,0.172,0.109,12.5,12.6,0.542,0.544,0.205,0.211,98.39,100.13,83.44,100.13,0.075,865,73,165,1.6,3.7,0.442,314,332,273,358,400,416,420,420,469,462,462,464,455,455,370,419,427,168,109,152,314,319,78,171,148,146,102,68,68,287,318,319,325,332,219,2013-14
201228,C.J. Watson,C.J.,1610612754,IND,30.0,63,48,15,0.762,18.9,100.7,100.8,100.8,93.6,94.6,94.6,7.1,6.2,6.2,0.144,1.78,19.8,0.016,0.065,0.041,11.1,11.1,0.516,0.555,0.159,0.163,97.4,96.8,80.67,96.8,0.096,2400,146,334,2.3,5.3,0.437,224,50,116,21,251,324,321,321,17,27,27,55,71,71,154,140,126,377,448,453,251,252,148,135,312,314,151,210,210,170,241,240,262,262,243,2013-14
203468,CJ McCollum,CJ,1610612757,POR,22.0,38,21,17,0.553,12.5,101.3,102.3,102.3,105.3,104.3,104.3,-4.0,-2.1,-2.1,0.089,0.77,10.5,0.013,0.081,0.047,13.7,13.7,0.5,0.521,0.201,0.205,98.26,98.27,81.89,98.27,0.054,974,74,178,1.9,4.7,0.416,344,284,136,192,348,303,276,276,283,240,240,299,263,263,266,374,321,405,384,406,360,361,201,258,151,156,104,117,117,392,316,311,295,282,324,2013-14
101139,CJ Miles,CJ,1610612739,CLE,27.0,51,21,30,0.412,19.3,104.1,104.7,104.7,102.0,102.8,102.8,2.1,1.9,1.9,0.088,1.18,9.7,0.017,0.089,0.052,8.2,8.2,0.537,0.569,0.213,0.217,96.37,95.72,79.77,95.72,0.092,1966,178,409,3.5,8.0,0.435,295,284,279,310,246,199,179,179,154,177,177,154,165,165,274,257,342,363,351,372,75,74,95,103,132,132,223,272,272,200,217,211,173,168,253,2013-14
201171,Carl Landry,Carl,1610612758,SAC,30.0,18,5,13,0.278,12.9,98.2,98.3,98.3,111.9,110.6,110.6,-13.7,-12.3,-12.3,0.036,0.56,6.3,0.064,0.177,0.121,11.3,11.0,0.517,0.563,0.139,0.144,97.46,97.97,81.64,97.97,0.079,472,31,60,1.7,3.3,0.517,420,423,102,422,343,388,386,386,456,446,446,450,440,440,437,412,433,141,96,113,258,245,147,119,374,367,149,133,133,275,382,403,312,348,64,2013-14
2430,Carlos Boozer,Carlos,1610612741,CHI,32.0,76,43,33,0.566,28.2,97.7,99.8,99.8,99.2,100.8,100.8,-1.5,-1.0,-1.0,0.105,0.77,8.8,0.063,0.239,0.149,11.5,11.5,0.456,0.489,0.257,0.259,94.5,92.74,77.29,92.74,0.12,4143,447,980,5.9,12.9,0.456,115,99,313,184,129,398,340,340,66,104,104,253,239,239,216,375,370,148,23,52,272,271,347,355,38,40,346,427,427,73,47,48,59,60,184,2013-14
2546,Carmelo Anthony,Carmelo,1610612752,NYK,30.0,77,35,42,0.455,38.7,106.8,108.3,108.3,105.9,107.1,107.1,0.9,1.3,1.3,0.156,1.22,10.5,0.049,0.171,0.108,8.6,8.5,0.503,0.561,0.318,0.323,92.51,91.35,76.12,91.35,0.162,5689,743,1643,9.6,21.3,0.452,101,159,402,285,1,109,69,69,303,343,343,194,184,184,140,245,327,180,113,156,89,88,194,123,4,4,439,462,462,11,3,2,3,1,197,2013-14
2406,Caron Butler,Caron,1610612760,OKC,34.0,56,21,35,0.375,25.3,102.1,102.5,102.5,107.9,107.8,107.8,-5.8,-5.3,-5.3,0.099,1.37,11.5,0.015,0.149,0.082,8.4,8.4,0.485,0.512,0.2,0.204,95.72,95.59,79.66,95.59,0.086,2825,213,540,3.8,9.6,0.394,261,284,344,336,165,279,268,268,382,376,376,351,339,339,236,215,296,387,174,239,82,82,255,283,161,162,261,284,284,242,189,165,148,114,375,2013-14
203467,Carrick Felix,Carrick,1610612739,CLE,23.0,7,2,5,0.286,5.4,109.6,108.5,108.5,104.8,101.2,101.2,4.7,7.3,7.3,0.143,1.0,16.7,0.033,0.128,0.087,16.7,16.8,0.571,0.603,0.217,0.221,102.25,104.57,87.14,104.57,0.087,82,7,14,1.0,2.0,0.5,448,444,38,419,459,50,65,65,265,120,120,100,48,48,156,299,165,242,219,224,428,434,37,32,125,125,15,12,12,235,436,446,397,422,85,2013-14
201858,Cartier Martin,Cartier,1610612737,ATL,29.0,59,27,32,0.458,14.7,97.6,96.2,96.2,104.1,103.2,103.2,-6.5,-7.0,-7.0,0.064,0.97,9.2,0.015,0.115,0.064,9.5,9.5,0.532,0.562,0.166,0.173,96.45,97.62,81.35,97.62,0.075,1768,111,264,1.9,4.5,0.42,251,224,296,283,318,399,416,416,235,192,192,368,377,377,349,321,358,387,251,290,143,144,107,122,282,268,220,154,154,288,276,273,301,291,306,2013-14
203810,Casper Ware,Casper,1610612755,PHI,24.0,9,3,6,0.333,12.9,102.2,99.6,99.6,101.1,100.8,100.8,1.0,-1.2,-1.2,0.135,2.0,16.7,0.0,0.077,0.04,8.3,8.4,0.512,0.538,0.188,0.196,99.75,101.17,84.31,101.17,0.091,243,18,42,2.0,4.7,0.429,441,434,44,379,344,276,345,345,124,105,105,189,246,246,165,95,165,459,406,457,78,81,161,195,197,192,64,42,42,207,410,412,289,283,272,2013-14
202718,Chandler Parsons,Chandler,1610612745,HOU,25.0,74,50,24,0.676,37.6,110.2,111.2,111.2,104.0,105.8,105.8,6.3,5.4,5.4,0.168,2.07,19.6,0.027,0.117,0.074,9.5,9.4,0.538,0.565,0.191,0.194,98.65,97.39,81.15,97.39,0.111,5653,466,987,6.3,13.3,0.472,128,38,209,74,7,40,32,32,231,303,303,68,85,85,125,86,130,282,245,257,142,139,93,112,191,198,91,164,164,101,35,46,44,54,141,2013-14
101112,Channing Frye,Channing,1610612756,PHX,31.0,82,48,34,0.585,28.2,110.4,111.2,111.2,104.4,104.9,104.9,6.0,6.4,6.4,0.061,1.1,9.7,0.032,0.149,0.091,8.8,8.8,0.535,0.555,0.172,0.174,97.56,96.94,80.79,96.94,0.082,4670,336,778,4.1,9.5,0.432,2,50,326,160,127,38,30,30,242,271,271,76,67,67,358,275,340,247,172,202,104,105,99,137,252,260,141,201,201,260,104,89,133,117,259,2013-14
101111,Charlie Villanueva,Charlie,1610612765,DET,29.0,20,5,15,0.25,9.0,94.0,95.3,95.3,117.2,116.6,116.6,-23.3,-21.3,-21.3,0.063,0.86,5.4,0.026,0.163,0.085,6.3,6.3,0.457,0.469,0.246,0.25,96.04,95.64,79.7,95.64,0.081,360,35,92,1.8,4.6,0.38,411,423,116,434,406,445,428,428,470,474,474,472,464,464,357,350,442,283,136,231,29,29,346,395,51,52,248,280,280,268,375,371,309,288,400,2013-14
201978,Chase Budinger,Chase,1610612750,MIN,26.0,41,21,20,0.512,18.3,105.4,106.4,106.4,106.3,106.2,106.2,-0.9,0.1,0.1,0.063,1.29,9.5,0.024,0.107,0.065,7.3,7.4,0.476,0.505,0.17,0.172,97.01,96.6,80.5,96.6,0.066,1510,100,254,2.4,6.2,0.394,331,284,169,231,264,150,113,113,315,320,320,233,210,210,355,230,349,302,278,287,44,43,286,308,261,272,185,226,226,351,287,276,253,225,378,2013-14
1497,Chauncey Billups,Chauncey,1610612765,DET,37.0,19,7,12,0.368,16.3,99.5,100.3,100.3,106.7,107.3,107.3,-7.2,-7.0,-7.0,0.196,1.68,27.6,0.012,0.082,0.046,16.4,16.5,0.392,0.427,0.152,0.153,96.03,95.31,79.43,95.31,0.04,615,24,79,1.3,4.2,0.304,417,408,93,344,291,353,331,331,324,357,357,376,376,376,102,157,49,416,380,417,426,428,433,435,332,341,250,301,301,432,403,383,368,304,458,2013-14
2365,Chris Andersen,Chris,1610612748,MIA,35.0,72,49,23,0.681,19.4,107.7,107.2,107.2,100.6,100.6,100.6,7.0,6.6,6.6,0.021,0.36,4.5,0.108,0.186,0.149,12.5,12.6,0.649,0.683,0.136,0.138,91.96,92.18,76.82,92.18,0.118,2674,177,275,2.5,3.8,0.644,154,42,198,67,242,83,95,95,100,100,100,56,62,62,456,444,452,32,78,51,314,320,10,5,389,395,458,443,443,76,218,266,250,322,7,2013-14
203569,Chris Babb,Chris,1610612738,BOS,24.0,14,3,11,0.214,9.5,98.9,97.0,97.0,101.3,101.5,101.5,-2.4,-4.5,-4.5,0.034,1.0,8.3,0.027,0.102,0.062,8.3,8.3,0.367,0.367,0.109,0.113,95.47,96.3,80.25,96.3,0.021,263,8,30,0.6,2.1,0.267,427,434,83,447,394,375,406,406,130,127,127,267,315,315,441,299,383,275,296,303,78,78,447,459,452,452,276,245,245,456,433,427,442,418,463,2013-14
2547,Chris Bosh,Chris,1610612748,MIA,30.0,79,53,26,0.671,32.0,110.6,110.9,110.9,100.8,102.0,102.0,9.8,8.9,8.9,0.056,0.7,6.8,0.047,0.175,0.115,9.7,9.7,0.555,0.597,0.224,0.226,93.51,92.83,77.36,92.83,0.126,4901,492,953,6.2,12.1,0.516,75,27,235,82,74,33,38,38,109,151,151,23,32,32,387,389,421,185,102,129,161,163,56,43,101,110,401,423,423,53,29,51,45,75,65,2013-14
203142,Chris Copeland,Chris,1610612754,IND,30.0,41,25,16,0.61,6.5,105.8,103.6,103.6,109.7,107.3,107.3,-3.9,-3.7,-3.7,0.124,1.29,11.6,0.027,0.098,0.062,9.0,9.0,0.611,0.621,0.228,0.239,93.81,95.87,79.89,95.87,0.097,535,55,117,1.3,2.9,0.47,331,246,127,125,445,136,226,226,429,353,353,297,302,302,179,231,293,280,315,306,118,120,16,16,90,76,388,267,267,161,350,357,359,378,146,2013-14
201604,Chris Douglas-Roberts,Chris,1610612766,CHA,27.0,49,27,22,0.551,20.7,102.8,102.2,102.2,102.3,102.6,102.6,0.6,-0.4,-0.4,0.081,1.42,13.7,0.016,0.1,0.058,9.7,9.6,0.542,0.588,0.143,0.148,94.85,94.96,79.13,94.96,0.082,2008,111,252,2.3,5.1,0.44,301,224,184,197,215,247,277,277,168,173,173,199,221,221,298,200,243,381,305,332,153,152,82,57,362,357,315,316,316,259,276,279,266,267,228,2013-14
203187,Chris Johnson,Chris,1610612738,BOS,24.0,40,11,29,0.275,19.7,102.7,103.1,103.1,104.0,102.2,102.2,-1.3,0.9,0.9,0.059,1.41,10.8,0.037,0.089,0.062,7.7,7.7,0.498,0.537,0.137,0.14,95.41,96.01,80.01,96.01,0.066,1579,85,214,2.1,5.4,0.397,338,385,273,424,234,254,242,242,229,160,160,248,190,190,377,202,316,224,350,307,53,56,216,199,383,385,280,256,256,347,303,296,275,259,368,2013-14
2549,Chris Kaman,Chris,1610612747,LAL,32.0,39,13,26,0.333,18.9,99.9,100.0,100.0,103.7,103.7,103.7,-3.8,-3.7,-3.7,0.14,0.78,11.4,0.071,0.214,0.145,14.5,14.6,0.509,0.537,0.26,0.263,101.74,101.68,84.73,101.68,0.121,1558,176,346,4.5,8.9,0.509,343,363,235,379,252,347,334,334,220,213,213,293,301,301,161,369,300,124,46,60,392,392,173,196,35,37,24,32,32,69,220,233,111,138,71,2013-14
101108,Chris Paul,Chris,1610612746,LAC,29.0,62,44,18,0.71,35.0,111.6,113.2,113.2,100.1,101.9,101.9,11.6,11.3,11.3,0.459,4.57,36.4,0.018,0.101,0.061,8.0,7.9,0.511,0.58,0.23,0.234,99.79,98.17,81.81,98.17,0.179,4453,406,870,6.5,14.0,0.467,232,93,146,47,31,19,14,14,81,146,146,13,16,16,3,2,16,357,297,310,63,62,162,74,86,86,63,122,122,6,65,67,37,44,153,2013-14
202698,Chris Singleton,Chris,1610612764,WAS,24.0,25,13,12,0.52,10.0,91.2,91.9,91.9,106.1,103.4,103.4,-14.9,-11.5,-11.5,0.043,0.35,5.9,0.064,0.167,0.11,16.7,16.8,0.425,0.481,0.167,0.168,94.93,95.82,79.85,95.82,0.062,495,25,67,1.0,2.7,0.373,385,363,93,224,385,460,449,449,310,204,204,458,433,433,423,445,436,142,122,151,428,433,414,373,274,285,312,269,269,369,400,394,397,387,417,2013-14
203147,Chris Smith,Chris,1610612752,NYK,26.0,2,0,2,0.0,1.0,104.2,100.0,100.0,202.7,225.0,225.0,-98.5,-125.0,-125.0,0.0,0.0,0.0,0.0,0.0,0.0,0.0,0.0,0.0,0.0,0.0,0.0,125.11,122.66,102.21,122.66,0.0,6,0,0,0.0,0.0,0.0,470,473,13,473,482,196,334,334,482,482,482,482,482,482,466,462,466,459,474,478,1,1,473,475,482,482,1,1,1,465,473,481,473,481,473,2013-14
202874,Chris Wright,Chris,1610612749,MIL,25.0,8,1,7,0.125,15.7,108.4,107.5,107.5,113.9,113.4,113.4,-5.4,-5.8,-5.8,0.058,1.0,9.8,0.09,0.078,0.084,9.8,9.7,0.6,0.577,0.161,0.167,97.85,98.48,82.07,98.48,0.072,253,21,35,2.6,4.4,0.6,444,462,51,470,300,69,91,91,463,465,465,338,356,356,380,299,338,80,399,236,166,160,21,83,305,292,126,109,109,318,407,421,239,295,12,2013-14
101236,Chuck Hayes,Chuck,1610612761,TOR,31.0,61,33,28,0.541,12.4,105.1,104.2,104.2,100.5,99.9,99.9,4.6,4.3,4.3,0.069,1.06,16.7,0.089,0.195,0.14,15.8,15.8,0.431,0.468,0.101,0.104,94.2,94.84,79.03,94.84,0.073,1487,56,130,0.9,2.1,0.431,239,167,260,207,352,158,196,196,93,85,85,102,107,107,336,283,162,87,62,70,417,416,403,396,456,457,363,326,326,304,346,343,412,420,265,2013-14
203469,Cody Zeller,Cody,1610612766,CHA,21.0,82,43,39,0.524,17.3,98.6,98.5,98.5,100.8,101.6,101.6,-2.2,-3.0,-3.0,0.106,1.06,13.6,0.08,0.159,0.12,12.9,13.0,0.426,0.498,0.178,0.182,97.4,97.07,80.89,97.07,0.086,2866,172,404,2.1,4.9,0.426,2,99,379,218,274,380,378,378,107,133,133,264,286,286,211,285,245,104,148,116,332,333,412,333,238,240,152,190,190,239,224,212,278,274,288,2013-14
202332,Cole Aldrich,Cole,1610612752,NYK,25.0,46,26,20,0.565,7.2,106.0,104.3,104.3,107.2,105.7,105.7,-1.2,-1.5,-1.5,0.063,0.78,13.1,0.113,0.279,0.197,16.8,16.9,0.541,0.62,0.124,0.128,94.28,95.7,79.75,95.7,0.137,655,33,61,0.7,1.3,0.541,310,237,169,185,433,126,193,193,349,301,301,244,252,252,353,371,257,25,6,5,434,437,83,17,418,418,357,274,274,28,377,400,432,452,38,2013-14
201147,Corey Brewer,Corey,1610612750,MIN,28.0,81,40,41,0.494,32.2,108.7,110.4,110.4,104.0,104.5,104.5,4.7,5.9,5.9,0.075,1.29,11.8,0.023,0.056,0.039,9.2,9.2,0.517,0.55,0.159,0.162,101.88,100.86,84.05,100.86,0.066,5487,388,807,4.8,10.0,0.481,30,120,395,252,67,61,45,45,232,250,250,101,77,77,318,231,285,309,468,460,128,127,144,154,311,316,20,49,49,344,74,83,105,111,118,2013-14
202709,Cory Joseph,Cory,1610612759,SAS,22.0,68,52,16,0.765,13.8,106.1,104.3,104.3,104.5,104.3,104.3,1.6,0.1,0.1,0.18,2.65,24.6,0.038,0.079,0.06,9.3,9.3,0.498,0.558,0.167,0.173,96.24,97.18,80.98,97.18,0.088,1893,126,265,1.9,3.9,0.475,192,29,127,18,331,121,189,189,249,238,238,170,211,211,113,38,78,221,394,320,131,133,215,129,271,266,229,178,178,227,264,271,303,319,129,2013-14
201584,Courtney Lee,Courtney,1610612763,MEM,28.0,79,47,32,0.595,25.0,101.2,102.3,102.3,100.5,101.0,101.0,0.7,1.3,1.3,0.093,1.58,13.7,0.015,0.083,0.049,8.7,8.6,0.539,0.574,0.168,0.173,92.32,91.59,76.32,91.59,0.094,3773,295,614,3.7,7.8,0.48,75,68,296,149,169,311,274,274,95,113,113,197,180,180,249,176,244,384,379,389,94,89,90,91,264,263,446,457,457,187,127,142,151,177,119,2013-14
201571,D.J. Augustin,D.J.,1610612741,CHI,26.0,71,44,27,0.62,27.3,101.2,102.5,102.5,100.1,101.1,101.1,1.1,1.4,1.4,0.297,2.5,25.1,0.008,0.059,0.034,10.0,10.0,0.508,0.569,0.221,0.227,92.16,91.16,75.97,91.16,0.117,3687,298,718,4.2,10.1,0.415,167,93,247,119,140,310,269,269,85,117,117,187,178,178,36,48,73,451,461,467,182,178,177,104,115,108,452,464,464,85,126,102,129,107,328,2013-14
203474,DJ Stephens,DJ,1610612749,MIL,23.0,3,0,3,0.0,4.9,77.7,78.6,78.6,84.8,80.8,80.8,-7.1,-2.2,-2.2,0.0,0.0,0.0,0.056,0.308,0.161,0.0,0.0,0.429,0.47,0.2,0.217,87.07,88.58,73.81,88.58,0.224,28,3,7,1.0,2.3,0.429,463,473,23,473,465,477,474,474,3,5,5,375,268,268,466,462,466,166,3,32,1,1,405,389,158,134,477,478,478,1,452,459,397,406,272,2013-14
201591,DJ White,DJ,1610612766,CHA,27.0,2,2,0,1.0,5.1,133.3,127.3,127.3,147.9,142.9,142.9,-14.6,-15.6,-15.6,0.0,0.0,0.0,0.0,0.333,0.118,0.0,0.0,0.0,0.0,0.037,0.04,97.29,101.34,84.45,101.34,0.018,22,0,1,0.0,0.5,0.0,470,444,1,1,463,3,3,3,480,479,479,455,451,451,466,462,466,459,1,119,1,1,473,475,479,479,162,37,37,458,473,475,473,475,473,2013-14
203081,Damian Lillard,Damian,1610612757,POR,23.0,82,54,28,0.659,35.8,110.4,111.5,111.5,105.1,105.5,105.5,5.4,6.0,6.0,0.249,2.37,21.5,0.012,0.082,0.047,9.1,9.0,0.508,0.568,0.244,0.25,97.8,97.16,80.97,97.16,0.117,5946,553,1304,6.7,15.9,0.424,2,18,260,91,19,37,27,27,274,289,289,84,74,74,65,57,106,421,381,401,120,119,176,105,54,53,130,179,179,82,18,12,32,22,294,2013-14
202345,Damion James,Damion,1610612759,SAS,26.0,5,1,4,0.2,10.1,114.0,113.7,113.7,107.8,102.0,102.0,6.2,11.8,11.8,0.071,3.0,21.4,0.018,0.229,0.117,7.1,7.2,0.222,0.304,0.095,0.095,94.47,97.23,81.02,97.23,0.051,102,2,9,0.4,1.8,0.222,455,462,31,450,383,15,13,13,378,147,147,72,15,15,328,19,107,356,29,126,39,40,470,465,464,467,347,172,172,403,462,454,458,433,467,2013-14
202350,Daniel Orton,Daniel,1610612755,PHI,23.0,22,7,15,0.318,11.4,92.4,93.1,93.1,101.0,100.2,100.2,-8.6,-7.1,-7.1,0.097,0.83,16.3,0.059,0.184,0.118,19.6,19.3,0.447,0.54,0.126,0.131,101.69,101.72,84.77,101.72,0.074,533,21,47,1.0,2.1,0.447,398,408,116,399,364,454,442,442,120,89,89,399,379,379,241,357,179,160,86,118,456,454,377,190,414,412,26,30,30,294,407,409,410,419,211,2013-14
101122,Danny Granger,Danny,1610612746,LAC,31.0,41,31,10,0.756,20.7,99.4,100.4,100.4,93.9,94.5,94.5,5.5,5.9,5.9,0.08,0.89,9.7,0.035,0.114,0.075,10.9,10.9,0.448,0.502,0.195,0.198,97.93,97.12,80.93,97.12,0.083,1712,116,307,2.8,7.5,0.378,331,185,74,25,216,357,329,329,18,26,26,83,76,76,304,343,341,234,254,255,230,231,371,318,173,181,122,182,182,256,272,249,222,186,407,2013-14
201980,Danny Green,Danny,1610612759,SAS,27.0,68,54,14,0.794,24.3,106.2,106.4,106.4,96.4,96.5,96.5,9.8,9.9,9.9,0.092,1.37,14.7,0.016,0.117,0.069,10.7,10.7,0.562,0.58,0.162,0.165,97.39,97.23,81.02,97.23,0.091,3345,218,505,3.2,7.4,0.432,192,18,109,11,180,120,112,112,30,36,36,24,25,25,252,214,210,382,241,273,223,222,47,72,301,301,153,171,171,203,187,173,199,188,261,2013-14
201967,Dante Cunningham,Dante,1610612750,MIN,27.0,81,39,42,0.481,20.2,104.0,103.7,103.7,104.8,104.8,104.8,-0.8,-1.1,-1.1,0.08,1.98,12.5,0.065,0.134,0.098,6.3,6.3,0.464,0.474,0.151,0.155,97.94,98.08,81.73,98.08,0.081,3339,236,509,2.9,6.3,0.464,30,129,402,264,221,204,216,216,266,269,269,230,242,242,300,103,268,139,206,182,30,30,325,385,333,336,121,127,127,266,167,172,216,219,162,2013-14
203130,Darius Johnson-Odom,Darius,1610612755,PHI,24.0,3,0,3,0.0,5.1,77.2,73.5,73.5,87.1,77.8,77.8,-9.9,-4.2,-4.2,0.1,0.5,9.1,0.0,0.125,0.054,18.2,18.4,0.0,0.0,0.256,0.271,101.3,109.84,91.53,109.84,-0.328,34,0,7,0.0,2.3,0.0,463,473,23,473,462,479,478,478,5,3,3,421,305,305,232,421,360,459,228,359,447,447,473,475,39,27,40,6,6,481,473,459,473,406,473,2013-14
203121,Darius Miller,Darius,1610612740,NOP,24.0,45,14,31,0.311,16.1,103.8,104.8,104.8,102.9,101.8,101.8,1.0,3.1,3.1,0.09,1.95,17.6,0.013,0.06,0.037,9.0,8.9,0.515,0.55,0.125,0.129,94.25,94.3,78.59,94.3,0.046,1423,73,166,1.6,3.7,0.44,314,356,285,402,296,210,172,172,194,138,138,191,136,136,261,107,149,411,459,463,116,114,151,155,417,416,359,353,353,416,318,318,325,331,231,2013-14
202721,Darius Morris,Darius,1610612763,MEM,23.0,27,16,11,0.593,11.6,89.9,89.3,89.3,102.1,98.4,98.4,-12.2,-9.1,-9.1,0.259,1.63,25.0,0.021,0.066,0.042,15.3,15.1,0.469,0.498,0.181,0.193,94.93,96.98,80.81,96.98,0.065,628,39,96,1.4,3.6,0.406,378,332,83,151,361,462,460,460,159,57,57,443,413,413,57,169,74,327,446,450,405,403,315,334,226,201,311,195,195,353,366,369,346,337,351,2013-14
201589,Darrell Arthur,Darrell,1610612743,DEN,26.0,68,33,35,0.485,17.1,102.4,102.2,102.2,99.1,99.1,99.1,3.3,3.1,3.1,0.082,1.05,11.0,0.044,0.126,0.086,10.4,10.4,0.424,0.459,0.181,0.185,100.05,100.13,83.44,100.13,0.055,2421,162,410,2.4,6.0,0.395,192,167,344,260,277,266,280,280,62,68,68,137,138,138,295,288,312,195,224,226,201,202,417,410,223,228,58,69,69,389,230,209,260,233,373,2013-14
201954,Darren Collison,Darren,1610612746,LAC,26.0,80,56,24,0.7,25.9,108.9,109.2,109.2,103.2,103.9,103.9,5.7,5.3,5.3,0.225,2.25,24.4,0.023,0.064,0.045,10.8,10.8,0.518,0.575,0.194,0.198,97.21,96.76,80.64,96.76,0.108,4169,324,694,4.1,8.7,0.467,52,12,209,54,160,57,58,58,205,216,216,80,90,90,81,69,80,305,451,427,229,230,143,87,181,180,172,213,213,109,113,114,138,146,152,2013-14
101135,David Lee,David,1610612744,GSW,31.0,69,42,27,0.609,33.2,108.3,109.4,109.4,98.7,99.4,99.4,9.6,10.0,10.0,0.101,0.97,10.4,0.081,0.193,0.139,10.7,10.8,0.523,0.566,0.24,0.241,98.58,97.74,81.45,97.74,0.134,4661,513,981,7.4,14.2,0.523,185,107,247,127,53,73,54,54,51,75,75,25,23,23,230,322,330,100,66,74,226,228,128,111,63,70,95,146,146,36,26,47,19,38,55,2013-14
2561,David West,David,1610612754,IND,33.0,80,54,26,0.675,30.9,104.0,105.7,105.7,95.6,97.6,97.6,8.4,8.1,8.1,0.158,1.68,15.8,0.051,0.159,0.108,9.4,9.5,0.49,0.533,0.217,0.219,95.09,93.36,77.8,93.36,0.139,4816,458,939,5.7,11.7,0.488,52,18,235,76,91,205,137,137,25,47,47,40,38,38,136,158,189,177,147,157,137,146,237,213,126,130,294,399,399,26,40,52,65,80,106,2013-14
201599,DeAndre Jordan,DeAndre,1610612746,LAC,25.0,82,57,25,0.695,35.0,111.5,113.0,113.0,102.3,104.3,104.3,9.1,8.7,8.7,0.036,0.6,8.4,0.119,0.26,0.193,13.9,14.0,0.676,0.63,0.123,0.123,98.23,96.67,80.56,96.67,0.121,5776,348,515,4.2,6.3,0.676,2,9,221,59,32,21,16,16,173,234,234,32,33,33,438,400,380,16,14,6,371,374,7,13,420,427,106,219,219,68,93,171,125,220,5,2013-14
202732,DeAndre Liggins,DeAndre,1610612748,MIA,26.0,1,1,0,1.0,1.4,233.3,175.0,175.0,200.0,200.0,200.0,33.3,-25.0,-25.0,0.0,0.0,0.0,0.5,0.0,0.333,0.0,0.0,1.0,1.0,0.167,0.2,102.86,120.0,100.0,120.0,0.161,4,1,1,1.0,1.0,1.0,481,462,1,1,481,1,1,1,481,481,481,1,469,469,466,462,466,2,474,1,1,1,1,1,275,175,13,2,2,13,467,475,397,457,1,2013-14
201971,DeJuan Blair,DeJuan,1610612742,DAL,25.0,78,46,32,0.59,15.6,107.3,106.0,106.0,106.1,105.3,105.3,1.2,0.7,0.7,0.088,0.91,11.8,0.114,0.198,0.155,13.0,13.0,0.534,0.557,0.187,0.192,97.49,98.51,82.09,98.51,0.097,2481,210,393,2.7,5.0,0.534,89,78,296,155,305,92,128,128,309,285,285,184,196,196,269,337,287,23,59,40,335,336,101,130,203,204,147,108,108,160,191,215,232,269,47,2013-14
201942,DeMar DeRozan,DeMar,1610612761,TOR,24.0,79,45,34,0.57,38.2,105.9,107.7,107.7,102.5,104.6,104.6,3.4,3.1,3.1,0.189,1.78,14.5,0.017,0.099,0.058,8.1,8.1,0.452,0.532,0.278,0.282,93.8,92.05,76.71,92.05,0.128,5785,604,1407,7.6,17.8,0.429,75,87,326,177,4,130,85,85,178,253,253,132,134,134,104,141,217,365,307,329,70,69,357,218,15,17,389,449,449,50,10,5,14,6,270,2013-14
202326,DeMarcus Cousins,DeMarcus,1610612758,SAC,23.0,71,28,43,0.394,32.4,103.2,105.4,105.4,105.1,106.0,106.0,-1.8,-0.7,-0.7,0.175,0.82,10.9,0.097,0.275,0.185,13.2,13.1,0.496,0.555,0.323,0.326,96.93,95.49,79.58,95.49,0.182,4578,591,1191,8.3,16.8,0.496,167,212,411,324,64,236,154,154,271,312,312,259,229,229,118,361,314,66,7,10,341,340,222,133,2,3,188,290,290,5,11,21,9,13,98,2013-14
201960,DeMarre Carroll,DeMarre,1610612737,ATL,27.0,73,37,36,0.507,32.1,105.2,105.4,105.4,101.8,103.2,103.2,3.4,2.2,2.2,0.088,1.7,14.7,0.048,0.127,0.088,8.6,8.6,0.546,0.575,0.149,0.153,96.65,95.94,79.95,95.94,0.091,4677,302,642,4.1,8.8,0.47,136,140,355,234,72,156,151,151,149,196,196,134,160,160,273,152,211,183,220,218,92,92,73,86,342,342,204,262,262,206,122,133,131,140,145,2013-14
203471,Dennis Schröder,Dennis,1610612737,ATL,20.0,49,21,28,0.429,13.1,96.1,95.2,95.2,112.3,111.8,111.8,-16.2,-16.6,-16.6,0.247,1.52,25.8,0.008,0.091,0.049,16.9,16.9,0.41,0.442,0.188,0.196,95.21,95.83,79.86,95.83,0.047,1284,72,188,1.5,3.8,0.383,301,284,260,304,341,427,429,429,459,460,460,460,456,456,67,182,66,450,340,390,437,436,428,424,199,190,287,268,268,412,323,308,341,321,394,2013-14
965,Derek Fisher,Derek,1610612760,OKC,39.0,81,59,22,0.728,17.6,108.7,108.2,108.2,99.5,99.3,99.3,9.2,8.9,8.9,0.12,2.39,21.0,0.009,0.077,0.044,8.8,8.8,0.512,0.542,0.136,0.139,96.8,97.11,80.92,97.11,0.063,2879,141,361,1.7,4.5,0.391,30,4,184,33,272,62,74,74,72,72,72,31,31,31,188,55,113,445,404,438,102,101,159,179,392,393,196,185,185,360,247,225,310,292,384,2013-14
101114,Deron Williams,Deron,1610612751,BKN,30.0,64,37,27,0.578,32.2,108.3,109.0,109.0,103.1,104.6,104.6,5.2,4.4,4.4,0.312,2.74,29.3,0.008,0.079,0.044,10.7,10.6,0.518,0.564,0.214,0.219,94.37,93.41,77.84,93.41,0.117,4013,322,716,5.0,11.2,0.45,217,140,247,173,68,74,61,61,202,259,259,88,104,104,27,34,39,449,398,433,221,219,142,114,129,129,350,396,396,83,114,104,97,90,204,2013-14
202324,Derrick Favors,Derrick,1610612762,UTA,22.0,73,25,48,0.342,30.2,101.3,102.6,102.6,110.1,110.8,110.8,-8.7,-8.2,-8.2,0.072,0.71,8.4,0.092,0.212,0.151,11.9,11.8,0.522,0.556,0.206,0.21,93.48,92.62,77.19,92.62,0.118,4252,390,747,5.3,10.2,0.522,136,246,437,374,103,302,264,264,437,449,449,400,398,398,326,388,381,77,49,46,288,287,132,131,146,150,402,431,431,81,72,98,81,106,58,2013-14
201565,Derrick Rose,Derrick,1610612741,CHI,25.0,10,5,5,0.5,31.1,97.3,98.2,98.2,100.5,103.9,103.9,-3.2,-5.7,-5.7,0.257,1.26,16.9,0.027,0.068,0.048,13.3,13.3,0.402,0.446,0.289,0.295,97.09,95.03,79.19,95.03,0.073,617,58,164,5.8,16.4,0.354,440,423,38,237,86,408,389,389,94,220,220,281,351,351,62,236,161,276,439,395,346,346,430,418,12,11,177,314,314,306,342,320,62,15,432,2013-14
202682,Derrick Williams,Derrick,1610612758,SAC,23.0,78,29,49,0.372,23.3,102.3,102.5,102.5,106.8,106.8,106.8,-4.5,-4.3,-4.3,0.049,0.74,7.7,0.037,0.134,0.085,10.5,10.4,0.454,0.524,0.158,0.162,97.58,97.47,81.22,97.47,0.08,3686,206,482,2.6,6.2,0.427,89,201,443,340,188,269,265,265,330,334,334,311,308,308,409,380,402,223,207,229,203,204,352,244,315,318,140,160,160,271,194,187,237,226,284,2013-14
2734,Devin Harris,Devin,1610612742,DAL,31.0,40,24,16,0.6,20.4,115.8,112.6,112.6,104.7,104.2,104.2,11.1,8.4,8.4,0.312,3.02,33.0,0.01,0.096,0.054,10.9,10.9,0.439,0.517,0.195,0.203,94.92,96.46,80.39,96.46,0.098,1652,96,254,2.4,6.4,0.378,338,254,127,135,218,10,18,18,254,233,233,15,34,34,26,17,24,430,320,358,233,232,398,268,174,163,313,231,231,153,292,276,258,217,406,2013-14
203473,Dewayne Dedmon,Dewayne,1610612753,ORL,24.0,31,7,24,0.226,12.6,94.7,95.4,95.4,104.7,102.0,102.0,-10.0,-6.7,-6.7,0.021,0.28,4.2,0.096,0.255,0.171,15.0,15.0,0.458,0.5,0.129,0.131,95.06,95.96,79.96,95.96,0.077,777,38,83,1.2,2.7,0.458,362,408,209,445,347,439,425,425,256,152,152,422,373,373,457,450,454,69,16,20,402,401,343,328,408,410,299,259,259,281,367,381,371,389,177,2013-14
202354,Dexter Pittman,Dexter,1610612737,ATL,26.0,2,0,2,0.0,1.5,69.4,50.0,50.0,66.7,66.7,66.7,2.8,-16.7,-16.7,0.0,0.0,0.0,0.6,0.0,0.3,0.0,0.0,0.0,0.0,0.25,0.273,72.49,81.63,68.03,81.63,-1.5,4,0,1,0.0,0.5,0.0,470,473,13,473,480,481,482,482,1,1,1,146,457,457,466,462,466,1,474,2,1,1,473,475,46,25,481,481,481,482,473,475,473,475,473,2013-14
203197,Diante Garrett,Diante,1610612762,UTA,25.0,71,23,48,0.324,14.8,99.1,98.3,98.3,105.2,103.7,103.7,-6.1,-5.3,-5.3,0.183,1.6,25.8,0.01,0.084,0.047,16.1,16.1,0.449,0.459,0.148,0.152,92.62,93.68,78.07,93.68,0.056,2041,101,265,1.4,3.7,0.381,167,264,437,396,317,368,384,384,279,211,211,358,340,340,110,173,67,429,373,404,422,422,369,408,345,344,435,385,385,385,284,271,349,329,397,2013-14
203079,Dion Waiters,Dion,1610612739,CLE,22.0,70,28,42,0.4,29.6,101.3,102.7,102.7,103.7,104.6,104.6,-2.4,-1.9,-1.9,0.183,1.36,14.3,0.015,0.079,0.046,10.6,10.6,0.479,0.508,0.264,0.269,95.41,94.31,78.59,94.31,0.091,4083,430,993,6.1,14.2,0.433,176,212,402,320,108,308,259,259,221,260,260,269,259,259,109,216,220,390,397,411,212,214,273,292,28,32,282,352,352,204,53,45,50,40,257,2013-14
202091,Dionte Christmas,Dionte,1610612756,PHX,27.0,31,15,16,0.484,6.4,102.7,98.3,98.3,107.7,105.9,105.9,-5.0,-7.6,-7.6,0.067,1.33,9.1,0.059,0.136,0.094,6.8,6.9,0.427,0.489,0.163,0.17,96.48,99.46,82.88,99.46,0.072,414,22,62,0.7,2.0,0.355,362,345,127,263,447,253,385,385,374,307,307,331,390,390,342,218,360,162,203,192,34,37,408,354,291,276,218,88,88,316,406,399,433,422,431,2013-14
1717,Dirk Nowitzki,Dirk,1610612742,DAL,36.0,80,48,32,0.6,32.9,110.5,109.4,109.4,105.5,103.9,103.9,4.9,5.5,5.5,0.14,1.85,12.3,0.016,0.184,0.1,6.7,6.6,0.549,0.603,0.26,0.268,95.17,96.37,80.31,96.37,0.161,5292,633,1273,7.9,15.9,0.497,52,50,296,135,58,36,55,55,294,222,222,93,84,84,160,126,274,376,85,176,32,32,66,31,34,33,291,241,241,15,9,15,11,21,96,2013-14
202388,Donald Sloan,Donald,1610612754,IND,26.0,48,31,17,0.646,8.2,93.3,91.8,91.8,104.8,102.2,102.2,-11.5,-10.4,-10.4,0.223,2.27,25.3,0.01,0.101,0.056,11.1,11.1,0.419,0.437,0.17,0.178,92.89,94.86,79.05,94.86,0.075,776,44,117,0.9,2.4,0.376,305,185,136,107,419,448,450,450,264,157,157,435,427,427,85,67,71,431,300,342,251,253,422,431,257,250,425,323,323,293,362,357,413,402,412,2013-14
202700,Donatas Motiejunas,Donatas,1610612745,HOU,23.0,62,42,20,0.677,15.4,104.4,103.8,103.8,100.4,100.6,100.6,4.0,3.2,3.2,0.058,0.69,8.1,0.062,0.163,0.113,11.6,11.6,0.478,0.504,0.172,0.177,100.34,100.54,83.79,100.54,0.068,1989,131,296,2.1,4.8,0.443,232,107,169,71,307,187,213,213,91,101,101,117,132,132,379,390,391,152,137,135,277,276,281,313,249,252,55,54,54,336,256,256,276,280,218,2013-14
2748,Dorell Wright,Dorell,1610612757,POR,28.0,68,48,20,0.706,14.5,105.9,106.6,106.6,104.6,103.0,103.0,1.3,3.6,3.6,0.096,1.64,15.0,0.029,0.157,0.093,9.1,9.1,0.49,0.524,0.159,0.163,97.5,97.95,81.63,97.95,0.09,1999,111,297,1.6,4.4,0.374,192,50,169,51,320,129,110,110,251,180,180,179,119,119,244,167,205,266,157,193,124,121,236,243,314,309,144,134,134,216,276,255,323,296,416,2013-14
203117,Doron Lamb,Doron,1610612753,ORL,22.0,53,13,40,0.245,13.1,100.2,100.7,100.7,100.8,99.8,99.8,-0.6,0.9,0.9,0.093,1.59,17.6,0.012,0.061,0.036,11.1,11.0,0.506,0.543,0.131,0.134,94.12,94.37,78.64,94.37,0.047,1359,63,160,1.2,3.0,0.394,281,363,389,438,339,337,324,324,106,84,84,225,191,191,248,175,149,418,457,465,245,239,185,174,404,402,366,348,348,411,336,325,376,365,377,2013-14
203110,Draymond Green,Draymond,1610612744,GSW,24.0,82,51,31,0.622,21.9,104.3,102.9,102.9,98.4,98.1,98.1,5.9,4.8,4.8,0.127,1.67,20.0,0.046,0.173,0.11,12.0,12.0,0.467,0.498,0.146,0.149,98.67,99.46,82.88,99.46,0.09,3706,187,459,2.3,5.6,0.407,2,32,285,116,204,191,247,247,49,52,52,78,95,95,175,161,123,187,107,147,293,300,319,335,354,354,88,87,87,212,208,193,264,249,347,2013-14
2400,Drew Gooden,Drew,1610612764,WAS,32.0,22,12,10,0.545,18.0,105.2,105.0,105.0,110.5,108.7,108.7,-5.3,-3.7,-3.7,0.066,0.88,8.0,0.099,0.214,0.156,9.1,9.1,0.556,0.591,0.2,0.204,91.6,92.45,77.04,92.45,0.127,761,76,143,3.5,6.5,0.531,398,375,74,200,270,157,166,166,447,406,406,337,299,299,344,346,393,57,45,39,121,123,55,50,160,160,465,437,437,52,312,336,179,212,50,2013-14
202779,Dwight Buycks,Dwight,1610612761,TOR,25.0,14,5,9,0.357,10.4,100.5,102.8,102.8,102.2,101.4,101.4,-1.7,1.4,1.4,0.115,1.0,14.1,0.025,0.139,0.078,14.1,13.9,0.365,0.414,0.181,0.187,94.74,94.01,78.34,94.01,0.061,284,15,48,1.1,3.4,0.313,427,423,70,355,378,330,252,252,163,125,125,256,176,176,199,299,228,289,193,246,379,371,449,442,227,217,324,374,374,374,420,408,390,341,455,2013-14
2730,Dwight Howard,Dwight,1610612745,HOU,28.0,71,48,23,0.676,33.8,110.1,111.3,111.3,102.2,104.3,104.3,7.9,7.0,7.0,0.091,0.57,9.0,0.102,0.25,0.18,15.7,15.9,0.593,0.6,0.241,0.241,97.77,96.26,80.22,96.26,0.146,4807,473,800,6.7,11.3,0.591,167,50,198,72,45,41,29,29,165,237,237,48,55,55,253,408,362,47,20,11,416,418,26,36,58,72,131,248,248,23,34,85,35,87,17,2013-14
2548,Dwyane Wade,Dwyane,1610612748,MIA,32.0,54,36,18,0.667,32.9,107.2,107.3,107.3,102.6,103.0,103.0,4.6,4.3,4.3,0.249,1.57,19.6,0.041,0.106,0.076,12.5,12.5,0.551,0.588,0.272,0.276,94.7,94.45,78.71,94.45,0.144,3487,415,761,7.7,14.1,0.545,273,148,146,83,57,96,92,92,186,184,184,105,106,106,64,177,129,210,280,253,319,315,59,61,21,21,325,346,346,24,62,93,13,43,34,2013-14
202734,E'Twaun Moore,E'Twaun,1610612753,ORL,25.0,79,22,57,0.278,19.1,97.8,97.0,97.0,101.2,102.0,102.0,-3.4,-5.0,-5.0,0.122,2.04,17.2,0.019,0.07,0.045,8.5,8.4,0.49,0.513,0.159,0.164,96.69,96.67,80.56,96.67,0.074,3035,195,456,2.5,5.8,0.428,75,274,468,421,248,395,405,405,125,153,153,286,329,329,185,90,157,347,431,424,84,83,233,281,313,305,200,220,220,299,202,197,246,241,282,2013-14
201947,Earl Clark,Earl,1610612752,NYK,26.0,54,22,32,0.407,14.2,96.0,95.5,95.5,104.4,104.8,104.8,-8.5,-9.3,-9.3,0.039,0.58,5.5,0.028,0.159,0.092,9.5,9.5,0.45,0.466,0.176,0.181,95.69,95.73,79.77,95.73,0.063,1536,97,261,1.8,4.8,0.372,273,274,296,313,324,428,422,422,243,268,268,395,415,415,431,407,441,271,145,198,144,149,364,399,243,241,262,271,271,364,291,274,307,277,420,2013-14
2248,Earl Watson,Earl,1610612757,POR,35.0,24,17,7,0.708,6.7,99.2,96.3,96.3,100.0,97.9,97.9,-0.8,-1.6,-1.6,0.246,1.65,48.3,0.031,0.061,0.047,29.3,29.4,0.364,0.47,0.08,0.083,96.16,98.63,82.2,98.63,0.0,328,3,11,0.1,0.5,0.273,387,324,51,48,441,365,413,413,80,48,48,232,253,253,68,165,4,254,455,407,476,476,450,390,473,473,239,107,107,465,452,453,470,478,462,2013-14
202334,Ed Davis,Ed,1610612763,MEM,25.0,63,38,25,0.603,15.2,102.4,102.5,102.5,98.4,99.1,99.1,4.0,3.4,3.4,0.045,0.68,6.8,0.097,0.177,0.137,10.1,10.1,0.534,0.542,0.171,0.175,93.13,92.73,77.27,92.73,0.104,1843,155,290,2.5,4.6,0.534,224,135,221,133,309,268,266,266,48,69,69,118,129,129,418,392,420,64,95,79,187,185,100,177,256,256,418,428,428,124,234,262,248,287,46,2013-14
202327,Ekpe Udoh,Ekpe,1610612749,MIL,27.0,42,7,35,0.167,19.1,99.4,99.2,99.2,108.6,108.9,108.9,-9.2,-9.7,-9.7,0.059,0.82,13.2,0.077,0.105,0.091,16.2,16.3,0.399,0.44,0.116,0.117,92.61,92.53,77.11,92.53,0.035,1541,57,143,1.4,3.4,0.399,327,408,344,464,247,358,356,356,406,417,417,408,420,420,373,366,256,114,284,203,423,425,432,427,438,439,436,434,434,441,343,336,357,342,367,2013-14
203548,Elias Harris,Elias,1610612747,LAL,24.0,2,1,1,0.5,5.7,117.7,116.0,116.0,132.0,134.6,134.6,-14.3,-18.6,-18.6,0.091,0.0,50.0,0.083,0.0,0.042,0.0,0.0,0.0,0.0,0.036,0.036,107.86,107.53,89.6,107.53,0.025,25,0,1,0.0,0.5,0.0,470,462,8,237,456,9,8,8,477,478,478,454,461,461,255,462,2,96,474,449,1,1,473,475,480,480,5,8,8,454,473,475,473,475,473,2013-14
202343,Elliot Williams,Elliot,1610612755,PHI,25.0,67,13,54,0.194,17.3,92.5,92.4,92.4,107.4,106.6,106.6,-14.9,-14.1,-14.1,0.104,1.06,13.6,0.023,0.087,0.053,12.9,12.8,0.47,0.519,0.163,0.168,101.45,101.87,84.89,101.87,0.055,2450,140,337,2.1,5.0,0.415,201,363,461,453,275,453,448,448,358,329,329,456,447,447,218,284,246,303,360,364,330,330,309,264,288,287,33,26,26,388,251,238,280,271,325,2013-14
1882,Elton Brand,Elton,1610612737,ATL,35.0,73,34,39,0.466,19.4,103.8,103.3,103.3,105.1,105.1,105.1,-1.3,-1.8,-1.8,0.081,1.23,14.6,0.075,0.19,0.134,11.8,11.8,0.539,0.561,0.138,0.142,96.67,96.86,80.71,96.86,0.088,2848,179,332,2.5,4.5,0.539,136,163,379,274,245,214,236,236,273,275,275,249,255,255,297,242,215,119,69,83,286,288,89,124,377,378,203,209,209,231,216,241,251,289,41,2013-14
202683,Enes Freedom,Enes,1610612762,UTA,22.0,80,23,57,0.288,26.7,99.2,99.8,99.8,112.0,112.0,112.0,-12.8,-12.2,-12.2,0.064,0.52,6.4,0.103,0.195,0.146,12.4,12.4,0.491,0.523,0.228,0.232,93.1,92.85,77.37,92.85,0.101,4147,419,853,5.2,10.7,0.491,52,264,468,417,147,363,341,341,457,461,461,446,439,439,348,418,428,44,63,58,311,311,228,245,92,93,419,422,422,136,61,71,84,97,103,2013-14
202339,Eric Bledsoe,Eric,1610612756,PHX,24.0,43,28,15,0.651,32.9,105.4,105.7,105.7,100.5,101.5,101.5,4.9,4.3,4.3,0.272,1.64,22.7,0.019,0.12,0.071,13.8,13.8,0.522,0.578,0.244,0.249,98.23,97.63,81.36,97.63,0.141,2887,265,556,6.2,12.9,0.477,323,212,116,102,55,149,135,135,97,126,126,94,108,108,50,166,97,346,236,268,367,365,133,78,52,54,105,153,153,25,147,159,47,58,127,2013-14
201569,Eric Gordon,Eric,1610612740,NOP,25.0,64,26,38,0.406,32.1,104.2,105.1,105.1,110.4,111.5,111.5,-6.2,-6.4,-6.4,0.164,1.55,16.5,0.015,0.071,0.042,10.6,10.7,0.498,0.54,0.227,0.229,95.66,94.76,78.97,94.76,0.089,4057,356,817,5.6,12.8,0.436,217,237,369,315,71,195,160,160,446,459,459,361,367,367,129,179,173,389,429,446,218,221,218,191,94,102,266,329,329,221,89,80,71,63,249,2013-14
201953,Eric Maynor,Eric,1610612755,PHI,27.0,31,11,20,0.355,10.5,86.1,86.4,86.4,112.7,111.2,111.2,-26.5,-24.8,-24.8,0.291,1.79,27.8,0.025,0.1,0.059,15.5,15.5,0.376,0.387,0.178,0.184,95.96,96.46,80.39,96.46,0.058,653,32,101,1.0,3.3,0.317,362,385,169,360,376,473,468,468,461,456,456,474,468,468,40,136,47,291,303,322,411,410,444,455,237,233,252,232,232,381,381,367,394,350,452,2013-14
203513,Erik Murphy,Erik,1610612741,CHI,23.0,24,13,11,0.542,2.6,71.1,63.4,63.4,111.1,104.7,104.7,-40.0,-41.4,-41.4,0.065,1.0,11.8,0.027,0.102,0.06,11.8,11.8,0.231,0.231,0.101,0.114,91.35,99.63,83.02,99.63,-0.011,131,3,13,0.1,0.5,0.231,387,363,83,205,478,480,480,480,453,264,264,480,479,479,347,299,288,279,294,319,283,283,468,470,457,450,466,83,83,474,452,450,470,474,465,2013-14
101141,Ersan Ilyasova,Ersan,1610612749,MIL,27.0,55,10,45,0.182,26.9,97.5,99.2,99.2,107.4,107.3,107.3,-9.9,-8.1,-8.1,0.086,1.18,9.3,0.068,0.168,0.115,7.9,7.9,0.441,0.486,0.21,0.211,94.77,94.0,78.34,94.0,0.097,2880,237,579,4.3,10.5,0.409,265,393,424,457,145,401,357,357,359,356,356,420,396,396,279,258,354,132,118,130,60,63,388,365,139,148,321,375,375,159,166,154,121,100,346,2013-14
203095,Evan Fournier,Evan,1610612743,DEN,21.0,76,35,41,0.461,19.8,102.4,102.4,102.4,102.3,102.0,102.0,0.1,0.4,0.4,0.119,1.12,13.8,0.021,0.107,0.063,12.3,12.3,0.501,0.533,0.191,0.195,101.65,101.78,84.82,101.78,0.069,3187,228,544,3.0,7.2,0.419,115,159,395,278,231,265,273,273,167,150,150,210,205,205,193,271,238,328,276,296,309,308,199,210,192,193,27,29,29,333,176,163,212,196,310,2013-14
202323,Evan Turner,Evan,1610612754,IND,25.0,81,29,52,0.358,30.3,98.5,99.5,99.5,105.5,106.9,106.9,-7.0,-7.4,-7.4,0.174,1.39,16.5,0.024,0.134,0.079,11.9,11.9,0.45,0.498,0.229,0.233,100.41,99.31,82.76,99.31,0.093,5083,434,1021,5.4,12.6,0.425,30,201,448,353,99,384,346,346,295,336,336,374,385,385,119,206,172,297,205,245,292,291,368,338,87,89,53,90,90,191,52,37,79,64,290,2013-14
101128,Francisco Garcia,Francisco,1610612745,HOU,32.0,55,33,22,0.6,19.7,105.9,104.7,104.7,102.6,103.2,103.2,3.3,1.5,1.5,0.09,2.1,15.9,0.02,0.086,0.054,7.6,7.6,0.519,0.521,0.131,0.134,99.26,99.57,82.97,99.57,0.054,2247,118,294,2.1,5.3,0.401,265,167,184,135,236,127,181,181,189,195,195,139,174,174,258,78,187,344,361,354,49,50,139,257,405,401,70,84,84,391,271,259,274,260,359,2013-14
203539,Gal Mekel,Gal,1610612742,DAL,26.0,31,18,13,0.581,9.4,105.3,102.9,102.9,107.3,103.8,103.8,-1.9,-0.8,-0.8,0.299,2.03,33.9,0.016,0.085,0.048,16.7,16.7,0.378,0.4,0.176,0.182,97.85,100.63,83.86,100.63,0.04,614,30,86,1.0,2.8,0.349,362,313,102,167,396,155,246,246,351,214,214,260,235,235,35,91,20,374,366,393,428,432,442,450,240,237,127,52,52,434,389,379,409,384,437,2013-14
202066,Garrett Temple,Garrett,1610612764,WAS,28.0,75,40,35,0.533,8.5,97.5,94.1,94.1,103.1,99.7,99.7,-5.6,-5.6,-5.6,0.18,1.71,26.4,0.033,0.08,0.055,15.4,15.3,0.383,0.431,0.138,0.146,93.15,96.4,80.34,96.4,0.048,1274,51,141,0.7,1.9,0.362,125,120,344,213,415,403,440,440,200,80,80,341,346,346,114,147,64,246,392,350,406,407,440,433,379,363,416,235,235,410,359,338,434,429,427,2013-14
202390,Gary Neal,Gary,1610612766,CHA,29.0,52,19,33,0.365,21.4,99.4,99.2,99.2,108.2,107.3,107.3,-8.8,-8.0,-8.0,0.137,1.3,12.5,0.009,0.076,0.042,9.7,9.6,0.482,0.53,0.235,0.241,93.97,94.47,78.73,94.47,0.085,2194,193,471,3.7,9.1,0.41,288,306,313,345,209,356,355,355,397,352,352,402,395,395,164,228,267,444,412,452,155,153,265,226,76,71,379,345,345,246,205,190,153,134,344,2013-14
201588,George Hill,George,1610612754,IND,28.0,76,50,26,0.658,32.0,102.7,104.6,104.6,96.5,98.0,98.0,6.2,6.6,6.6,0.17,2.88,25.3,0.023,0.089,0.058,8.8,8.8,0.519,0.563,0.146,0.148,94.31,92.76,77.3,92.76,0.101,4707,272,616,3.6,8.1,0.442,115,38,235,97,75,252,182,182,31,49,49,70,61,61,121,27,70,308,348,333,101,98,140,118,350,358,356,425,425,135,143,140,161,164,223,2013-14
101123,Gerald Green,Gerald,1610612756,PHX,28.0,82,48,34,0.585,28.4,107.4,107.9,107.9,106.2,106.8,106.8,1.3,1.1,1.1,0.085,0.84,8.9,0.021,0.098,0.06,10.6,10.6,0.547,0.585,0.233,0.237,98.59,98.11,81.76,98.11,0.097,4758,448,1006,5.5,12.3,0.445,2,50,326,160,122,89,82,82,312,333,333,180,187,187,280,355,367,323,311,317,214,213,69,64,80,83,94,125,125,164,46,43,74,68,214,2013-14
201945,Gerald Henderson,Gerald,1610612766,CHA,26.0,77,40,37,0.519,32.0,101.0,102.2,102.2,101.9,103.4,103.4,-0.9,-1.3,-1.3,0.137,1.76,14.4,0.013,0.112,0.063,8.2,8.2,0.455,0.507,0.221,0.224,94.01,92.75,77.29,92.75,0.092,4750,403,930,5.2,12.1,0.433,101,120,365,225,77,318,283,283,152,206,206,236,248,248,163,142,218,412,260,299,74,75,350,294,113,117,377,426,426,196,66,54,85,73,255,2013-14
2222,Gerald Wallace,Gerald,1610612738,BOS,31.0,58,19,39,0.328,24.4,98.2,98.6,98.6,104.4,104.4,104.4,-6.3,-5.8,-5.8,0.152,1.47,27.7,0.025,0.131,0.076,18.8,18.9,0.546,0.543,0.115,0.117,95.51,95.34,79.45,95.34,0.081,2807,116,230,2.0,4.0,0.504,255,306,379,392,177,390,372,372,246,243,243,362,354,354,146,187,48,292,211,250,449,449,75,175,440,441,273,298,298,265,272,288,289,313,78,2013-14
203507,Giannis Antetokounmpo,Giannis,1610612749,MIL,19.0,77,14,63,0.182,24.6,103.6,103.8,103.8,107.9,108.3,108.3,-4.4,-4.5,-4.5,0.12,1.23,19.1,0.042,0.14,0.091,15.6,15.7,0.463,0.518,0.148,0.15,94.52,94.24,78.53,94.24,0.073,3719,173,418,2.2,5.4,0.414,101,356,481,457,171,225,211,211,384,399,399,307,314,314,190,243,133,206,190,205,413,414,327,266,346,349,342,358,358,303,222,206,267,255,334,2013-14
203540,Gigi Datome,Gigi,1610612765,DET,26.0,34,9,25,0.265,7.0,104.6,102.5,102.5,96.0,94.8,94.8,8.6,7.7,7.7,0.071,1.0,8.9,0.052,0.145,0.094,8.9,8.9,0.387,0.409,0.198,0.205,96.11,97.7,81.42,97.7,0.058,484,34,97,1.0,2.9,0.351,355,400,221,428,437,179,267,267,27,29,29,37,44,44,331,299,368,175,181,191,108,115,435,444,165,159,241,147,147,379,376,368,397,379,436,2013-14
201175,Glen Davis,Glen,1610612746,LAC,28.0,68,30,38,0.441,24.4,99.0,100.0,100.0,104.8,105.0,105.0,-5.9,-5.0,-5.0,0.08,1.01,9.5,0.065,0.149,0.106,9.4,9.4,0.46,0.491,0.2,0.203,95.12,94.58,78.81,94.58,0.084,3273,271,593,4.0,8.7,0.457,192,193,369,295,176,374,334,334,267,273,273,352,327,327,303,298,346,138,173,161,136,138,333,353,156,167,293,338,338,249,144,149,140,142,181,2013-14
203318,Glen Rice,Glen,1610612764,WAS,23.0,11,2,9,0.182,9.9,88.3,90.5,90.5,90.8,84.6,84.6,-2.6,5.9,5.9,0.101,0.78,12.5,0.031,0.16,0.088,16.1,16.0,0.365,0.399,0.186,0.19,95.55,97.65,81.38,97.65,0.063,221,11,37,1.0,3.4,0.297,435,444,70,457,388,466,455,455,9,6,6,273,80,80,225,371,269,253,141,220,421,421,448,451,207,214,270,148,148,359,428,420,397,345,460,2013-14
201609,Goran Dragic,Goran,1610612756,PHX,28.0,76,45,31,0.592,35.1,110.3,111.1,111.1,103.9,105.5,105.5,6.5,5.6,5.6,0.274,2.1,23.2,0.027,0.066,0.046,11.0,11.0,0.561,0.604,0.241,0.246,98.06,96.95,80.79,96.95,0.134,5389,552,1093,7.3,14.4,0.505,115,87,285,153,30,39,33,33,226,291,291,64,82,82,48,79,92,281,445,408,242,243,49,30,57,60,111,199,199,37,19,28,22,36,76,2013-14
202330,Gordon Hayward,Gordon,1610612762,UTA,24.0,77,23,54,0.299,36.4,101.6,102.8,102.8,110.0,110.2,110.2,-8.4,-7.4,-7.4,0.237,1.89,22.1,0.023,0.126,0.073,11.7,11.7,0.454,0.52,0.227,0.23,93.74,93.11,77.6,93.11,0.112,5434,426,1032,5.5,13.4,0.413,101,264,461,412,10,294,254,254,435,441,441,394,384,384,72,118,103,311,223,261,281,282,354,262,95,97,391,414,414,97,57,34,72,52,337,2013-14
203476,Gorgui Dieng,Gorgui,1610612750,MIN,24.0,60,32,28,0.533,13.6,99.8,100.4,100.4,103.6,103.9,103.9,-3.7,-3.5,-3.5,0.076,0.72,10.7,0.117,0.234,0.174,14.9,15.0,0.5,0.534,0.167,0.17,98.69,98.25,81.88,98.25,0.111,1683,113,227,1.9,3.8,0.498,245,177,260,213,332,348,328,328,218,219,219,292,292,292,313,383,318,21,26,14,400,400,201,207,273,281,87,118,118,99,274,290,300,325,95,2013-14
202328,Greg Monroe,Greg,1610612765,DET,24.0,82,29,53,0.354,32.8,103.7,105.6,105.6,107.8,108.3,108.3,-4.1,-2.7,-2.7,0.101,1.03,11.3,0.088,0.196,0.138,11.0,11.0,0.497,0.531,0.211,0.212,97.42,96.33,80.28,96.33,0.118,5395,504,1015,6.1,12.4,0.497,2,201,458,362,59,216,141,141,377,400,400,300,279,279,229,295,306,90,60,75,237,238,220,222,136,143,150,243,243,77,27,39,49,66,97,2013-14
201141,Greg Oden,Greg,1610612748,MIA,26.0,23,16,7,0.696,9.2,100.2,101.0,101.0,107.7,108.2,108.2,-7.5,-7.2,-7.2,0.007,0.08,1.4,0.112,0.158,0.135,16.9,16.6,0.551,0.567,0.15,0.154,94.59,94.01,78.34,94.01,0.039,414,27,49,1.2,2.1,0.551,393,332,51,58,399,338,317,317,372,390,390,384,381,381,465,460,465,29,150,82,435,429,61,109,338,337,333,373,373,437,395,407,379,421,30,2013-14
202962,Greg Smith,Greg,1610612745,HOU,23.0,11,7,4,0.636,9.1,104.4,102.9,102.9,109.1,110.0,110.0,-4.7,-7.2,-7.2,0.0,0.0,0.0,0.103,0.155,0.129,14.3,14.2,0.643,0.629,0.146,0.152,99.46,99.79,83.15,99.79,0.079,208,18,28,1.6,2.5,0.643,435,408,31,111,403,185,250,250,419,437,437,316,380,380,466,462,466,45,159,102,384,385,11,15,352,343,67,79,79,279,410,428,321,392,8,2013-14
201880,Greg Stiemsma,Greg,1610612740,NOP,28.0,55,21,34,0.382,18.3,97.0,97.6,97.6,106.6,105.6,105.6,-9.5,-8.0,-8.0,0.055,0.82,16.7,0.072,0.165,0.117,20.5,20.4,0.574,0.584,0.081,0.083,92.79,92.95,77.46,92.95,0.053,1942,70,122,1.3,2.2,0.574,265,284,326,335,265,410,400,400,320,294,294,417,394,394,389,365,163,122,127,120,463,463,35,65,472,472,426,419,419,393,326,353,366,415,19,2013-14
202349,Greivis Vasquez,Greivis,1610612761,TOR,27.0,79,46,33,0.582,22.5,104.5,105.5,105.5,100.2,101.0,101.0,4.4,4.5,4.5,0.31,2.52,28.0,0.011,0.088,0.05,11.1,11.1,0.504,0.537,0.211,0.216,93.34,92.54,77.12,92.54,0.108,3434,277,658,3.5,8.3,0.421,75,78,313,166,198,181,144,144,86,111,111,109,100,100,30,47,45,423,353,384,248,247,193,197,135,139,410,433,433,112,140,125,167,157,305,2013-14
202970,Gustavo Ayon,Gustavo,1610612737,ATL,29.0,26,12,14,0.462,16.5,100.0,98.5,98.5,101.6,102.0,102.0,-1.6,-3.5,-3.5,0.101,0.97,16.6,0.101,0.2,0.15,17.2,17.3,0.51,0.505,0.146,0.149,95.41,95.94,79.95,95.94,0.089,860,52,102,2.0,3.9,0.51,380,375,109,275,288,344,379,379,138,149,149,255,293,293,227,323,171,53,57,48,438,439,170,307,353,352,281,261,261,223,356,366,289,318,69,2013-14
202380,Hamady Ndiaye,Hamady,1610612758,SAC,27.0,14,5,9,0.357,5.3,91.8,89.8,89.8,106.7,101.9,101.9,-14.9,-12.1,-12.1,0.065,1.0,20.0,0.057,0.178,0.113,20.0,19.4,0.333,0.318,0.072,0.076,94.63,97.93,81.61,97.93,0.007,147,3,9,0.2,0.6,0.333,427,423,70,355,460,458,459,459,326,144,144,457,438,438,345,299,122,164,92,138,460,456,459,463,474,474,331,135,135,462,452,454,467,470,441,2013-14
203084,Harrison Barnes,Harrison,1610612744,GSW,22.0,78,48,30,0.615,28.3,101.2,101.1,101.1,102.1,101.9,101.9,-0.8,-0.8,-0.8,0.08,1.38,12.0,0.029,0.108,0.069,8.7,8.8,0.448,0.486,0.166,0.168,98.67,98.81,82.34,98.81,0.067,4530,271,679,3.5,8.7,0.399,89,50,279,122,125,309,313,313,158,143,143,229,234,234,302,210,279,264,273,274,98,99,372,363,283,289,89,102,102,338,144,117,176,143,365,2013-14
201934,Hasheem Thabeet,Hasheem,1610612760,OKC,27.0,23,18,5,0.783,8.4,103.0,98.3,98.3,98.7,99.0,99.0,4.3,-0.7,-0.7,0.008,0.07,2.5,0.054,0.154,0.108,35.0,34.8,0.565,0.536,0.09,0.095,97.97,100.16,83.47,100.16,-0.005,402,13,23,0.6,1.0,0.565,393,313,38,12,417,241,387,387,52,65,65,110,232,232,464,461,464,169,164,155,481,480,43,201,468,466,117,66,66,471,423,432,443,457,23,2013-14
2045,Hedo Turkoglu,Hedo,1610612746,LAC,35.0,38,27,11,0.711,10.3,104.2,102.8,102.8,102.0,101.0,101.0,2.3,1.8,1.8,0.127,2.06,19.9,0.028,0.184,0.11,9.6,9.6,0.486,0.492,0.15,0.155,96.24,97.38,81.15,97.38,0.085,792,42,109,1.1,2.9,0.385,344,224,83,46,380,193,256,256,155,114,114,151,167,167,173,87,124,268,84,149,151,154,250,347,337,335,230,166,166,247,364,362,386,376,389,2013-14
203156,Henry Sims,Henry,1610612755,PHI,24.0,46,11,35,0.239,19.0,97.1,98.3,98.3,106.0,105.9,105.9,-8.9,-7.6,-7.6,0.101,1.27,12.3,0.109,0.157,0.131,9.7,9.8,0.474,0.535,0.181,0.183,97.94,97.4,81.16,97.4,0.099,1774,130,274,2.8,6.0,0.474,310,385,344,439,250,409,388,388,304,305,305,403,389,389,228,234,273,31,155,96,159,164,295,204,229,236,119,162,162,148,258,269,223,235,135,2013-14
200756,Hilton Armstrong,Hilton,1610612744,GSW,29.0,15,12,3,0.8,6.4,103.1,99.0,99.0,92.6,92.4,92.4,10.5,6.6,6.6,0.074,0.83,13.5,0.162,0.272,0.214,16.2,16.2,0.474,0.48,0.133,0.14,97.06,99.13,82.6,99.13,0.123,201,9,19,0.6,1.3,0.474,422,375,23,9,446,239,363,363,13,19,19,19,63,63,322,357,251,4,8,3,424,423,300,377,400,388,181,94,94,63,431,438,440,453,136,2013-14
203138,Hollis Thompson,Hollis,1610612755,PHI,23.0,77,18,59,0.234,22.6,98.2,99.6,99.6,109.3,108.7,108.7,-11.1,-9.1,-9.1,0.061,1.22,13.7,0.039,0.103,0.069,11.3,11.2,0.55,0.57,0.111,0.113,100.74,100.26,83.55,100.26,0.059,3623,171,372,2.2,4.8,0.46,101,313,477,442,195,391,342,342,424,408,408,430,410,410,364,248,242,217,287,271,260,257,63,99,447,451,49,64,64,377,225,221,270,278,170,2013-14
203546,Ian Clark,Ian,1610612762,UTA,23.0,23,3,20,0.13,7.5,97.6,98.8,98.8,96.2,90.6,90.6,1.4,8.2,8.2,0.147,1.07,15.2,0.017,0.09,0.054,14.1,14.1,0.47,0.485,0.212,0.217,94.26,96.51,80.42,96.51,0.057,339,26,67,1.1,2.9,0.388,393,434,169,468,430,400,366,366,28,14,14,177,37,37,149,280,200,371,346,362,382,382,310,368,134,133,358,229,229,382,398,394,383,373,386,2013-14
101133,Ian Mahinmi,Ian,1610612754,IND,27.0,77,51,26,0.662,16.2,96.4,96.6,96.6,95.1,95.9,95.9,1.2,0.6,0.6,0.031,0.41,7.1,0.085,0.119,0.102,17.2,17.3,0.481,0.538,0.112,0.114,95.38,94.86,79.05,94.86,0.045,2463,91,189,1.2,2.5,0.481,101,32,235,89,293,425,407,407,24,32,32,181,197,197,449,436,417,93,240,172,439,442,266,194,445,449,283,322,322,419,297,307,378,401,115,2013-14
202697,Iman Shumpert,Iman,1610612752,NYK,24.0,74,36,38,0.486,26.5,107.0,107.2,107.2,101.8,102.6,102.6,5.2,4.6,4.6,0.097,1.63,17.8,0.042,0.124,0.082,10.9,10.9,0.457,0.48,0.139,0.142,91.92,91.5,76.25,91.5,0.061,3732,183,484,2.5,6.5,0.378,128,148,369,257,155,102,96,96,145,172,172,87,98,98,240,168,144,205,230,238,234,234,345,374,376,377,459,459,459,373,211,185,244,211,405,2013-14
203477,Isaiah Canaan,Isaiah,1610612745,HOU,23.0,22,14,8,0.636,11.5,105.0,103.0,103.0,109.7,109.6,109.6,-4.8,-6.6,-6.6,0.144,1.05,15.3,0.026,0.062,0.045,14.6,14.7,0.46,0.506,0.2,0.206,102.15,103.23,86.03,103.23,0.045,541,31,87,1.4,4.0,0.356,398,356,62,111,363,163,245,245,431,430,430,317,371,371,155,290,196,284,454,429,393,395,336,303,155,154,16,16,16,418,382,378,351,316,428,2013-14
202738,Isaiah Thomas,Isaiah,1610612758,SAC,25.0,72,26,46,0.361,34.7,104.9,106.8,106.8,104.8,106.1,106.1,0.1,0.7,0.7,0.317,2.13,23.5,0.019,0.065,0.042,11.0,11.0,0.51,0.574,0.254,0.258,98.19,96.75,80.62,96.75,0.136,5031,496,1096,6.9,15.2,0.453,154,237,428,350,35,166,105,105,262,313,313,209,195,195,24,75,88,352,449,447,241,237,168,88,42,41,107,215,215,30,28,27,31,27,196,2013-14
202397,Ish Smith,Ish,1610612756,PHX,25.0,70,39,31,0.557,14.4,102.5,101.6,101.6,101.6,101.3,101.3,0.9,0.3,0.3,0.275,2.75,33.1,0.03,0.099,0.064,12.0,12.0,0.425,0.438,0.155,0.159,97.3,97.93,81.61,97.93,0.093,2045,119,281,1.7,4.0,0.423,176,129,285,191,321,261,305,305,141,121,121,193,207,207,45,33,23,258,306,295,299,297,415,430,323,324,161,136,136,192,270,265,313,310,296,2013-14
200826,J.J. Barea,J.J.,1610612750,MIN,30.0,79,40,39,0.506,18.6,99.1,99.5,99.5,103.4,103.2,103.2,-4.3,-3.7,-3.7,0.353,2.42,26.9,0.01,0.093,0.049,11.1,11.1,0.443,0.471,0.238,0.244,97.28,97.19,80.99,97.19,0.095,2986,254,656,3.2,8.3,0.387,75,120,379,236,257,370,347,347,212,191,191,305,300,300,15,53,58,437,332,387,250,250,384,387,70,66,163,176,176,178,153,126,197,158,387,2013-14
201581,JJ Hickson,JJ,1610612743,DEN,25.0,69,31,38,0.449,26.9,101.4,102.7,102.7,106.9,107.1,107.1,-5.5,-4.4,-4.4,0.085,0.75,9.5,0.104,0.22,0.161,12.7,12.7,0.508,0.521,0.205,0.208,100.0,99.23,82.69,99.23,0.113,3834,332,654,4.8,9.5,0.508,185,185,369,290,144,301,257,257,335,346,346,340,310,310,283,376,347,40,37,31,326,326,178,259,149,152,59,92,92,94,107,127,103,118,72,2013-14
200755,JJ Redick,JJ,1610612746,LAC,30.0,35,24,11,0.686,28.2,113.1,114.7,114.7,104.5,105.1,105.1,8.6,9.6,9.6,0.116,1.86,14.0,0.009,0.064,0.038,7.5,7.4,0.546,0.598,0.209,0.214,99.1,98.09,81.74,98.09,0.099,2026,181,398,5.2,11.4,0.455,352,254,83,62,126,16,10,10,247,278,278,36,28,28,196,122,234,442,452,461,48,47,70,41,141,141,75,126,126,147,213,214,88,86,192,2013-14
2747,JR Smith,JR,1610612752,NYK,28.0,74,34,40,0.459,32.7,106.9,107.6,107.6,107.9,108.1,108.1,-1.0,-0.6,-0.6,0.152,2.03,16.3,0.015,0.117,0.064,8.0,8.0,0.514,0.527,0.213,0.216,92.36,91.96,76.63,91.96,0.091,4651,396,955,5.4,12.9,0.415,128,163,389,281,61,106,90,90,380,389,389,239,227,227,143,92,178,395,244,292,66,66,154,232,131,135,444,450,450,201,69,50,80,59,332,2013-14
201580,JaVale McGee,JaVale,1610612743,DEN,26.0,5,1,4,0.2,15.9,107.0,107.2,107.2,106.9,109.5,109.5,0.1,-2.3,-2.3,0.035,0.25,4.2,0.12,0.106,0.114,16.7,16.5,0.447,0.455,0.241,0.247,102.52,101.14,84.29,101.14,0.026,167,17,38,3.4,7.6,0.447,455,462,31,450,298,104,94,94,333,428,428,211,271,271,439,452,454,15,281,132,428,427,376,414,60,56,14,43,43,453,413,418,181,181,208,2013-14
203109,Jae Crowder,Jae,1610612742,DAL,23.0,78,47,31,0.603,16.1,111.2,107.6,107.6,99.0,96.7,96.7,12.1,10.9,10.9,0.067,1.46,14.2,0.039,0.119,0.081,9.7,9.7,0.524,0.551,0.128,0.134,95.43,98.13,81.77,98.13,0.077,2544,130,296,1.7,3.8,0.439,89,68,285,134,295,26,86,86,60,39,39,12,19,19,341,192,227,212,238,243,156,158,126,151,411,405,279,124,124,284,258,256,316,324,232,2013-14
203479,Jamaal Franklin,Jamaal,1610612763,MEM,22.0,21,11,10,0.524,7.7,104.1,102.2,102.2,99.1,98.1,98.1,5.0,4.0,4.0,0.053,0.55,10.5,0.026,0.121,0.074,19.3,19.3,0.474,0.489,0.137,0.142,94.05,95.39,79.49,95.39,0.027,321,16,39,0.8,1.9,0.41,406,385,74,219,427,201,282,282,65,53,53,92,110,110,397,413,322,286,232,259,454,455,296,356,385,379,372,295,295,450,416,416,429,431,343,2013-14
2224,Jamaal Tinsley,Jamaal,1610612762,UTA,36.0,8,0,8,0.0,13.8,87.7,88.1,88.1,107.9,110.5,110.5,-20.2,-22.4,-22.4,0.359,2.56,44.2,0.019,0.094,0.055,17.3,17.3,0.225,0.225,0.119,0.123,92.73,91.47,76.23,91.47,0.03,210,4,20,0.5,2.5,0.2,444,473,62,473,330,467,465,465,385,443,443,467,467,467,13,44,7,348,330,352,441,441,469,471,431,429,429,461,461,445,451,436,447,396,470,2013-14
2037,Jamal Crawford,Jamal,1610612746,LAC,34.0,69,47,22,0.681,30.4,109.4,110.0,110.0,103.3,104.1,104.1,6.1,5.9,5.9,0.181,1.65,14.9,0.016,0.056,0.037,9.0,8.9,0.496,0.556,0.264,0.27,98.56,97.91,81.59,97.91,0.111,4281,421,1011,6.1,14.7,0.416,185,68,184,66,98,52,47,47,209,228,228,74,78,78,111,164,206,375,467,462,117,117,223,132,29,29,96,138,138,102,60,40,51,34,322,2013-14
2749,Jameer Nelson,Jameer,1610612753,ORL,32.0,68,21,47,0.309,32.0,102.0,102.8,102.8,108.6,109.6,109.6,-6.5,-6.8,-6.8,0.341,2.87,33.1,0.013,0.095,0.054,11.6,11.5,0.485,0.515,0.197,0.201,95.69,94.87,79.06,94.87,0.097,4317,294,747,4.3,11.0,0.394,192,284,433,404,73,280,253,253,404,431,431,369,374,374,19,28,22,406,326,361,275,273,256,278,167,174,265,321,321,158,129,98,119,94,379,2013-14
202341,James Anderson,James,1610612755,PHI,25.0,80,19,61,0.238,28.9,96.5,97.4,97.4,107.7,108.1,108.1,-11.2,-10.7,-10.7,0.099,1.41,14.7,0.023,0.106,0.062,10.4,10.4,0.511,0.53,0.156,0.159,101.92,101.24,84.37,101.24,0.072,4859,309,717,3.9,9.0,0.431,52,306,479,441,117,423,402,402,373,385,385,432,429,429,235,203,212,307,282,302,202,201,164,224,319,325,18,41,41,311,119,103,144,135,263,2013-14
201935,James Harden,James,1610612745,HOU,24.0,73,48,25,0.658,38.0,110.7,112.1,112.1,103.1,104.9,104.9,7.6,7.2,7.2,0.266,1.68,20.3,0.023,0.094,0.06,12.1,12.0,0.529,0.618,0.27,0.276,99.19,97.75,81.46,97.75,0.156,5658,549,1205,7.5,16.5,0.456,136,50,221,98,5,31,24,24,201,272,272,49,51,51,52,155,119,310,328,314,302,298,116,19,24,22,72,145,145,17,20,19,17,14,189,2013-14
201949,James Johnson,James,1610612763,MEM,27.0,52,33,19,0.635,18.4,106.0,106.0,106.0,99.6,100.2,100.2,6.5,5.8,5.8,0.175,1.68,21.1,0.067,0.11,0.089,12.5,12.6,0.5,0.552,0.192,0.197,93.62,93.31,77.76,93.31,0.115,1853,143,308,2.8,5.9,0.464,288,167,157,113,261,123,123,123,73,90,90,63,81,81,117,156,112,134,269,214,320,321,201,147,188,185,397,405,405,87,243,248,228,236,157,2013-14
2592,James Jones,James,1610612748,MIA,33.0,20,15,5,0.75,11.8,114.0,113.2,113.2,94.5,96.3,96.3,19.5,16.9,16.9,0.06,2.25,10.5,0.011,0.093,0.056,4.7,4.7,0.662,0.666,0.16,0.164,89.33,88.78,73.98,88.78,0.104,438,31,68,1.6,3.4,0.456,411,345,38,28,359,14,15,15,20,34,34,7,8,8,369,69,328,426,333,340,16,16,8,8,309,304,474,476,476,125,382,391,331,343,187,2013-14
203263,James Nunnally,James,1610612755,PHI,23.0,13,3,10,0.231,12.7,92.3,90.5,90.5,103.4,102.4,102.4,-11.1,-11.9,-11.9,0.082,1.14,12.3,0.005,0.102,0.053,10.8,10.8,0.413,0.44,0.15,0.156,96.06,97.48,81.23,97.48,0.05,338,15,46,1.2,3.5,0.326,431,434,74,443,346,455,454,454,213,166,166,429,436,436,296,267,272,455,290,365,227,226,427,426,335,331,244,158,158,405,420,410,380,339,448,2013-14
203480,James Southerland,James,1610612740,NOP,24.0,4,2,2,0.5,7.5,101.5,105.0,105.0,93.1,91.8,91.8,8.4,13.2,13.2,0.0,0.0,0.0,0.0,0.222,0.11,5.9,5.9,0.433,0.441,0.239,0.238,97.95,97.02,80.85,97.02,0.096,60,5,15,1.3,3.8,0.333,461,444,13,237,429,296,165,165,14,18,18,39,11,11,466,462,466,459,35,150,24,25,401,425,66,79,118,193,193,168,446,443,369,328,441,2013-14
202686,Jan Vesely,Jan,1610612743,DEN,24.0,54,22,32,0.407,14.4,94.6,95.4,95.4,103.3,101.7,101.7,-8.8,-6.2,-6.2,0.043,0.58,8.2,0.095,0.158,0.123,14.1,14.1,0.514,0.498,0.13,0.132,96.05,96.39,80.32,96.39,0.067,1551,89,173,1.6,3.2,0.514,273,274,296,313,322,441,424,424,208,137,137,401,364,364,422,404,387,71,152,111,377,383,153,332,406,407,247,237,237,342,298,316,320,355,66,2013-14
2457,Jannero Pargo,Jannero,1610612766,CHA,34.0,29,15,14,0.517,8.3,99.1,99.4,99.4,110.8,109.5,109.5,-11.7,-10.1,-10.1,0.433,2.0,26.0,0.004,0.085,0.042,13.0,12.9,0.542,0.554,0.273,0.283,95.28,95.7,79.75,95.7,0.125,481,52,118,1.8,4.1,0.441,372,345,109,227,418,369,350,350,452,428,428,439,425,425,4,95,65,457,364,448,334,332,79,142,20,16,286,275,275,57,356,356,308,309,227,2013-14
203099,Jared Cunningham,Jared,1610612758,SAC,23.0,13,5,8,0.385,6.2,98.6,98.8,98.8,99.5,94.3,94.3,-0.9,4.5,4.5,0.154,4.0,20.5,0.012,0.055,0.034,5.1,5.3,0.31,0.464,0.164,0.167,99.18,101.82,84.85,101.82,0.028,165,6,21,0.5,1.6,0.286,431,423,62,332,449,383,367,367,69,24,24,235,102,102,142,4,118,418,470,468,19,19,463,401,287,294,73,28,28,448,440,434,456,442,461,2013-14
201162,Jared Dudley,Jared,1610612746,LAC,28.0,74,51,23,0.689,23.4,108.4,109.2,109.2,102.2,102.4,102.4,6.2,6.8,6.8,0.087,1.86,16.4,0.021,0.07,0.046,8.8,8.9,0.529,0.541,0.134,0.136,97.84,97.38,81.15,97.38,0.053,3497,196,447,2.6,6.0,0.438,128,32,198,61,187,72,59,59,161,164,164,69,58,58,275,122,175,324,432,413,105,107,115,184,399,400,128,165,165,396,201,199,236,231,235,2013-14
203096,Jared Sullinger,Jared,1610612738,BOS,22.0,74,23,51,0.311,27.6,101.1,102.7,102.7,104.0,103.5,103.5,-2.9,-0.8,-0.8,0.097,0.99,9.6,0.112,0.183,0.146,9.7,9.7,0.458,0.497,0.234,0.237,95.86,95.3,79.41,95.3,0.104,4062,384,899,5.2,12.1,0.427,128,264,447,403,137,315,258,258,230,207,207,278,233,233,239,317,344,30,87,59,162,162,341,341,77,81,257,303,303,128,77,58,87,72,285,2013-14
101127,Jarrett Jack,Jarrett,1610612739,CLE,30.0,80,32,48,0.4,28.2,100.2,100.9,100.9,105.2,106.4,106.4,-5.0,-5.6,-5.6,0.232,2.44,26.6,0.009,0.089,0.049,10.9,10.9,0.455,0.498,0.176,0.18,95.02,94.16,78.47,94.16,0.086,4421,286,698,3.6,8.7,0.41,52,177,437,320,131,336,320,320,281,327,327,330,345,345,74,52,61,441,352,391,235,233,349,339,242,247,301,365,365,241,135,111,162,141,345,2013-14
202363,Jarvis Varnado,Jarvis,1610612755,PHI,26.0,24,5,19,0.208,14.1,96.6,96.3,96.3,108.1,107.5,107.5,-11.6,-11.2,-11.2,0.059,1.3,12.1,0.053,0.126,0.089,9.3,9.4,0.6,0.597,0.119,0.121,100.44,100.85,84.05,100.85,0.062,706,36,60,1.5,2.5,0.6,387,423,157,448,326,421,414,414,394,364,364,436,432,432,378,226,277,171,225,212,134,142,21,42,429,433,52,50,50,370,371,403,337,396,12,2013-14
2215,Jason Collins,Jason,1610612751,BKN,35.0,22,16,6,0.727,7.8,99.9,98.0,98.0,109.2,107.8,107.8,-9.2,-9.8,-9.8,0.034,0.57,10.8,0.042,0.077,0.059,18.9,19.0,0.458,0.485,0.086,0.089,95.65,97.19,81.0,97.19,0.003,350,11,24,0.5,1.1,0.458,398,332,44,36,424,346,391,391,421,375,375,409,422,422,443,409,317,202,402,321,452,452,338,366,471,471,268,175,175,464,428,431,447,455,175,2013-14
101131,Jason Maxiell,Jason,1610612753,ORL,31.0,34,7,27,0.206,14.4,97.0,98.6,98.6,107.5,108.1,108.1,-10.5,-9.5,-9.5,0.027,0.64,6.3,0.055,0.119,0.086,9.9,9.9,0.448,0.459,0.12,0.122,96.23,95.17,79.31,95.17,0.042,970,47,105,1.4,3.1,0.448,355,408,247,449,323,412,375,375,360,382,382,424,418,418,452,395,432,167,239,225,170,173,374,407,425,432,231,308,308,427,361,365,354,361,207,2013-14
201160,Jason Smith,Jason,1610612740,NOP,28.0,31,11,20,0.355,26.8,105.1,105.4,105.4,107.8,108.0,108.0,-2.7,-2.5,-2.5,0.054,1.04,8.0,0.06,0.169,0.112,7.7,7.8,0.465,0.495,0.178,0.18,94.77,94.51,78.76,94.51,0.071,1624,131,282,4.2,9.1,0.465,362,385,169,360,146,159,149,149,375,379,379,274,274,274,395,294,394,158,116,142,57,58,321,342,234,245,322,341,341,324,256,264,126,132,156,2013-14
1891,Jason Terry,Jason,1610612751,BKN,36.0,35,17,18,0.486,16.3,102.2,102.1,102.1,108.3,107.5,107.5,-6.1,-5.4,-5.4,0.156,2.07,23.3,0.007,0.065,0.034,11.3,11.2,0.49,0.501,0.144,0.149,94.35,94.73,78.94,94.73,0.047,1123,55,152,1.6,4.3,0.362,352,324,146,259,290,274,284,284,400,366,366,360,341,341,139,85,91,454,450,466,258,258,233,323,358,353,352,332,332,413,350,330,330,298,426,2013-14
201574,Jason Thompson,Jason,1610612758,SAC,27.0,82,28,54,0.341,24.5,104.2,106.0,106.0,104.6,105.6,105.6,-0.4,0.4,0.4,0.04,0.56,7.5,0.077,0.188,0.133,13.4,13.4,0.506,0.523,0.143,0.144,96.54,95.3,79.42,95.3,0.073,3972,251,496,3.1,6.0,0.506,2,212,461,377,175,194,127,127,250,293,292,219,204,204,428,411,406,113,72,93,349,349,186,246,361,366,213,302,302,308,157,178,211,230,75,2013-14
202399,Jeff Adrien,Jeff,1610612749,MIL,28.0,53,17,36,0.321,18.1,103.8,104.3,104.3,107.5,107.5,107.5,-3.7,-3.2,-3.2,0.064,0.97,9.4,0.104,0.223,0.162,9.7,9.6,0.52,0.553,0.164,0.168,95.47,95.26,79.38,95.26,0.115,1904,143,275,2.7,5.2,0.52,281,324,355,397,267,215,194,194,361,362,362,291,289,289,350,320,351,39,34,29,154,155,136,146,286,286,277,304,304,88,243,266,229,265,60,2013-14
201965,Jeff Ayres,Jeff,1610612759,SAS,27.0,73,55,18,0.753,13.0,108.7,107.6,107.6,101.8,101.4,101.4,6.9,6.2,6.2,0.085,0.95,18.6,0.102,0.172,0.139,19.6,19.6,0.58,0.605,0.12,0.123,97.36,98.04,81.7,98.04,0.068,1944,101,174,1.4,2.4,0.58,136,16,146,27,342,60,88,88,146,124,124,58,70,70,287,325,139,46,108,72,456,458,31,25,423,426,156,129,129,335,284,315,353,403,18,2013-14
201145,Jeff Green,Jeff,1610612738,BOS,27.0,82,25,57,0.305,34.2,98.6,100.3,100.3,105.9,106.4,106.4,-7.3,-6.1,-6.1,0.085,0.84,8.5,0.018,0.121,0.067,10.1,10.1,0.469,0.52,0.232,0.234,96.51,95.42,79.51,95.42,0.089,5568,482,1171,5.9,14.3,0.412,2,246,468,408,41,382,330,330,301,326,326,378,359,359,286,356,378,353,234,281,188,186,312,260,81,85,215,294,294,225,31,23,60,37,341,2013-14
201952,Jeff Teague,Jeff,1610612737,ATL,26.0,79,37,42,0.468,32.2,103.9,104.7,104.7,102.3,103.4,103.4,1.6,1.3,1.3,0.347,2.28,26.9,0.014,0.069,0.042,11.8,11.8,0.474,0.541,0.25,0.253,97.68,96.79,80.66,96.79,0.118,5149,456,1040,5.8,13.2,0.438,75,140,402,270,69,208,178,178,171,202,202,172,181,181,17,66,60,400,435,451,285,286,297,183,46,47,134,211,211,78,42,33,64,55,236,2013-14
203481,Jeff Withey,Jeff,1610612740,NOP,24.0,58,21,37,0.362,11.8,105.5,104.9,104.9,103.4,102.2,102.2,2.1,2.7,2.7,0.057,1.3,12.5,0.075,0.147,0.112,9.6,9.7,0.535,0.59,0.118,0.121,94.56,95.38,79.48,95.38,0.089,1356,69,129,1.2,2.2,0.535,255,284,365,348,358,147,171,171,211,158,158,155,145,145,385,226,269,118,177,141,150,156,98,54,432,435,338,296,296,222,327,344,375,414,45,2013-14
203106,Jeffery Taylor,Jeffery,1610612766,CHA,25.0,26,12,14,0.462,24.2,93.9,95.1,95.1,100.8,100.2,100.2,-6.9,-5.1,-5.1,0.06,0.88,7.7,0.022,0.075,0.047,8.7,8.8,0.417,0.436,0.184,0.187,96.47,96.08,80.07,96.08,0.029,1254,82,218,3.2,8.4,0.376,380,375,109,275,182,446,431,431,105,92,92,372,334,334,365,347,404,315,421,402,97,96,424,432,215,219,219,253,253,447,305,295,201,154,411,2013-14
202379,Jeremy Evans,Jeremy,1610612762,UTA,26.0,66,23,43,0.348,18.3,99.4,98.8,98.8,106.8,106.2,106.2,-7.4,-7.4,-7.4,0.061,1.1,9.8,0.101,0.167,0.133,8.9,8.9,0.527,0.549,0.149,0.154,93.02,93.55,77.96,93.55,0.102,2356,175,332,2.7,5.0,0.527,206,264,411,371,263,359,368,368,327,319,319,381,387,387,363,276,337,52,125,90,113,113,120,156,340,338,422,392,392,132,221,241,235,270,53,2013-14
203087,Jeremy Lamb,Jeremy,1610612760,OKC,22.0,78,57,21,0.731,19.7,107.7,107.1,107.1,99.7,100.0,100.0,8.1,7.1,7.1,0.123,1.89,14.2,0.018,0.104,0.062,7.5,7.5,0.504,0.522,0.197,0.203,96.53,96.66,80.55,96.66,0.094,3095,263,609,3.4,7.8,0.432,89,9,182,32,235,80,98,98,76,88,88,42,53,53,182,119,223,358,285,304,47,48,190,254,169,169,214,222,222,186,149,144,183,175,260,2013-14
202391,Jeremy Lin,Jeremy,1610612745,HOU,25.0,71,48,23,0.676,28.9,107.2,107.1,107.1,102.0,103.2,103.2,5.2,3.9,3.9,0.229,1.67,23.5,0.017,0.067,0.044,14.0,14.1,0.508,0.572,0.198,0.202,100.16,99.63,83.03,99.63,0.095,4268,295,662,4.2,9.3,0.446,167,50,198,72,116,95,99,99,157,193,193,89,112,112,77,160,89,370,443,436,375,380,179,96,163,171,57,82,82,179,127,124,130,122,213,2013-14
202719,Jeremy Tyler,Jeremy,1610612752,NYK,23.0,41,20,21,0.488,9.7,106.3,103.4,103.4,110.8,108.5,108.5,-4.5,-5.1,-5.1,0.032,0.31,4.6,0.099,0.189,0.144,15.0,15.2,0.517,0.532,0.183,0.187,93.82,96.12,80.1,96.12,0.069,791,60,116,1.5,2.8,0.517,331,297,182,255,390,115,233,233,451,402,402,312,331,331,446,447,451,59,70,63,403,405,145,214,218,218,387,252,252,332,339,359,342,380,62,2013-14
979,Jermaine O'Neal,Jermaine,1610612744,GSW,35.0,44,27,17,0.614,20.1,104.7,104.0,104.0,101.2,101.8,101.8,3.4,2.1,2.1,0.045,0.48,6.5,0.099,0.164,0.134,13.5,13.6,0.504,0.57,0.181,0.184,96.58,96.62,80.51,96.62,0.1,1770,125,248,2.8,5.6,0.504,321,224,136,124,225,173,206,206,126,140,140,130,161,161,417,428,426,56,129,85,352,356,191,100,222,231,211,225,225,141,266,281,220,248,79,2013-14
201573,Jerryd Bayless,Jerryd,1610612738,BOS,25.0,72,24,48,0.333,23.4,103.3,104.4,104.4,107.8,107.9,107.9,-4.4,-3.5,-3.5,0.187,2.37,20.7,0.013,0.076,0.043,8.7,8.7,0.464,0.498,0.193,0.198,93.93,93.38,77.82,93.38,0.075,3282,248,617,3.4,8.6,0.402,154,254,437,379,186,230,187,187,376,378,378,309,296,296,106,58,117,410,413,440,99,95,326,337,186,182,381,398,398,292,158,139,180,151,358,2013-14
202690,Jimmer Fredette,Jimmer,1610612741,CHI,25.0,49,20,29,0.408,10.6,104.7,104.1,104.1,106.6,107.0,107.0,-2.0,-2.9,-2.9,0.221,1.33,18.4,0.015,0.083,0.049,13.8,13.8,0.559,0.578,0.237,0.244,95.53,95.65,79.71,95.65,0.112,1037,107,227,2.2,4.6,0.471,301,297,273,312,374,175,203,203,323,342,342,262,285,285,87,218,141,386,378,388,364,366,52,77,73,62,271,279,279,98,280,290,273,284,143,2013-14
202710,Jimmy Butler III,Jimmy,1610612741,CHI,24.0,67,43,24,0.642,38.7,101.5,102.9,102.9,97.3,98.9,98.9,4.2,4.0,4.0,0.11,1.72,15.5,0.034,0.095,0.065,9.1,9.1,0.446,0.522,0.167,0.169,92.48,91.09,75.91,91.09,0.095,4912,275,693,4.1,10.3,0.397,201,99,209,109,2,298,248,248,37,61,61,112,111,111,207,146,192,237,324,288,119,125,379,255,269,284,440,465,465,177,142,115,132,104,370,2013-14
201149,Joakim Noah,Joakim,1610612741,CHI,29.0,80,48,32,0.6,35.2,101.7,103.5,103.5,97.7,99.1,99.1,3.9,4.4,4.4,0.258,2.22,27.3,0.102,0.221,0.161,12.3,12.3,0.475,0.531,0.185,0.187,92.37,90.9,75.75,90.9,0.156,5338,380,800,4.8,10.0,0.475,52,50,296,135,26,290,230,230,42,66,66,120,103,103,58,71,54,49,36,30,307,307,292,220,212,220,443,468,468,18,79,85,107,109,132,2013-14
201975,Jodie Meeks,Jodie,1610612747,LAL,26.0,77,25,52,0.325,33.2,101.4,101.9,101.9,110.3,110.8,110.8,-8.9,-8.8,-8.8,0.085,1.24,11.1,0.011,0.061,0.036,8.9,8.8,0.554,0.601,0.185,0.19,101.42,100.99,84.15,100.99,0.087,5360,413,892,5.4,11.6,0.463,101,246,448,394,52,300,293,293,441,448,448,404,404,404,282,240,310,424,456,464,115,106,57,35,209,212,34,46,46,237,63,62,78,84,165,2013-14
2207,Joe Johnson,Joe,1610612751,BKN,33.0,79,43,36,0.544,32.6,105.4,106.3,106.3,104.2,105.8,105.8,1.1,0.4,0.4,0.148,1.8,15.0,0.02,0.09,0.056,8.4,8.3,0.533,0.564,0.221,0.224,93.33,92.22,76.85,92.22,0.106,4963,462,1018,5.8,12.9,0.454,75,99,355,203,62,153,118,118,238,304,304,185,203,203,148,135,203,335,345,343,81,79,102,115,116,118,411,442,442,118,38,38,61,61,193,2013-14
201202,Joel Anthony,Joel,1610612738,BOS,31.0,33,16,17,0.485,5.6,101.5,97.9,97.9,105.0,104.4,104.4,-3.5,-6.5,-6.5,0.016,0.67,4.9,0.078,0.127,0.102,7.3,7.4,0.375,0.394,0.091,0.094,96.87,98.9,82.41,98.9,0.039,379,12,32,0.4,1.0,0.375,359,332,136,261,457,297,393,393,269,244,244,287,369,369,460,393,449,111,221,170,42,45,445,453,467,468,192,100,100,436,425,424,462,466,414,2013-14
200777,Joel Freeland,Joel,1610612757,POR,27.0,52,37,15,0.712,14.0,105.9,105.8,105.8,105.4,103.9,103.9,0.5,1.9,1.9,0.072,1.13,14.8,0.113,0.155,0.134,13.2,13.2,0.475,0.498,0.12,0.123,96.62,97.39,81.16,97.39,0.071,1475,77,162,1.5,3.1,0.475,288,140,116,45,328,132,134,134,289,218,218,201,166,166,327,270,209,26,162,84,340,341,289,336,428,428,206,163,163,323,311,323,339,358,131,2013-14
203089,John Henson,John,1610612749,MIL,23.0,70,12,58,0.171,26.5,98.8,99.4,99.4,110.2,110.9,110.9,-11.5,-11.5,-11.5,0.111,0.99,11.9,0.093,0.18,0.136,12.0,12.1,0.538,0.543,0.201,0.204,93.86,93.3,77.75,93.3,0.118,3602,344,639,4.9,9.1,0.538,176,375,475,463,153,377,349,349,440,451,451,434,434,434,206,318,281,76,89,80,300,301,92,173,154,161,384,406,406,75,97,134,99,131,42,2013-14
203098,John Jenkins,John,1610612737,ATL,23.0,13,6,7,0.462,12.1,99.9,96.0,96.0,104.7,105.9,105.9,-4.8,-9.9,-9.9,0.113,1.0,16.9,0.019,0.112,0.068,16.9,16.7,0.429,0.457,0.152,0.163,97.31,98.71,82.26,98.71,0.044,327,16,42,1.2,3.2,0.381,431,419,51,275,356,345,417,417,260,308,308,321,424,424,204,299,160,345,259,278,436,431,405,411,331,307,160,105,105,422,416,412,370,353,398,2013-14
101249,John Lucas III,John,1610612762,UTA,31.0,42,10,32,0.238,14.1,91.6,91.7,91.7,108.1,106.0,106.0,-16.5,-14.2,-14.2,0.12,1.91,16.3,0.019,0.048,0.033,8.6,8.4,0.392,0.403,0.157,0.163,94.39,95.24,79.36,95.24,0.029,1173,62,190,1.5,4.5,0.326,327,393,296,440,327,459,451,451,390,310,310,463,449,449,189,115,177,348,471,471,87,84,434,447,318,308,349,305,305,446,338,304,340,290,447,2013-14
2422,John Salmons,John,1610612761,TOR,34.0,78,46,32,0.59,22.1,102.1,101.9,101.9,102.3,102.4,102.4,-0.1,-0.5,-0.5,0.135,2.72,23.0,0.011,0.085,0.047,8.5,8.5,0.439,0.462,0.126,0.129,94.7,94.76,78.97,94.76,0.056,3411,150,413,1.9,5.3,0.363,89,78,296,155,202,277,294,294,169,163,163,214,224,224,166,35,96,425,368,405,83,86,397,403,415,417,327,330,330,384,237,207,298,263,424,2013-14
202322,John Wall,John,1610612764,WAS,23.0,82,44,38,0.537,36.3,104.6,106.0,106.0,101.7,102.5,102.5,2.9,3.5,3.5,0.392,2.44,28.6,0.013,0.102,0.057,11.7,11.7,0.473,0.524,0.267,0.271,96.86,95.88,79.9,95.88,0.135,5945,579,1337,7.1,16.3,0.433,2,93,369,211,11,177,125,125,143,168,168,144,124,124,7,51,44,409,293,336,280,281,301,242,25,28,193,266,266,32,13,11,26,16,256,2013-14
202720,Jon Leuer,Jon,1610612763,MEM,25.0,49,24,25,0.49,13.1,105.8,105.4,105.4,106.8,106.0,106.0,-1.0,-0.6,-0.6,0.052,0.74,6.3,0.061,0.208,0.133,8.6,8.6,0.539,0.566,0.208,0.212,92.71,93.25,77.71,93.25,0.119,1244,121,246,2.5,5.0,0.492,301,254,221,254,340,133,152,152,329,311,311,237,228,228,398,379,431,155,53,92,88,90,91,110,144,144,431,409,409,74,269,282,245,272,102,2013-14
201973,Jonas Jerebko,Jonas,1610612765,DET,27.0,64,23,41,0.359,11.6,100.1,101.0,101.0,106.9,106.2,106.2,-6.8,-5.2,-5.2,0.088,0.91,12.3,0.061,0.17,0.112,13.6,13.6,0.546,0.577,0.158,0.161,96.22,96.12,80.1,96.12,0.095,1479,98,208,1.5,3.3,0.471,217,264,395,352,362,341,314,314,339,318,318,371,336,336,272,338,271,156,114,143,357,357,74,82,317,322,233,251,251,174,288,297,335,352,144,2013-14
202685,Jonas Valančiūnas,Jonas,1610612761,TOR,22.0,81,47,34,0.58,28.2,106.2,107.6,107.6,103.7,105.1,105.1,2.5,2.5,2.5,0.041,0.42,5.8,0.104,0.22,0.163,13.8,13.8,0.531,0.579,0.183,0.186,94.32,93.08,77.57,93.08,0.113,4421,359,676,4.4,8.3,0.531,30,68,326,168,128,119,89,89,223,274,274,148,154,154,426,434,438,41,38,28,368,367,110,75,219,224,353,415,415,96,88,119,115,156,51,2013-14
202348,Jordan Crawford,Jordan,1610612744,GSW,25.0,81,39,42,0.481,23.0,99.7,100.4,100.4,104.7,105.1,105.1,-4.9,-4.7,-4.7,0.256,2.1,22.2,0.014,0.081,0.047,10.6,10.5,0.472,0.516,0.232,0.237,97.33,96.77,80.64,96.77,0.104,3747,327,788,4.0,9.7,0.415,30,129,402,264,192,350,327,327,253,280,280,328,320,320,63,81,100,396,385,399,213,209,305,274,83,80,158,212,212,126,112,88,139,113,329,2013-14
200770,Jordan Farmar,Jordan,1610612747,LAL,27.0,41,16,25,0.39,22.3,103.0,102.3,102.3,106.9,107.7,107.7,-3.9,-5.4,-5.4,0.343,2.09,29.2,0.02,0.088,0.054,14.0,13.9,0.511,0.533,0.223,0.23,101.35,101.33,84.44,101.33,0.103,1933,151,364,3.7,8.9,0.415,331,332,221,328,199,242,275,275,337,372,372,296,343,343,18,82,40,331,355,360,372,370,166,209,106,98,38,38,38,129,236,224,156,136,330,2013-14
202706,Jordan Hamilton,Jordan,1610612745,HOU,23.0,60,31,29,0.517,17.0,100.3,99.1,99.1,104.3,103.9,103.9,-3.9,-4.8,-4.8,0.084,1.13,10.5,0.029,0.148,0.088,9.3,9.3,0.484,0.507,0.183,0.188,99.11,99.92,83.26,99.92,0.095,2121,147,376,2.5,6.3,0.391,245,185,273,228,279,332,361,361,239,217,217,298,321,321,288,269,329,263,176,217,130,134,257,296,220,215,74,74,74,180,239,219,252,221,383,2013-14
201941,Jordan Hill,Jordan,1610612747,LAL,26.0,72,24,48,0.333,20.8,98.8,99.4,99.4,108.2,108.8,108.8,-9.5,-9.4,-9.4,0.063,0.72,7.4,0.124,0.217,0.17,10.3,10.3,0.549,0.579,0.194,0.197,98.96,98.35,81.96,98.35,0.129,3066,286,521,4.0,7.2,0.549,154,254,437,379,213,378,348,348,396,412,412,416,417,417,354,384,408,11,41,21,195,195,64,76,180,183,79,115,115,46,135,169,142,194,32,2013-14
203268,Jorge Gutierrez,Jorge,1610612751,BKN,25.0,15,8,7,0.533,16.3,100.6,98.6,98.6,108.4,107.5,107.5,-7.8,-8.9,-8.9,0.204,2.14,29.1,0.013,0.084,0.048,13.6,13.6,0.491,0.523,0.136,0.141,93.57,94.9,79.09,94.9,0.049,485,25,54,1.7,3.6,0.463,422,405,51,213,292,327,375,375,401,364,364,388,409,409,97,74,41,414,372,397,356,354,230,250,391,381,399,318,318,409,400,406,316,335,166,2013-14
101181,Jose Calderon,Jose,1610612742,DAL,32.0,81,49,32,0.605,30.5,108.6,108.4,108.4,108.2,108.9,108.9,0.5,-0.5,-0.5,0.223,3.66,30.1,0.013,0.068,0.041,8.2,8.2,0.584,0.596,0.16,0.162,95.84,95.61,79.67,95.61,0.095,4926,341,748,4.2,9.2,0.456,30,42,296,131,97,63,67,67,395,415,415,200,223,223,84,6,34,415,440,454,76,76,29,45,310,315,258,283,283,173,99,97,128,128,187,2013-14
2735,Josh Childress,Josh,1610612740,NOP,31.0,4,2,2,0.5,6.0,135.4,135.6,135.6,108.3,104.2,104.2,27.1,31.4,31.4,0.095,2.0,66.7,0.0,0.13,0.073,33.3,33.3,0.0,0.0,0.02,0.02,91.8,93.61,78.01,93.61,0.042,45,0,0,0.0,0.0,0.0,461,444,13,237,451,2,2,2,399,230,230,3,1,1,245,95,1,459,213,260,478,478,473,475,481,481,462,389,389,428,473,481,473,481,473,2013-14
202725,Josh Harrellson,Josh,1610612765,DET,25.0,32,12,20,0.375,9.9,100.1,99.2,99.2,100.3,99.2,99.2,-0.1,0.0,0.0,0.074,1.5,13.6,0.084,0.143,0.112,9.1,9.1,0.537,0.547,0.125,0.129,97.35,98.31,81.92,98.31,0.083,654,38,82,1.2,2.6,0.463,360,375,169,336,387,339,354,354,88,70,70,215,214,214,322,183,246,94,183,140,121,122,96,163,416,415,157,116,116,254,367,382,377,391,164,2013-14
201177,Josh McRoberts,Josh,1610612766,CHA,27.0,78,39,39,0.5,30.3,103.4,104.6,104.6,102.4,103.2,103.2,1.0,1.3,1.3,0.215,4.01,32.6,0.037,0.124,0.081,8.1,8.1,0.529,0.548,0.137,0.138,93.01,92.08,76.74,92.08,0.097,4517,247,566,3.2,7.3,0.436,89,129,379,237,101,229,183,183,174,198,198,190,182,182,92,3,25,225,231,242,71,71,114,160,386,396,423,447,447,157,159,155,200,193,246,2013-14
2694,Josh Powell,Josh,1610612745,HOU,31.0,1,0,1,0.0,19.4,87.7,86.8,86.8,108.2,105.3,105.3,-20.6,-18.4,-18.4,0.0,0.0,0.0,0.0,0.294,0.125,14.3,14.3,0.333,0.333,0.167,0.172,92.45,94.18,78.49,94.18,0.049,38,2,6,2.0,6.0,0.333,481,473,8,473,244,468,466,466,398,283,283,470,460,460,466,462,466,459,4,109,384,387,459,461,275,270,441,364,364,407,462,461,289,234,441,2013-14
2746,Josh Smith,Josh,1610612765,DET,28.0,77,28,49,0.364,35.5,103.1,104.8,104.8,107.2,108.4,108.4,-4.1,-3.6,-3.6,0.147,1.27,13.9,0.034,0.155,0.092,11.0,11.0,0.448,0.463,0.241,0.244,97.86,96.57,80.48,96.57,0.09,5494,517,1233,6.7,16.0,0.419,101,212,443,346,22,237,175,175,350,401,401,301,298,298,150,235,236,236,163,199,239,236,373,402,59,63,125,227,227,217,25,18,33,20,309,2013-14
201950,Jrue Holiday,Jrue,1610612740,NOP,24.0,34,15,19,0.441,33.6,107.7,108.7,108.7,106.2,107.4,107.4,1.5,1.4,1.4,0.358,2.55,31.4,0.024,0.102,0.063,12.3,12.3,0.48,0.505,0.224,0.226,96.17,95.19,79.32,95.19,0.114,2264,203,454,6.0,13.4,0.447,355,345,157,295,46,81,64,64,313,359,359,174,177,177,14,45,29,296,289,300,308,306,269,306,103,112,238,307,307,92,196,198,56,53,209,2013-14
202933,Julyan Stone,Julyan,1610612761,TOR,25.0,21,9,12,0.429,5.7,88.4,86.6,86.6,109.8,105.9,105.9,-21.4,-19.4,-19.4,0.179,2.4,34.3,0.016,0.149,0.081,14.3,14.2,0.471,0.491,0.087,0.093,90.73,93.34,77.79,93.34,0.066,231,7,17,0.3,0.8,0.412,406,400,93,304,455,465,467,467,432,309,309,471,462,462,115,54,19,378,175,241,384,384,307,351,470,469,470,404,404,346,436,439,463,467,340,2013-14
203120,Justin Hamilton,Justin,1610612748,MIA,24.0,8,4,4,0.5,9.0,100.6,98.6,98.6,114.4,114.8,114.8,-13.9,-16.2,-16.2,0.0,0.0,0.0,0.063,0.059,0.061,15.4,15.3,0.525,0.586,0.169,0.177,93.69,94.47,78.73,94.47,0.051,142,9,20,1.1,2.5,0.45,444,431,31,237,405,325,374,374,466,468,468,452,453,453,466,462,466,147,462,309,406,406,122,62,263,253,394,344,344,401,431,436,384,396,203,2013-14
202695,Kawhi Leonard,Kawhi,1610612759,SAS,23.0,66,54,12,0.818,29.1,107.3,108.0,108.0,97.7,98.1,98.1,9.6,9.9,9.9,0.103,1.66,14.6,0.042,0.167,0.108,8.8,8.8,0.576,0.602,0.18,0.183,97.23,96.7,80.58,96.7,0.132,3868,337,645,5.1,9.8,0.522,206,18,93,8,113,93,80,80,41,51,51,26,24,24,224,163,213,204,120,158,103,97,33,34,231,235,168,218,218,39,102,131,90,112,57,2013-14
2586,Keith Bogans,Keith,1610612738,BOS,34.0,6,1,5,0.167,9.2,89.4,90.9,90.9,99.1,93.8,93.8,-9.7,-2.9,-2.9,0.088,3.0,30.0,0.0,0.06,0.025,10.0,8.8,0.75,0.82,0.054,0.066,95.12,96.93,80.78,96.93,0.095,110,3,6,0.5,1.0,0.5,450,462,38,464,401,464,453,453,63,22,22,419,283,283,267,19,35,459,460,476,178,104,3,2,476,475,292,202,202,181,452,461,447,457,85,2013-14
203482,Kelly Olynyk,Kelly,1610612738,BOS,23.0,70,18,52,0.257,20.0,102.9,104.0,104.0,105.1,104.7,104.7,-2.3,-0.7,-0.7,0.123,1.03,14.2,0.097,0.164,0.129,13.8,13.8,0.506,0.546,0.201,0.205,97.23,96.91,80.76,96.91,0.09,2834,234,502,3.3,7.2,0.466,176,313,448,431,226,246,207,207,275,263,263,266,231,231,181,296,225,68,130,100,362,362,187,164,152,157,169,205,205,210,170,174,186,195,154,2013-14
202689,Kemba Walker,Kemba,1610612766,CHA,24.0,73,38,35,0.521,35.8,102.2,103.5,103.5,99.1,100.9,100.9,3.1,2.6,2.6,0.291,2.64,23.4,0.015,0.099,0.057,8.8,8.9,0.441,0.499,0.255,0.258,94.7,93.26,77.71,93.26,0.123,5077,449,1143,6.2,15.7,0.393,136,135,344,222,20,275,229,229,64,107,107,140,151,151,39,39,90,393,309,335,106,108,393,331,40,42,326,408,408,62,45,25,48,24,380,2013-14
203088,Kendall Marshall,Kendall,1610612747,LAL,22.0,54,14,40,0.259,29.0,103.3,104.2,104.2,109.0,109.1,109.1,-5.7,-5.0,-5.0,0.426,3.18,45.0,0.01,0.083,0.048,14.2,14.1,0.49,0.494,0.161,0.163,101.4,100.87,84.06,100.87,0.095,3283,170,419,3.1,7.8,0.406,273,356,389,430,115,234,197,197,416,424,424,346,328,328,6,11,6,438,377,394,383,381,232,343,304,306,37,48,48,172,226,205,202,178,352,2013-14
2570,Kendrick Perkins,Kendrick,1610612760,OKC,29.0,62,48,14,0.774,19.5,102.6,103.2,103.2,100.8,101.6,101.6,1.9,1.6,1.6,0.076,0.74,17.6,0.071,0.174,0.126,23.6,23.7,0.451,0.474,0.115,0.116,97.13,96.47,80.39,96.47,0.042,2428,87,193,1.4,3.1,0.451,232,50,109,14,239,256,240,240,104,135,135,163,171,171,315,378,152,125,103,108,472,472,361,384,439,445,174,230,230,431,301,300,352,359,199,2013-14
202702,Kenneth Faried,Kenneth,1610612743,DEN,24.0,80,36,44,0.45,27.2,105.8,106.5,106.5,108.6,109.7,109.7,-2.8,-3.2,-3.2,0.071,0.71,8.1,0.103,0.204,0.152,11.4,11.4,0.545,0.573,0.208,0.212,100.75,99.92,83.27,99.92,0.126,4528,447,820,5.6,10.3,0.545,52,148,418,288,142,135,111,111,408,432,432,277,288,288,332,386,390,42,54,44,267,263,76,93,143,145,48,73,73,54,47,78,70,105,35,2013-14
203145,Kent Bazemore,Kent,1610612747,LAL,24.0,67,35,32,0.522,13.6,95.3,94.5,94.5,107.1,107.0,107.0,-11.8,-12.4,-12.4,0.167,1.15,16.1,0.01,0.115,0.061,14.0,14.1,0.491,0.515,0.218,0.222,103.07,103.54,86.29,103.54,0.071,1962,147,343,2.2,5.1,0.429,201,159,296,220,334,437,438,438,345,340,340,441,443,443,127,265,182,433,249,312,374,379,227,277,124,123,11,15,15,325,239,236,272,268,272,2013-14
203484,Kentavious Caldwell-Pope,Kentavious,1610612765,DET,21.0,80,28,52,0.35,19.8,103.0,103.3,103.3,104.4,104.5,104.5,-1.4,-1.2,-1.2,0.05,1.96,9.7,0.022,0.077,0.047,4.9,4.9,0.46,0.483,0.136,0.138,97.94,97.82,81.52,97.82,0.05,3215,182,460,2.3,5.8,0.396,52,212,448,365,232,240,237,237,245,248,248,251,245,245,405,105,343,321,403,398,18,18,335,371,390,394,120,141,141,404,212,192,265,242,372,2013-14
2030,Kenyon Martin,Kenyon,1610612752,NYK,36.0,32,13,19,0.406,19.8,104.6,103.5,103.5,99.7,100.9,100.9,4.8,2.6,2.6,0.118,1.92,24.0,0.06,0.158,0.11,12.5,12.5,0.512,0.521,0.116,0.119,91.82,91.76,76.47,91.76,0.081,1210,63,123,2.0,3.8,0.512,360,363,157,315,233,180,231,231,77,108,108,96,152,152,194,114,84,159,151,148,314,316,160,256,437,438,461,453,453,267,336,352,294,320,68,2013-14
201142,Kevin Durant,Kevin,1610612760,OKC,25.0,81,58,23,0.716,38.5,109.7,111.4,111.4,101.7,103.3,103.3,8.0,8.1,8.1,0.259,1.56,16.2,0.02,0.164,0.096,10.3,10.3,0.56,0.635,0.322,0.327,99.05,97.54,81.28,97.54,0.206,6342,849,1688,10.5,20.8,0.503,30,7,198,41,3,48,28,28,142,199,199,46,40,40,56,178,181,341,131,187,198,196,50,12,3,2,77,156,156,2,1,1,1,2,81,2013-14
708,Kevin Garnett,Kevin,1610612751,BKN,38.0,54,27,27,0.5,20.5,99.3,99.3,99.3,100.5,100.3,100.3,-1.2,-1.0,-1.0,0.13,1.19,15.5,0.059,0.28,0.172,13.1,13.1,0.441,0.467,0.19,0.194,92.38,92.44,77.04,92.44,0.122,2132,157,356,2.9,6.6,0.441,273,224,247,237,217,361,352,352,96,95,95,243,238,238,170,255,193,161,5,17,339,339,391,398,194,199,442,438,438,67,231,226,217,208,226,2013-14
201567,Kevin Love,Kevin,1610612750,MIN,25.0,77,39,38,0.506,36.3,108.5,110.5,110.5,104.1,104.6,104.6,4.4,5.9,5.9,0.205,1.74,15.3,0.076,0.267,0.168,8.8,8.8,0.524,0.591,0.281,0.284,101.63,100.46,83.72,100.46,0.191,5858,650,1421,8.4,18.5,0.457,101,129,369,235,12,68,44,44,236,258,258,108,79,79,96,143,197,115,9,24,100,100,125,48,14,15,28,57,57,4,8,4,7,5,179,2013-14
2755,Kevin Martin,Kevin,1610612750,MIN,31.0,68,32,36,0.471,32.0,107.7,109.4,109.4,105.5,105.8,105.8,2.2,3.6,3.6,0.09,1.14,8.7,0.015,0.081,0.046,7.6,7.6,0.486,0.553,0.243,0.248,101.55,100.62,83.85,100.62,0.096,4569,440,1023,6.5,15.0,0.43,192,177,355,269,76,82,56,56,293,302,302,152,120,120,263,268,372,391,387,410,52,49,249,144,55,55,29,53,53,165,51,36,39,31,268,2013-14
202338,Kevin Seraphin,Kevin,1610612764,WAS,24.0,53,25,28,0.472,10.9,97.4,97.9,97.9,101.8,99.5,99.5,-4.4,-1.6,-1.6,0.054,0.41,5.9,0.09,0.139,0.113,14.1,14.1,0.505,0.533,0.21,0.216,93.29,94.15,78.45,94.15,0.073,1128,111,220,2.1,4.2,0.505,281,246,260,268,371,405,394,394,148,77,77,310,254,254,394,435,437,84,192,134,381,376,188,212,138,138,413,367,367,301,276,294,279,305,77,2013-14
203114,Khris Middleton,Khris,1610612749,MIL,22.0,82,15,67,0.183,30.0,101.5,102.2,102.2,109.7,109.7,109.7,-8.2,-7.5,-7.5,0.114,1.37,14.0,0.024,0.106,0.064,10.2,10.2,0.511,0.541,0.186,0.19,94.31,93.97,78.3,93.97,0.079,4807,376,854,4.6,10.4,0.44,2,345,482,456,104,299,281,281,428,433,433,392,388,388,201,213,232,300,279,294,190,188,167,180,206,213,355,376,376,277,82,70,110,102,229,2013-14
2550,Kirk Hinrich,Kirk,1610612741,CHI,33.0,73,45,28,0.616,29.0,100.0,101.3,101.3,96.6,97.6,97.6,3.4,3.8,3.8,0.224,2.38,26.4,0.015,0.077,0.046,11.1,11.1,0.461,0.494,0.171,0.173,92.68,91.65,76.37,91.65,0.076,4037,243,619,3.3,8.5,0.393,136,87,260,121,114,342,311,311,32,46,46,131,115,115,83,56,63,392,409,415,249,251,331,344,254,265,432,455,455,286,161,138,187,153,381,2013-14
202691,Klay Thompson,Klay,1610612744,GSW,24.0,81,51,30,0.63,35.4,109.0,109.4,109.4,99.5,100.3,100.3,9.5,9.1,9.1,0.097,1.34,10.9,0.014,0.07,0.043,8.1,8.2,0.533,0.555,0.224,0.227,98.31,97.77,81.48,97.77,0.084,5842,559,1259,6.9,15.5,0.444,30,32,279,115,23,56,57,57,71,93,93,28,29,29,242,217,313,402,433,443,72,72,105,136,102,109,103,143,143,248,17,16,30,26,216,2013-14
977,Kobe Bryant,Kobe,1610612747,LAL,35.0,6,2,4,0.333,29.5,97.4,98.6,98.6,107.9,106.9,106.9,-10.5,-8.3,-8.3,0.369,1.12,24.7,0.012,0.13,0.074,22.1,22.0,0.445,0.505,0.29,0.293,97.62,97.47,81.23,97.47,0.097,359,31,73,5.2,12.2,0.425,450,444,31,379,109,404,373,373,383,339,339,425,401,401,10,272,77,417,213,256,468,468,382,311,10,13,137,159,159,163,382,387,89,71,292,2013-14
201585,Kosta Koufos,Kosta,1610612763,MEM,25.0,80,48,32,0.6,16.9,101.8,101.4,101.4,99.6,99.7,99.7,2.1,1.7,1.7,0.047,0.58,6.4,0.118,0.195,0.156,11.1,11.1,0.495,0.514,0.187,0.192,92.01,92.11,76.76,92.11,0.104,2587,227,459,2.8,5.7,0.495,52,50,296,135,283,284,309,309,74,81,81,153,170,170,415,406,429,18,61,35,244,246,224,279,201,205,456,445,445,123,177,193,221,243,99,2013-14
2743,Kris Humphries,Kris,1610612738,BOS,29.0,69,22,47,0.319,19.9,97.8,98.7,98.7,105.2,104.3,104.3,-7.3,-5.6,-5.6,0.087,1.05,10.2,0.089,0.213,0.149,9.7,9.8,0.501,0.552,0.189,0.192,94.6,94.62,78.85,94.62,0.132,2700,231,461,3.3,6.7,0.501,185,274,433,398,228,394,371,371,277,235,235,379,348,348,276,291,332,85,47,53,163,165,198,148,196,207,332,335,335,38,173,191,185,205,84,2013-14
2594,Kyle Korver,Kyle,1610612737,ATL,33.0,71,37,34,0.521,33.9,105.4,106.1,106.1,102.4,103.0,103.0,2.9,3.2,3.2,0.127,2.04,22.1,0.009,0.111,0.06,10.8,10.6,0.626,0.653,0.136,0.141,96.92,96.33,80.28,96.33,0.094,4862,289,609,4.1,8.6,0.475,167,140,326,221,43,152,122,122,177,181,181,143,133,133,174,89,104,440,263,315,228,218,14,9,393,382,189,244,244,185,133,144,136,150,133,2013-14
200768,Kyle Lowry,Kyle,1610612761,TOR,28.0,79,45,34,0.57,36.2,107.2,108.9,108.9,102.6,104.3,104.3,4.6,4.5,4.5,0.336,3.02,28.9,0.031,0.1,0.065,9.6,9.6,0.511,0.567,0.222,0.226,95.75,94.23,78.53,94.23,0.138,5625,457,1080,5.8,13.7,0.423,75,87,326,177,14,97,63,63,185,241,241,104,99,99,20,16,43,255,301,286,149,151,165,107,109,113,260,359,359,27,41,30,63,48,299,2013-14
203124,Kyle O'Quinn,Kyle,1610612753,ORL,24.0,69,20,49,0.29,17.2,102.2,101.3,101.3,101.8,102.4,102.4,0.4,-1.2,-1.2,0.104,1.0,13.8,0.09,0.213,0.154,13.8,13.8,0.501,0.526,0.181,0.186,96.79,96.92,80.77,96.92,0.11,2398,186,371,2.7,5.4,0.501,185,297,443,415,276,273,312,312,144,167,167,203,244,244,220,299,237,83,48,41,366,369,197,235,228,225,197,203,203,106,209,222,230,257,83,2013-14
202713,Kyle Singler,Kyle,1610612765,DET,26.0,82,29,53,0.354,28.5,102.4,103.5,103.5,107.1,108.2,108.2,-4.8,-4.7,-4.7,0.047,0.95,9.0,0.046,0.08,0.062,9.4,9.4,0.525,0.574,0.137,0.14,97.93,96.92,80.76,96.92,0.065,4716,269,602,3.3,7.3,0.447,2,201,458,362,120,267,227,227,348,393,393,319,318,318,412,326,363,189,390,301,139,140,123,89,381,389,123,204,204,354,146,147,192,191,210,2013-14
202681,Kyrie Irving,Kyrie,1610612739,CLE,22.0,71,28,43,0.394,35.2,101.7,103.7,103.7,106.8,108.6,108.6,-5.1,-4.9,-4.9,0.311,2.28,21.7,0.02,0.085,0.051,9.5,9.5,0.48,0.533,0.274,0.28,96.02,94.29,78.58,94.29,0.13,4914,532,1237,7.5,17.4,0.43,167,212,411,324,28,289,219,219,331,403,403,333,326,326,29,65,105,337,365,375,145,145,270,211,19,20,251,354,354,43,22,17,18,9,269,2013-14
200746,LaMarcus Aldridge,LaMarcus,1610612757,POR,28.0,69,46,23,0.667,36.2,110.5,112.1,112.1,103.4,104.6,104.6,7.1,7.5,7.5,0.128,1.45,9.4,0.065,0.229,0.148,6.5,6.5,0.459,0.507,0.296,0.299,97.22,95.95,79.96,95.95,0.155,4992,652,1423,9.4,20.6,0.458,185,78,198,83,15,35,23,23,210,256,256,54,46,46,172,193,350,136,30,54,31,31,337,299,7,9,171,260,260,19,6,3,5,3,176,2013-14
202362,Lance Stephenson,Lance,1610612754,IND,23.0,78,53,25,0.679,35.3,102.9,104.1,104.1,96.8,99.0,99.0,6.1,5.2,5.2,0.217,1.71,23.6,0.037,0.16,0.102,13.8,13.8,0.54,0.564,0.191,0.195,94.96,93.36,77.8,93.36,0.127,5355,427,870,5.5,11.2,0.491,89,27,221,68,25,245,199,199,35,63,63,73,92,92,89,148,87,227,144,171,365,363,87,113,189,197,306,402,402,51,55,67,73,91,104,2013-14
202498,Lance Thomas,Lance,1610612740,NOP,26.0,5,3,2,0.6,8.4,90.4,90.4,90.4,101.6,95.1,95.1,-11.2,-4.8,-4.8,0.12,1.5,18.8,0.047,0.102,0.076,12.5,12.7,0.222,0.279,0.14,0.145,90.75,93.77,78.14,93.77,0.0,83,2,9,0.4,1.8,0.222,455,434,13,135,416,461,457,457,140,30,30,431,322,322,191,183,138,186,291,251,314,324,470,466,370,365,469,382,382,465,462,454,458,433,467,2013-14
202361,Landry Fields,Landry,1610612761,TOR,26.0,30,14,16,0.467,10.7,103.9,102.7,102.7,105.2,105.4,105.4,-1.2,-2.7,-2.7,0.096,1.82,18.5,0.049,0.138,0.094,10.2,10.2,0.403,0.443,0.12,0.125,95.09,95.57,79.64,95.57,0.066,632,27,67,0.9,2.2,0.403,369,356,127,272,373,207,260,260,280,287,287,245,278,278,243,132,140,181,196,190,189,189,429,423,424,423,295,285,285,343,395,394,415,413,356,2013-14
202336,Larry Sanders,Larry,1610612749,MIL,25.0,23,3,20,0.13,25.4,95.4,96.4,96.4,104.7,105.4,105.4,-9.4,-9.1,-9.1,0.055,0.73,8.2,0.095,0.185,0.138,11.2,11.2,0.469,0.478,0.163,0.164,94.01,93.22,77.68,93.22,0.084,1131,76,162,3.3,7.0,0.469,393,434,169,468,163,434,411,411,259,288,288,415,411,411,392,382,388,72,83,78,256,259,313,379,292,303,376,411,411,252,312,323,188,198,148,2013-14
202730,Lavoy Allen,Lavoy,1610612754,IND,25.0,65,18,47,0.277,16.5,95.4,94.7,94.7,104.7,103.5,103.5,-9.3,-8.8,-8.8,0.105,1.61,16.2,0.098,0.179,0.136,10.0,10.1,0.45,0.47,0.139,0.143,101.1,102.01,85.01,102.01,0.087,2272,134,300,2.1,4.6,0.447,210,313,433,423,289,435,434,434,255,208,208,414,406,406,215,171,180,61,90,81,184,183,366,388,372,373,42,24,24,234,253,252,285,285,212,2013-14
2544,LeBron James,LeBron,1610612748,MIA,29.0,77,52,25,0.675,37.7,111.4,112.0,112.0,103.5,105.1,105.1,7.9,6.9,6.9,0.311,1.81,20.7,0.034,0.165,0.104,11.5,11.4,0.61,0.649,0.303,0.309,94.04,93.04,77.53,93.04,0.2,5634,767,1353,10.0,17.6,0.567,101,29,221,75,6,22,25,25,214,276,276,47,56,56,28,133,116,240,128,167,269,267,19,10,5,7,375,416,416,3,2,10,2,8,21,2013-14
2571,Leandro Barbosa,Leandro,1610612756,PHX,31.0,20,12,8,0.6,18.4,105.3,106.6,106.6,100.4,98.5,98.5,5.0,8.1,8.1,0.146,1.68,16.1,0.013,0.087,0.049,9.5,9.5,0.454,0.506,0.196,0.199,96.78,97.08,80.9,97.08,0.087,740,56,131,2.8,6.6,0.427,411,375,62,135,262,154,108,108,90,58,58,91,39,39,152,154,183,408,358,386,148,150,353,304,172,176,198,189,189,236,346,342,225,210,283,2013-14
203485,Lorenzo Brown,Lorenzo,1610612755,PHI,23.0,26,2,24,0.077,8.6,94.2,95.0,95.0,97.2,94.2,94.2,-3.0,0.8,0.8,0.281,2.56,27.5,0.03,0.089,0.057,10.7,10.8,0.32,0.349,0.195,0.199,102.89,104.04,86.7,104.04,0.063,484,26,86,1.0,3.3,0.302,380,444,209,471,414,443,433,433,36,23,23,279,194,194,42,43,51,257,349,337,224,225,462,460,176,177,12,13,13,365,398,379,397,349,459,2013-14
200811,Lou Amundson,Lou,1610612741,CHI,31.0,19,11,8,0.579,9.7,96.9,94.5,94.5,101.3,102.2,102.2,-4.4,-7.7,-7.7,0.057,0.43,9.4,0.144,0.146,0.145,21.9,22.4,0.5,0.446,0.136,0.139,94.24,95.0,79.17,95.0,0.005,364,16,32,0.8,1.7,0.5,417,385,62,171,389,414,439,439,131,156,156,306,391,391,386,431,353,7,180,61,467,469,201,418,388,391,361,315,315,463,416,424,420,436,85,2013-14
101150,Lou Williams,Lou,1610612737,ATL,27.0,60,26,34,0.433,24.1,104.4,103.8,103.8,109.5,109.9,109.9,-5.1,-6.1,-6.1,0.234,2.28,24.1,0.007,0.08,0.045,10.6,10.5,0.48,0.547,0.205,0.211,97.06,97.12,80.93,97.12,0.096,2928,197,493,3.3,8.2,0.4,245,237,326,302,184,190,209,209,426,436,436,336,360,360,73,64,83,453,391,422,210,211,271,162,150,149,180,183,183,169,200,180,191,162,364,2013-14
201601,Luc Mbah a Moute,Luc,1610612750,MIN,27.0,64,31,33,0.484,15.7,99.0,99.0,99.0,106.5,106.4,106.4,-7.5,-7.4,-7.4,0.056,0.9,12.0,0.052,0.092,0.071,13.4,13.4,0.461,0.503,0.112,0.115,96.1,96.19,80.16,96.19,0.054,2008,87,193,1.4,3.0,0.451,217,185,313,262,303,373,364,364,319,324,324,382,386,386,388,339,278,174,334,267,348,348,332,314,446,446,242,250,250,390,301,300,356,366,199,2013-14
2449,Luis Scola,Luis,1610612754,IND,34.0,82,56,26,0.683,17.1,98.0,98.5,98.5,97.8,98.3,98.3,0.2,0.2,0.2,0.106,0.75,10.0,0.063,0.215,0.141,13.3,13.4,0.471,0.505,0.234,0.237,95.06,94.57,78.81,94.57,0.115,2756,263,560,3.2,6.8,0.47,2,12,235,64,278,393,380,380,43,56,56,207,209,209,210,376,335,149,43,68,343,347,308,309,78,82,298,339,339,89,149,156,198,203,147,2013-14
202337,Luke Babbitt,Luke,1610612740,NOP,25.0,27,9,18,0.333,17.5,114.8,114.8,114.8,107.6,106.9,106.9,7.2,7.9,7.9,0.089,1.93,14.0,0.042,0.16,0.101,7.2,7.3,0.506,0.525,0.173,0.176,92.07,92.37,76.98,92.37,0.072,910,60,154,2.2,5.7,0.39,378,400,146,379,273,11,9,9,368,338,338,53,41,41,264,112,233,207,140,173,41,42,184,240,248,254,454,440,440,310,339,328,269,245,385,2013-14
2557,Luke Ridnour,Luke,1610612766,CHA,33.0,61,22,39,0.361,18.7,99.0,98.4,98.4,107.3,107.2,107.2,-8.2,-8.8,-8.8,0.248,2.67,30.3,0.02,0.069,0.044,11.4,11.4,0.442,0.452,0.161,0.165,93.29,93.6,78.0,93.6,0.063,2223,126,327,2.1,5.4,0.385,239,274,379,351,256,372,381,381,354,350,350,393,405,405,66,37,33,330,438,434,264,264,387,415,302,300,412,390,390,363,264,244,282,258,389,2013-14
2736,Luol Deng,Luol,1610612739,CLE,29.0,63,29,34,0.46,35.1,101.9,103.8,103.8,102.3,103.8,103.8,-0.4,0.0,0.0,0.141,1.61,14.3,0.043,0.117,0.08,8.9,8.9,0.465,0.517,0.22,0.222,94.58,93.03,77.53,93.03,0.107,4292,371,860,5.9,13.7,0.431,224,201,326,279,29,282,212,212,172,215,215,222,215,215,159,172,219,197,243,244,112,118,322,270,117,122,334,417,417,113,84,69,58,49,262,2013-14
203146,Maalik Wayns,Maalik,1610612746,LAC,23.0,2,2,0,1.0,4.7,96.7,90.5,90.5,110.4,116.0,116.0,-13.6,-25.5,-25.5,0.333,0.0,50.0,0.0,0.167,0.1,0.0,0.0,0.5,0.5,0.095,0.102,117.58,117.78,98.15,117.78,0.086,21,1,2,0.5,1.0,0.5,470,444,1,1,468,419,456,456,442,472,472,449,472,472,22,462,2,459,122,177,1,1,201,324,463,459,2,3,3,244,467,473,447,457,85,2013-14
202952,Malcolm Thomas,Malcolm,1610612762,UTA,25.0,8,2,6,0.25,7.8,111.3,110.0,110.0,108.0,103.0,103.0,3.3,7.0,7.0,0.043,0.22,7.1,0.1,0.211,0.167,32.1,32.3,0.469,0.444,0.181,0.184,98.01,101.01,84.18,101.01,0.049,130,7,16,0.9,2.0,0.438,444,444,44,434,422,23,48,48,389,182,182,138,54,54,421,453,415,55,51,26,477,477,315,422,230,232,112,45,45,408,436,442,417,422,241,2013-14
202412,Manny Harris,Manny,1610612747,LAL,24.0,9,2,7,0.222,20.0,98.8,97.8,97.8,109.7,110.2,110.2,-10.9,-12.4,-12.4,0.104,1.22,11.8,0.036,0.142,0.088,9.7,9.4,0.45,0.485,0.2,0.211,98.71,98.96,82.47,98.96,0.084,368,28,70,3.1,7.8,0.4,441,444,51,446,227,376,396,396,430,440,440,427,442,442,221,245,286,232,186,221,157,143,366,369,162,147,85,97,97,251,393,390,204,176,361,2013-14
1938,Manu Ginobili,Manu,1610612759,SAS,36.0,68,52,16,0.765,22.8,112.5,112.2,112.2,99.5,99.3,99.3,13.0,12.9,12.9,0.274,2.11,25.7,0.021,0.107,0.067,12.2,12.2,0.541,0.59,0.238,0.244,98.71,98.91,82.43,98.91,0.132,3199,294,627,4.3,9.2,0.469,192,29,127,18,193,18,21,21,70,73,73,10,13,13,47,77,68,326,277,283,303,303,84,51,68,65,86,99,99,40,129,137,119,130,149,2013-14
202705,MarShon Brooks,MarShon,1610612747,LAL,25.0,35,13,22,0.371,9.0,105.8,104.7,104.7,101.6,101.0,101.0,4.2,3.7,3.7,0.121,1.04,12.9,0.033,0.132,0.085,12.4,12.4,0.508,0.551,0.227,0.232,101.41,102.18,85.15,102.18,0.108,674,57,125,1.6,3.6,0.456,352,363,184,341,404,137,177,177,137,115,115,114,116,116,187,293,260,245,209,232,311,312,175,153,93,91,35,21,21,111,343,350,324,336,186,2013-14
201188,Marc Gasol,Marc,1610612763,MEM,29.0,59,40,19,0.678,33.4,101.7,103.4,103.4,102.2,103.3,103.3,-0.4,0.0,0.0,0.18,1.94,18.8,0.046,0.185,0.116,9.7,9.7,0.474,0.526,0.22,0.223,91.67,90.45,75.37,90.45,0.131,3719,336,711,5.7,12.1,0.473,251,120,157,70,49,285,235,235,164,201,201,221,213,213,112,111,137,188,81,127,160,161,299,236,118,119,463,473,473,41,104,108,66,76,140,2013-14
101162,Marcin Gortat,Marcin,1610612764,WAS,30.0,81,44,37,0.543,32.8,104.6,105.9,105.9,99.8,100.4,100.4,4.8,5.5,5.5,0.08,1.1,11.5,0.077,0.218,0.147,10.5,10.5,0.542,0.568,0.179,0.18,96.19,95.31,79.43,95.31,0.125,5273,455,840,5.6,10.4,0.542,30,93,365,204,60,178,130,130,78,97,97,99,83,83,301,277,297,112,40,56,205,206,81,106,233,244,236,300,300,56,44,75,68,103,37,2013-14
201158,Marco Belinelli,Marco,1610612759,SAS,28.0,80,61,19,0.763,25.2,109.9,109.9,109.9,102.6,102.9,102.9,7.3,7.1,7.1,0.13,1.88,17.6,0.01,0.101,0.058,9.3,9.3,0.576,0.605,0.186,0.191,97.24,97.13,80.94,97.13,0.1,4066,337,695,4.2,8.7,0.485,52,2,157,20,166,43,50,50,190,179,179,52,52,52,169,120,153,436,299,331,133,131,34,26,205,208,167,181,181,142,102,113,127,145,111,2013-14
202694,Marcus Morris Sr.,Marcus,1610612756,PHX,24.0,82,48,34,0.585,21.9,108.6,107.9,107.9,103.8,104.5,104.5,4.8,3.4,3.4,0.077,0.93,9.7,0.048,0.131,0.09,10.5,10.5,0.518,0.552,0.197,0.202,98.09,98.05,81.71,98.05,0.096,3675,288,651,3.5,7.9,0.442,2,50,326,160,203,66,81,81,224,249,249,98,127,127,310,334,339,182,212,206,208,210,141,149,168,172,109,128,128,171,134,129,165,172,220,2013-14
201977,Marcus Thornton,Marcus,1610612751,BKN,27.0,72,33,39,0.458,24.2,104.4,105.0,105.0,105.1,105.3,105.3,-0.6,-0.3,-0.3,0.072,1.15,9.3,0.033,0.084,0.058,8.1,8.1,0.48,0.511,0.193,0.196,94.87,94.53,78.77,94.53,0.074,3418,252,639,3.5,8.9,0.394,154,167,379,282,183,184,167,167,272,284,284,224,219,219,324,266,356,244,374,326,67,67,272,286,185,186,314,340,340,297,156,134,169,137,376,2013-14
201596,Mario Chalmers,Mario,1610612748,MIA,28.0,73,49,24,0.671,29.8,110.7,110.9,110.9,102.6,104.2,104.2,8.1,6.7,6.7,0.232,2.2,31.1,0.022,0.085,0.055,14.1,14.1,0.531,0.567,0.17,0.173,94.55,93.72,78.1,93.72,0.085,4261,254,560,3.5,7.7,0.454,136,42,209,79,106,32,37,37,187,231,231,43,59,59,75,72,31,313,370,347,380,378,109,108,259,269,339,384,384,245,153,156,174,180,195,2013-14
202693,Markieff Morris,Markieff,1610612756,PHX,24.0,81,47,34,0.58,26.6,107.2,107.1,107.1,102.9,103.6,103.6,4.2,3.4,3.4,0.112,0.98,11.2,0.066,0.159,0.113,11.4,11.5,0.507,0.564,0.228,0.232,98.53,98.25,81.87,98.25,0.122,4399,411,845,5.1,10.4,0.486,30,68,326,168,152,98,100,100,197,209,209,111,126,126,205,319,308,135,149,136,268,270,183,117,91,92,97,119,119,65,64,74,93,101,108,2013-14
203104,Marquis Teague,Marquis,1610612751,BKN,21.0,40,20,20,0.5,11.1,93.2,94.1,94.1,102.5,102.2,102.2,-9.3,-8.1,-8.1,0.222,1.49,25.0,0.002,0.09,0.045,16.8,16.9,0.34,0.398,0.176,0.18,93.65,93.36,77.8,93.36,0.031,861,38,119,1.0,3.0,0.319,338,297,169,237,369,449,441,441,180,159,159,412,397,397,86,185,74,458,347,420,433,435,458,452,245,246,396,401,401,443,367,355,411,370,450,2013-14
201578,Marreese Speights,Marreese,1610612744,GSW,26.0,79,48,31,0.608,12.4,95.6,94.6,94.6,101.4,99.1,99.1,-5.8,-4.6,-4.6,0.061,0.48,5.4,0.097,0.185,0.141,11.1,11.0,0.45,0.507,0.243,0.251,98.99,100.67,83.89,100.67,0.103,2046,195,442,2.5,5.6,0.441,75,50,285,128,350,432,437,437,133,67,67,349,317,317,361,427,443,63,80,67,243,244,363,295,56,51,78,51,51,130,202,201,246,252,224,2013-14
101110,Martell Webster,Martell,1610612764,WAS,27.0,78,42,36,0.538,27.7,104.4,104.3,104.3,104.9,104.8,104.8,-0.5,-0.4,-0.4,0.068,1.67,12.2,0.018,0.092,0.054,7.3,7.3,0.557,0.591,0.144,0.148,95.02,95.12,79.26,95.12,0.074,4277,254,587,3.3,7.5,0.433,89,107,355,209,135,186,190,190,268,265,265,223,222,222,338,159,275,354,336,353,43,41,54,49,357,356,302,309,309,295,153,150,194,183,258,2013-14
101107,Marvin Williams,Marvin,1610612762,UTA,28.0,66,24,42,0.364,25.4,104.7,104.9,104.9,110.4,110.6,110.6,-5.6,-5.7,-5.7,0.075,1.47,11.3,0.05,0.16,0.104,7.7,7.7,0.519,0.54,0.167,0.17,93.08,92.87,77.39,92.87,0.088,3243,231,526,3.5,8.0,0.439,206,254,402,346,164,171,168,168,443,445,445,342,352,352,317,188,304,178,143,165,55,54,138,186,272,277,420,421,421,232,173,168,169,170,233,2013-14
203486,Mason Plumlee,Mason,1610612751,BKN,24.0,70,37,33,0.529,18.2,106.0,104.8,104.8,107.3,108.1,108.1,-1.3,-3.3,-3.3,0.082,0.78,11.4,0.084,0.175,0.13,14.6,14.7,0.659,0.67,0.168,0.172,93.9,94.06,78.38,94.06,0.114,2494,199,302,2.8,4.3,0.659,176,140,313,217,266,125,173,173,353,387,387,246,290,290,293,370,302,95,101,99,395,393,9,7,266,273,382,372,372,93,198,251,219,301,6,2013-14
2440,Matt Barnes,Matt,1610612746,LAC,34.0,63,45,18,0.714,27.5,113.0,114.3,114.3,103.9,103.9,103.9,9.1,10.4,10.4,0.101,1.47,16.0,0.036,0.125,0.083,10.9,10.9,0.53,0.552,0.162,0.163,99.35,98.81,82.34,98.81,0.076,3564,231,527,3.7,8.4,0.438,224,87,146,43,138,17,12,12,228,221,221,33,21,21,226,189,185,231,229,237,232,235,112,150,300,311,69,103,103,285,173,167,157,155,237,2013-14
2588,Matt Bonner,Matt,1610612759,SAS,34.0,61,43,18,0.705,11.3,108.9,107.0,107.0,101.9,100.9,100.9,7.0,6.1,6.1,0.063,1.94,14.3,0.024,0.163,0.095,7.4,7.4,0.573,0.582,0.119,0.122,95.08,96.38,80.31,96.38,0.084,1399,73,164,1.2,2.7,0.445,239,99,146,52,365,58,101,101,153,110,110,57,72,72,355,110,221,301,134,188,45,44,36,69,430,430,297,240,240,253,318,320,374,386,215,2013-14
203521,Matthew Dellavedova,Matthew,1610612739,CLE,23.0,72,29,43,0.403,17.7,104.7,104.1,104.1,100.9,100.4,100.4,3.8,3.7,3.7,0.217,3.12,33.2,0.022,0.072,0.047,10.6,10.6,0.508,0.534,0.128,0.132,95.52,95.99,80.0,95.99,0.073,2531,122,296,1.7,4.1,0.412,154,201,411,318,271,172,202,202,113,98,98,121,117,117,88,12,21,316,424,403,219,220,174,205,410,408,272,258,258,307,268,256,314,307,339,2013-14
203090,Maurice Harkless,Maurice,1610612753,ORL,21.0,80,22,58,0.275,24.4,99.2,99.8,99.8,106.4,107.2,107.2,-7.2,-7.4,-7.4,0.063,0.93,11.2,0.036,0.103,0.069,12.0,12.1,0.525,0.542,0.145,0.147,96.18,95.48,79.56,95.48,0.071,3868,224,483,2.8,6.0,0.464,52,274,475,424,178,367,338,338,317,349,349,377,383,383,351,332,309,233,288,272,301,302,124,178,355,361,237,292,292,322,180,186,225,232,160,2013-14
2408,Melvin Ely,Melvin,1610612740,NOP,36.0,2,2,0,1.0,13.6,129.6,125.0,125.0,143.2,150.0,150.0,-13.6,-25.0,-25.0,0.0,0.0,0.0,0.0,0.045,0.024,0.0,0.0,0.5,0.5,0.113,0.117,86.88,86.31,71.93,86.31,-0.004,48,3,6,1.5,3.0,0.5,470,444,1,1,333,4,5,5,479,480,480,448,469,469,466,462,466,459,473,477,1,1,201,324,443,440,478,479,479,470,452,461,337,367,85,2013-14
1897,Metta World Peace,Metta,1610612752,NYK,34.0,29,10,19,0.345,13.4,102.2,99.6,99.6,100.1,99.0,99.0,2.1,0.6,0.6,0.07,0.89,9.2,0.045,0.112,0.077,10.3,10.3,0.457,0.469,0.187,0.195,96.04,97.8,81.5,97.8,0.067,787,56,141,1.9,4.9,0.397,372,393,157,372,336,272,343,343,83,64,64,156,198,198,333,341,357,190,261,247,196,198,344,392,200,195,249,142,142,341,346,338,297,276,369,2013-14
203086,Meyers Leonard,Meyers,1610612757,POR,22.0,40,20,20,0.5,8.9,96.9,96.2,96.2,109.3,108.1,108.1,-12.3,-12.0,-12.0,0.08,1.2,13.5,0.07,0.234,0.151,11.3,11.3,0.451,0.489,0.135,0.139,100.87,101.82,84.85,101.82,0.063,755,41,91,1.0,2.3,0.451,338,297,169,237,407,413,415,415,423,386,386,445,437,437,306,250,250,129,27,47,261,261,362,357,394,392,45,27,27,362,365,374,395,411,202,2013-14
201563,Michael Beasley,Michael,1610612748,MIA,25.0,55,36,19,0.655,15.1,106.9,105.0,105.0,107.9,107.8,107.8,-1.0,-2.8,-2.8,0.088,0.74,8.6,0.043,0.186,0.117,11.7,11.7,0.528,0.559,0.247,0.255,93.39,94.28,78.56,94.28,0.108,1633,177,355,3.2,6.5,0.499,265,148,157,100,311,105,163,163,381,374,374,238,280,280,271,380,375,198,79,125,279,279,119,125,50,44,409,356,356,108,218,227,196,214,94,2013-14
203487,Michael Carter-Williams,Michael,1610612755,PHI,22.0,70,18,52,0.257,34.5,99.1,100.9,100.9,108.1,109.1,109.1,-9.0,-8.2,-8.2,0.292,1.79,23.1,0.038,0.141,0.087,13.0,13.0,0.431,0.48,0.254,0.256,101.9,100.48,83.73,100.48,0.104,5036,427,1054,6.1,15.1,0.405,176,313,448,431,38,371,318,318,392,423,423,405,399,399,38,138,93,219,188,222,333,335,402,375,41,43,19,56,56,127,55,31,52,30,353,2013-14
203077,Michael Kidd-Gilchrist,Michael,1610612766,CHA,20.0,62,35,27,0.565,24.2,100.8,102.0,102.0,98.8,100.6,100.6,2.0,1.4,1.4,0.055,0.87,9.5,0.075,0.141,0.109,10.9,11.0,0.475,0.516,0.153,0.155,93.14,91.71,76.43,91.71,0.075,2855,167,353,2.7,5.7,0.473,232,159,247,186,181,322,290,290,57,102,102,161,179,179,393,349,348,116,187,154,236,242,293,273,329,333,417,454,454,290,228,229,231,246,139,2013-14
201144,Mike Conley,Mike,1610612763,MEM,26.0,73,46,27,0.63,33.5,105.0,107.1,107.1,103.7,104.1,104.1,1.4,3.0,3.0,0.293,2.94,25.4,0.017,0.076,0.046,8.6,8.6,0.5,0.545,0.24,0.244,92.16,91.03,75.86,91.03,0.13,4644,463,1030,6.3,14.1,0.45,136,78,247,114,48,160,97,97,219,229,229,178,140,140,37,25,69,368,415,416,90,91,200,166,62,64,451,467,467,44,37,35,43,42,206,2013-14
2399,Mike Dunleavy,Mike,1610612741,CHI,33.0,82,48,34,0.585,31.5,100.3,101.7,101.7,97.5,98.6,98.6,2.7,3.0,3.0,0.119,1.72,16.4,0.018,0.116,0.068,9.5,9.5,0.51,0.549,0.166,0.17,93.01,91.85,76.54,91.85,0.096,4957,333,774,4.1,9.4,0.43,2,50,326,160,82,333,300,300,40,59,59,147,139,139,192,145,174,355,248,280,146,147,171,157,285,280,424,452,452,166,106,90,137,119,267,2013-14
200839,Mike Harris,Mike,1610612762,UTA,31.0,20,1,19,0.05,11.2,99.2,99.1,99.1,97.5,96.5,96.5,1.7,2.6,2.6,0.037,0.45,5.6,0.061,0.078,0.069,12.2,12.4,0.475,0.576,0.158,0.161,96.59,97.16,80.97,97.16,0.082,456,29,61,1.5,3.1,0.475,411,462,157,472,368,364,360,360,39,35,35,169,146,146,434,429,440,153,401,270,304,309,288,84,316,319,210,180,180,261,391,400,345,364,130,2013-14
2229,Mike James,Mike,1610612741,CHI,39.0,11,3,8,0.273,7.0,105.5,103.7,103.7,110.6,107.2,107.2,-5.1,-3.5,-3.5,0.347,3.4,38.6,0.0,0.109,0.052,11.4,11.4,0.262,0.251,0.171,0.175,83.54,85.6,71.33,85.6,0.013,136,5,21,0.5,1.9,0.238,435,434,62,426,436,145,217,217,449,348,348,332,295,295,16,7,13,459,270,368,265,266,464,469,255,258,480,480,480,460,446,434,457,428,464,2013-14
2034,Mike Miller,Mike,1610612763,MEM,34.0,82,50,32,0.61,20.8,103.6,103.7,103.7,106.0,106.3,106.3,-2.5,-2.6,-2.6,0.116,1.69,19.4,0.018,0.111,0.063,11.5,11.4,0.602,0.619,0.14,0.144,93.54,93.34,77.79,93.34,0.092,3335,213,443,2.6,5.4,0.481,2,38,296,125,214,223,215,215,306,323,323,270,276,276,197,153,132,360,264,297,272,269,20,18,371,369,400,403,403,199,189,200,240,256,117,2013-14
203488,Mike Muscala,Mike,1610612737,ATL,22.0,20,10,10,0.5,10.7,94.3,92.8,92.8,114.8,114.5,114.5,-20.4,-21.7,-21.7,0.058,0.58,7.1,0.078,0.181,0.127,12.2,12.2,0.425,0.48,0.185,0.192,97.99,98.92,82.43,98.92,0.065,445,31,73,1.6,3.7,0.425,411,393,74,237,372,442,444,444,468,466,466,468,465,465,381,404,415,109,88,107,305,304,416,376,210,202,114,98,98,355,382,387,331,333,292,2013-14
203118,Mike Scott,Mike,1610612737,ATL,25.0,80,36,44,0.45,18.5,101.3,100.9,100.9,107.6,107.3,107.3,-6.3,-6.4,-6.4,0.091,0.95,8.9,0.043,0.154,0.098,9.4,9.4,0.529,0.559,0.232,0.239,96.57,96.95,80.79,96.95,0.104,2993,301,628,3.8,7.9,0.479,52,148,418,288,259,304,319,319,369,354,354,365,368,368,254,326,365,201,166,181,135,136,118,127,82,77,212,200,200,122,124,136,150,174,122,2013-14
203101,Miles Plumlee,Miles,1610612756,PHX,25.0,80,47,33,0.588,24.5,105.0,105.6,105.6,103.3,104.3,104.3,1.7,1.3,1.3,0.033,0.39,5.6,0.101,0.216,0.159,14.5,14.5,0.517,0.529,0.16,0.163,97.6,96.88,80.73,96.88,0.101,3961,286,553,3.6,6.9,0.517,52,68,313,158,173,164,142,142,207,236,236,168,183,183,445,438,439,51,42,34,391,391,146,228,308,313,138,207,207,140,135,160,162,199,63,2013-14
203545,Miroslav Raduljica,Miroslav,1610612749,MIL,26.0,48,7,41,0.146,9.7,101.7,100.3,100.3,107.7,105.5,105.5,-6.0,-5.2,-5.2,0.084,0.82,11.4,0.114,0.116,0.115,13.9,13.9,0.54,0.603,0.167,0.172,94.05,95.63,79.69,95.63,0.08,925,68,126,1.4,2.6,0.54,305,408,395,467,391,291,332,332,371,290,290,356,337,337,289,363,301,24,247,131,369,372,88,33,279,274,374,281,281,272,328,347,350,390,40,2013-14
203141,Mirza Teletovic,Mirza,1610612751,BKN,28.0,72,41,31,0.569,19.4,105.6,105.0,105.0,109.0,109.0,109.0,-3.4,-4.0,-4.0,0.069,1.06,8.6,0.045,0.157,0.1,8.1,8.1,0.546,0.559,0.197,0.202,94.36,94.58,78.82,94.58,0.09,2757,221,529,3.1,7.3,0.418,154,115,285,179,243,143,161,161,417,422,422,285,303,303,335,286,376,194,153,175,68,68,71,126,166,170,351,337,337,211,185,166,209,189,316,2013-14
2590,Mo Williams,Mo,1610612757,POR,31.0,74,49,25,0.662,24.8,106.1,108.2,108.2,105.9,105.7,105.7,0.2,2.5,2.5,0.266,2.15,27.2,0.022,0.058,0.04,12.6,12.6,0.478,0.507,0.2,0.203,98.08,97.24,81.04,97.24,0.075,3705,280,672,3.8,9.1,0.417,128,42,221,90,170,122,77,77,302,299,299,208,153,153,53,73,55,320,465,459,324,323,277,297,157,166,110,170,170,291,139,121,149,133,319,2013-14
101145,Monta Ellis,Monta,1610612742,DAL,28.0,82,49,33,0.598,36.9,108.8,108.9,108.9,107.3,108.2,108.2,1.4,0.6,0.6,0.245,1.78,21.3,0.013,0.088,0.051,12.0,12.0,0.478,0.532,0.257,0.26,95.96,95.51,79.59,95.51,0.106,6019,576,1278,7.0,15.6,0.451,2,42,313,146,8,59,62,62,355,396,396,176,199,199,69,139,108,404,354,376,294,296,282,219,37,39,253,289,289,119,15,14,28,25,201,2013-14
201203,Mustafa Shakur,Mustafa,1610612760,OKC,29.0,3,2,1,0.667,3.8,58.2,57.7,57.7,87.8,88.5,88.5,-29.6,-30.8,-30.8,0.667,2.0,40.0,0.0,0.0,0.0,20.0,20.2,0.0,0.129,0.222,0.228,108.6,108.68,90.57,108.68,-0.109,26,0,3,0.0,1.0,0.0,463,444,8,83,470,482,481,481,6,9,9,477,475,475,1,95,10,459,474,478,460,461,473,473,111,105,4,7,7,479,473,470,473,457,473,2013-14
201986,Nando De Colo,Nando,1610612761,TOR,27.0,47,36,11,0.766,10.5,105.7,104.1,104.1,106.4,106.1,106.1,-0.7,-2.0,-2.0,0.203,1.86,24.2,0.029,0.125,0.077,13.0,13.0,0.477,0.526,0.18,0.186,94.94,95.78,79.82,95.78,0.092,995,64,153,1.4,3.3,0.418,309,148,83,16,377,139,201,201,318,316,316,228,262,262,98,122,82,261,227,248,336,337,283,238,232,223,308,270,270,198,333,329,355,351,314,2013-14
101126,Nate Robinson,Nate,1610612743,DEN,30.0,44,22,22,0.5,19.7,105.4,104.4,104.4,98.8,99.9,99.9,6.7,4.5,4.5,0.226,1.93,19.0,0.025,0.063,0.045,9.9,9.8,0.504,0.544,0.236,0.246,97.1,96.99,80.82,96.99,0.107,1753,164,383,3.7,8.7,0.428,321,274,184,237,237,148,185,185,58,86,86,61,101,101,80,113,135,295,453,421,172,171,192,172,74,59,176,194,194,116,229,217,152,144,279,2013-14
203489,Nate Wolters,Nate,1610612749,MIL,23.0,58,10,48,0.172,22.6,101.1,101.7,101.7,102.9,102.7,102.7,-1.8,-1.0,-1.0,0.227,3.28,27.8,0.025,0.09,0.057,8.5,8.5,0.46,0.486,0.163,0.167,94.57,94.38,78.65,94.38,0.093,2574,170,389,2.9,6.7,0.437,255,393,437,462,196,314,296,296,196,175,175,258,237,237,78,8,46,294,344,339,85,85,334,362,289,293,336,347,347,193,226,216,214,204,244,2013-14
1737,Nazr Mohammed,Nazr,1610612741,CHI,36.0,80,47,33,0.588,7.0,92.9,92.5,92.5,93.5,93.1,93.1,-0.6,-0.6,-0.6,0.066,0.54,10.2,0.121,0.188,0.156,18.9,18.9,0.429,0.445,0.144,0.148,90.17,90.55,75.46,90.55,0.081,1055,54,126,0.7,1.6,0.429,52,68,313,158,435,450,446,446,16,20,20,226,226,226,343,417,331,14,73,38,451,450,405,421,360,355,473,471,471,269,353,347,436,445,272,2013-14
203517,Nemanja Nedovic,Nemanja,1610612744,GSW,23.0,24,17,7,0.708,5.9,86.7,83.3,83.3,106.3,105.6,105.6,-19.6,-22.3,-22.3,0.16,1.0,18.8,0.02,0.079,0.05,18.8,19.0,0.244,0.306,0.162,0.17,100.66,103.01,85.84,103.01,-0.013,305,8,39,0.3,1.6,0.205,387,324,51,48,453,471,472,472,314,292,292,466,466,466,132,299,136,336,395,381,450,451,466,464,294,279,50,18,18,475,433,416,463,441,469,2013-14
2403,Nene,ene,1610612764,WAS,31.0,53,30,23,0.566,29.4,102.6,103.1,103.1,99.3,99.7,99.7,3.3,3.4,3.4,0.166,1.31,15.5,0.043,0.155,0.098,11.9,11.9,0.504,0.53,0.237,0.24,96.19,95.71,79.76,95.71,0.108,3118,299,594,5.6,11.2,0.503,281,193,198,183,110,258,241,241,67,82,82,136,128,128,128,223,191,200,161,180,291,293,189,225,71,73,234,273,273,110,125,148,67,89,80,2013-14
201979,Nick Calathes,Nick,1610612763,MEM,25.0,71,42,29,0.592,16.5,100.7,100.2,100.2,98.8,98.9,98.9,1.9,1.3,1.3,0.273,2.05,31.9,0.022,0.098,0.062,15.6,15.5,0.487,0.506,0.172,0.177,92.76,92.9,77.42,92.9,0.093,2265,142,311,2.0,4.4,0.457,167,107,273,154,287,323,333,333,55,62,62,162,185,185,49,88,27,318,313,308,414,411,244,302,251,251,427,420,420,190,246,247,289,294,182,2013-14
2555,Nick Collison,Nick,1610612760,OKC,33.0,81,58,23,0.716,16.7,111.3,111.2,111.2,99.1,98.2,98.2,12.2,13.0,13.0,0.108,1.46,22.7,0.089,0.129,0.109,15.5,15.5,0.564,0.599,0.115,0.116,96.61,97.05,80.88,97.05,0.073,2726,134,241,1.7,3.0,0.556,30,7,198,41,285,24,31,31,61,55,55,11,12,12,209,191,98,86,217,153,410,412,44,39,441,443,207,192,192,300,253,283,319,369,27,2013-14
201156,Nick Young,Nick,1610612747,LAL,29.0,64,21,43,0.328,28.3,104.9,105.5,105.5,107.1,107.6,107.6,-2.2,-2.1,-2.1,0.091,1.0,8.0,0.016,0.072,0.044,8.0,7.9,0.511,0.564,0.263,0.27,99.95,99.49,82.91,99.49,0.092,3747,387,889,6.0,13.9,0.435,217,284,411,391,124,165,146,146,347,368,368,265,266,266,257,299,397,380,425,432,64,59,163,116,32,30,61,86,86,197,75,63,53,45,252,2013-14
201587,Nicolas Batum,Nicolas,1610612757,POR,25.0,82,54,28,0.659,36.0,109.9,111.1,111.1,104.8,105.7,105.7,5.1,5.4,5.4,0.208,2.02,27.3,0.038,0.161,0.1,13.5,13.5,0.554,0.589,0.162,0.164,97.7,96.75,80.62,96.75,0.118,5962,381,819,4.6,10.0,0.465,2,18,260,91,17,44,34,34,263,300,300,90,87,87,94,94,53,220,139,179,354,352,58,55,297,302,133,216,216,80,78,79,109,110,155,2013-14
201593,Nikola Pekovic,Nikola,1610612750,MIN,28.0,54,27,27,0.5,30.8,108.4,110.6,110.6,102.8,102.9,102.9,5.6,7.7,7.7,0.049,0.6,5.3,0.117,0.163,0.139,8.9,8.9,0.541,0.582,0.223,0.225,100.35,99.29,82.74,99.29,0.125,3446,379,701,7.0,13.0,0.541,273,224,247,237,93,71,41,41,193,178,178,82,43,43,410,403,444,20,132,73,110,112,85,68,104,114,54,91,91,55,81,110,29,57,39,2013-14
202696,Nikola Vučević,Nikola,1610612753,ORL,23.0,57,19,38,0.333,31.8,100.4,101.6,101.6,105.5,106.7,106.7,-5.1,-5.1,-5.1,0.098,0.93,10.7,0.101,0.248,0.174,11.5,11.5,0.507,0.536,0.214,0.216,96.19,95.11,79.26,95.11,0.134,3595,353,696,6.2,12.2,0.507,260,306,369,379,78,331,303,303,296,330,330,335,335,335,237,333,319,50,21,16,271,272,181,200,130,137,235,311,311,35,91,112,46,70,73,2013-14
202708,Norris Cole,Norris,1610612748,MIA,25.0,82,54,28,0.659,24.6,107.0,106.3,106.3,102.9,103.4,103.4,4.2,2.9,2.9,0.187,1.95,27.4,0.01,0.077,0.045,14.0,14.0,0.474,0.497,0.153,0.157,92.27,92.39,76.99,92.39,0.062,3872,207,500,2.5,6.1,0.414,2,18,260,91,172,100,117,117,195,203,203,113,143,143,105,108,52,435,410,425,376,375,298,340,330,329,448,439,439,368,193,177,241,228,333,2013-14
201564,O.J. Mayo,O.J.,1610612749,MIL,26.0,52,10,42,0.192,25.9,94.6,95.3,95.3,108.4,108.2,108.2,-13.8,-12.9,-12.9,0.152,1.19,14.2,0.017,0.076,0.046,12.0,11.9,0.484,0.516,0.225,0.229,95.02,94.78,78.98,94.78,0.074,2651,224,550,4.3,10.6,0.407,288,393,402,454,159,440,427,427,402,394,394,451,445,445,145,254,222,364,417,414,295,292,259,272,97,101,303,328,328,296,180,161,122,99,348,2013-14
203136,Ognjen Kuzmic,Ognjen,1610612744,GSW,24.0,21,16,5,0.762,4.4,86.8,85.0,85.0,114.1,114.6,114.6,-27.3,-29.7,-29.7,0.034,0.2,6.7,0.088,0.121,0.103,33.3,33.5,0.385,0.42,0.12,0.126,105.79,106.68,88.9,106.68,-0.01,206,5,13,0.2,0.6,0.385,406,332,38,21,469,469,469,469,465,467,467,475,474,474,443,455,423,88,233,169,478,479,436,440,426,421,7,9,9,472,446,450,465,472,391,2013-14
201600,Omer Asik,Omer,1610612745,HOU,27.0,48,32,16,0.667,20.2,105.5,105.0,105.0,102.1,102.0,102.0,3.4,3.1,3.1,0.039,0.42,7.5,0.104,0.263,0.187,17.7,17.9,0.532,0.57,0.134,0.136,100.23,100.5,83.75,100.5,0.109,2025,101,190,2.1,4.0,0.532,305,177,127,83,223,146,162,162,160,148,148,133,137,137,429,432,405,38,11,9,444,445,108,98,398,398,56,55,55,107,284,304,277,314,49,2013-14
201956,Omri Casspi,Omri,1610612745,HOU,26.0,71,46,25,0.648,18.1,107.1,106.3,106.3,101.0,100.9,100.9,6.2,5.3,5.3,0.105,1.22,14.0,0.043,0.144,0.096,11.5,11.5,0.496,0.528,0.177,0.181,100.0,100.43,83.69,100.43,0.095,2686,173,410,2.4,5.8,0.422,167,78,221,105,268,99,119,119,115,109,109,71,91,91,214,245,230,199,182,186,270,274,221,229,239,242,60,58,58,175,222,209,254,240,302,2013-14
203111,Orlando Johnson,Orlando,1610612758,SAC,25.0,45,34,11,0.756,8.7,92.0,91.7,91.7,96.7,96.2,96.2,-4.7,-4.5,-4.5,0.087,1.33,12.6,0.022,0.113,0.067,9.4,9.4,0.358,0.402,0.154,0.161,94.31,94.68,78.9,94.68,0.051,781,36,113,0.8,2.5,0.319,314,163,83,26,410,456,452,452,33,33,33,315,316,316,277,218,265,319,256,282,138,137,454,449,324,320,354,334,334,402,371,360,424,394,451,2013-14
201785,Othyus Jeffers,Othyus,1610612750,MIN,28.0,6,2,4,0.333,7.8,120.9,119.1,119.1,91.2,88.5,88.5,29.7,30.6,30.6,0.026,1.0,10.0,0.032,0.174,0.117,10.0,10.2,0.5,0.58,0.088,0.09,88.43,90.45,75.37,90.45,0.072,89,3,6,0.5,1.0,0.5,450,444,31,379,425,7,7,7,11,11,11,2,2,2,454,299,333,248,104,122,178,194,201,73,469,470,475,472,472,317,452,461,447,457,85,2013-14
203490,Otto Porter Jr.,Otto,1610612764,WAS,21.0,37,20,17,0.541,8.6,95.2,94.7,94.7,100.1,96.7,96.7,-4.8,-2.0,-2.0,0.051,0.71,8.4,0.064,0.13,0.094,11.8,11.6,0.385,0.405,0.146,0.152,93.42,95.34,79.45,95.34,0.046,637,33,91,0.9,2.5,0.363,347,297,136,208,413,438,436,436,84,37,37,322,261,261,403,385,379,146,213,189,283,278,436,446,349,346,406,299,299,417,377,374,416,400,425,2013-14
200782,P.J. Tucker,P.J.,1610612756,PHX,29.0,81,48,33,0.593,30.7,107.6,108.3,108.3,104.7,105.9,105.9,2.9,2.4,2.4,0.08,1.38,14.9,0.064,0.146,0.105,10.7,10.8,0.491,0.54,0.139,0.14,98.87,98.04,81.7,98.04,0.088,5089,265,615,3.3,7.6,0.431,30,50,313,151,94,85,72,72,258,306,306,145,157,157,305,209,208,140,179,163,225,227,229,187,375,384,81,130,130,228,147,141,193,182,264,2013-14
203143,Pablo Prigioni,Pablo,1610612752,NYK,37.0,66,29,37,0.439,19.4,106.8,106.3,106.3,105.0,104.6,104.6,1.7,1.7,1.7,0.258,3.8,47.1,0.029,0.084,0.055,12.4,12.4,0.631,0.642,0.093,0.095,90.67,91.08,75.9,91.08,0.09,2429,88,191,1.3,2.9,0.461,206,201,365,297,240,108,114,114,270,255,255,166,169,169,59,5,5,262,375,349,313,310,12,11,466,465,471,466,466,219,299,303,362,374,168,2013-14
201976,Patrick Beverley,Patrick,1610612745,HOU,25.0,56,39,17,0.696,31.3,110.9,112.3,112.3,101.9,104.0,104.0,9.0,8.3,8.3,0.123,2.29,20.3,0.044,0.068,0.056,8.9,8.9,0.509,0.545,0.147,0.149,97.53,95.92,79.93,95.92,0.07,3500,199,481,3.6,8.6,0.414,261,129,136,57,85,27,20,20,150,224,224,35,36,36,180,63,120,196,442,341,109,110,172,168,348,351,142,265,265,328,198,188,164,148,335,2013-14
202335,Patrick Patterson,Patrick,1610612761,TOR,25.0,65,37,28,0.569,23.6,106.8,107.0,107.0,100.8,101.6,101.6,6.0,5.3,5.3,0.083,1.2,11.7,0.074,0.15,0.111,9.8,9.8,0.516,0.533,0.17,0.173,94.54,94.11,78.42,94.11,0.095,3008,225,489,3.5,7.5,0.46,210,140,260,180,185,107,102,102,111,136,136,75,88,88,291,250,289,120,171,145,165,169,149,208,258,264,341,369,369,182,179,182,178,184,169,2013-14
201988,Patty Mills,Patty,1610612759,SAS,25.0,81,62,19,0.765,18.9,109.1,108.4,108.4,98.3,97.5,97.5,10.8,10.9,10.9,0.157,2.37,16.4,0.023,0.084,0.055,6.9,6.9,0.565,0.588,0.219,0.225,97.05,97.76,81.47,97.76,0.12,3110,309,666,3.8,8.2,0.464,30,1,157,17,253,55,68,68,47,45,45,17,18,18,137,59,176,304,371,348,36,36,42,59,121,116,183,144,144,72,119,123,147,161,159,2013-14
2200,Pau Gasol,Pau,1610612747,LAL,33.0,60,21,39,0.35,31.4,101.3,102.2,102.2,110.4,110.8,110.8,-9.1,-8.6,-8.6,0.184,1.43,15.0,0.065,0.228,0.148,10.5,10.5,0.482,0.522,0.261,0.264,101.02,100.36,83.63,100.36,0.136,3933,425,885,7.1,14.8,0.48,245,284,379,365,83,305,279,279,445,450,450,406,403,403,108,198,204,137,32,55,209,212,263,252,33,36,43,61,61,31,58,64,25,33,121,2013-14
202331,Paul George,Paul,1610612754,IND,24.0,80,54,26,0.675,36.2,102.7,104.5,104.5,96.3,98.0,98.0,6.4,6.5,6.5,0.177,1.26,13.7,0.023,0.157,0.093,10.9,10.8,0.49,0.555,0.278,0.282,94.94,93.3,77.75,93.3,0.157,5635,577,1362,7.2,17.0,0.424,52,18,235,76,13,255,184,184,29,50,50,65,65,65,116,237,240,306,156,195,231,229,231,138,16,18,309,407,407,16,14,8,23,11,295,2013-14
200794,Paul Millsap,Paul,1610612737,ATL,29.0,74,36,38,0.486,33.5,104.0,105.2,105.2,102.6,103.3,103.3,1.4,1.9,1.9,0.16,1.25,14.2,0.064,0.193,0.129,11.3,11.3,0.498,0.545,0.251,0.254,97.26,96.38,80.32,96.38,0.135,4996,483,1047,6.5,14.1,0.461,128,148,369,257,47,203,156,156,183,200,200,175,164,164,133,238,226,144,65,101,262,262,217,169,44,45,164,239,239,34,30,32,38,41,167,2013-14
1718,Paul Pierce,Paul,1610612751,BKN,36.0,75,42,33,0.56,28.0,103.7,104.0,104.0,101.6,102.5,102.5,2.1,1.5,1.5,0.146,1.16,15.1,0.014,0.163,0.09,13.0,13.0,0.529,0.595,0.221,0.226,93.76,93.17,77.64,93.17,0.12,4077,321,712,4.3,9.5,0.451,125,107,313,189,133,217,204,204,136,171,171,157,173,173,153,260,201,401,135,210,337,334,113,46,114,111,390,412,412,70,115,106,124,116,198,2013-14
203544,Pero Antic,Pero,1610612737,ATL,31.0,50,23,27,0.46,18.5,104.8,104.9,104.9,101.0,99.9,99.9,3.8,5.0,5.0,0.1,1.05,13.2,0.061,0.168,0.114,12.6,12.6,0.514,0.545,0.178,0.182,96.68,97.08,80.9,97.08,0.077,1889,123,294,2.5,5.9,0.418,299,264,247,280,260,170,170,170,116,87,87,123,93,93,231,287,254,154,117,133,321,322,155,167,236,239,201,188,188,283,267,259,249,237,313,2013-14
203103,Perry Jones III,Perry,1610612760,OKC,22.0,62,45,17,0.726,12.3,106.7,105.0,105.0,101.0,101.5,101.5,5.7,3.5,3.5,0.05,1.24,10.5,0.039,0.11,0.076,8.5,8.5,0.519,0.541,0.126,0.13,96.05,96.57,80.47,96.57,0.066,1538,83,181,1.3,2.9,0.459,232,87,136,38,353,111,164,164,118,128,128,81,125,125,406,241,322,216,267,252,86,87,137,181,413,413,245,228,228,345,304,310,361,372,174,2013-14
203491,Peyton Siva,Peyton,1610612765,DET,23.0,24,9,15,0.375,9.3,101.6,102.6,102.6,108.0,107.7,107.7,-6.3,-5.1,-5.1,0.258,1.89,29.3,0.008,0.058,0.031,15.5,15.6,0.377,0.425,0.162,0.165,90.63,90.29,75.24,90.29,0.033,417,18,57,0.8,2.4,0.316,387,400,116,336,397,292,263,263,386,373,373,366,332,332,60,117,38,448,463,473,412,413,443,438,293,298,472,474,474,442,410,405,430,404,453,2013-14
203515,Phil Pressey,Phil,1610612738,BOS,23.0,75,23,52,0.307,15.1,101.7,102.0,102.0,102.6,102.4,102.4,-0.9,-0.4,-0.4,0.305,2.77,40.0,0.018,0.077,0.047,14.5,14.5,0.364,0.39,0.141,0.143,95.49,95.44,79.53,95.44,0.066,2241,78,253,1.0,3.4,0.308,125,264,448,407,312,288,289,289,184,165,165,234,220,220,33,32,9,359,405,400,390,389,450,454,367,372,274,293,293,352,309,278,393,344,456,2013-14
203112,Quincy Acy,Quincy,1610612758,SAC,23.0,63,22,41,0.349,13.5,102.3,102.1,102.1,110.0,108.2,108.2,-7.8,-6.1,-6.1,0.051,0.93,12.6,0.08,0.167,0.123,13.5,13.5,0.482,0.52,0.099,0.101,96.29,97.2,81.0,97.2,0.063,1702,66,141,1.0,2.2,0.468,224,274,395,368,335,270,288,288,436,395,395,387,362,362,401,330,266,105,120,112,350,351,264,261,460,461,227,174,174,366,331,338,392,412,150,2013-14
203113,Quincy Miller,Quincy,1610612743,DEN,21.0,52,21,31,0.404,15.2,103.3,103.5,103.5,107.6,107.0,107.0,-4.3,-3.5,-3.5,0.047,0.54,7.3,0.042,0.141,0.09,13.5,13.6,0.426,0.459,0.169,0.173,101.86,102.07,85.06,102.07,0.052,1677,94,256,1.8,4.9,0.367,288,284,285,317,310,233,228,228,367,341,341,304,291,291,414,415,410,203,189,209,353,353,411,409,262,261,22,22,22,400,293,275,306,275,421,2013-14
202347,Quincy Pondexter,Quincy,1610612763,MEM,26.0,15,7,8,0.467,18.0,95.9,95.2,95.2,113.9,115.0,115.0,-18.0,-19.8,-19.8,0.126,1.33,16.0,0.039,0.065,0.052,12.0,12.0,0.462,0.52,0.178,0.183,92.17,92.07,76.73,92.07,0.06,517,31,79,2.1,5.3,0.392,422,408,62,272,269,429,430,430,464,469,469,465,463,463,177,218,186,213,447,370,297,295,328,263,235,234,450,448,448,375,382,383,281,264,382,2013-14
200765,Rajon Rondo,Rajon,1610612738,BOS,28.0,30,6,24,0.2,33.3,99.4,101.4,101.4,110.2,110.6,110.6,-10.7,-9.2,-9.2,0.48,2.97,38.1,0.021,0.163,0.085,12.8,12.8,0.44,0.461,0.207,0.209,95.95,94.85,79.04,94.85,0.124,1977,141,350,4.7,11.7,0.403,369,419,209,450,51,355,310,310,438,444,444,426,414,414,2,24,14,329,133,233,329,328,396,404,145,151,254,325,325,61,247,231,108,83,357,2013-14
201196,Ramon Sessions,Ramon,1610612749,MIL,28.0,83,30,53,0.361,26.7,101.7,102.1,102.1,105.4,105.6,105.6,-3.7,-3.6,-3.6,0.258,2.3,23.6,0.017,0.074,0.046,10.3,10.3,0.452,0.539,0.219,0.223,95.33,95.06,79.21,95.06,0.114,4380,330,769,4.0,9.3,0.429,1,193,458,349,149,286,286,286,288,296,296,290,297,297,60,62,86,369,423,418,194,197,358,192,120,121,284,313,313,91,110,91,141,127,271,2013-14
200751,Randy Foye,Randy,1610612743,DEN,30.0,81,36,45,0.444,30.7,104.0,105.4,105.4,107.3,108.0,108.0,-3.2,-2.6,-2.6,0.173,1.98,20.8,0.013,0.077,0.044,10.5,10.4,0.521,0.558,0.182,0.185,101.4,100.41,83.67,100.41,0.083,5203,361,875,4.5,10.8,0.413,30,148,424,292,96,202,153,153,352,380,380,282,277,277,120,102,115,403,408,430,207,205,134,128,221,227,36,59,59,257,86,66,114,96,338,2013-14
1740,Rashard Lewis,Rashard,1610612748,MIA,34.0,60,41,19,0.683,16.2,107.4,105.8,105.8,103.0,103.2,103.2,4.4,2.6,2.6,0.088,1.63,16.7,0.029,0.096,0.064,10.2,10.2,0.513,0.535,0.138,0.143,91.92,92.59,77.16,92.59,0.064,1874,98,236,1.6,3.9,0.415,245,115,157,63,294,90,133,133,199,190,190,107,149,149,270,170,165,260,321,291,191,190,156,203,378,374,460,432,432,358,288,285,322,317,326,2013-14
2446,Rasual Butler,Rasual,1610612754,IND,35.0,50,30,20,0.6,7.6,99.8,97.9,97.9,105.6,104.4,104.4,-5.8,-6.6,-6.6,0.075,1.55,11.7,0.016,0.09,0.053,7.6,7.6,0.582,0.585,0.151,0.157,93.2,94.61,78.84,94.61,0.079,748,51,110,1.0,2.2,0.464,299,193,169,135,428,349,395,395,297,246,246,348,370,370,319,180,290,379,341,363,50,52,30,63,334,330,415,336,336,278,359,361,396,416,163,2013-14
951,Ray Allen,Ray,1610612748,MIA,38.0,73,47,26,0.644,26.5,108.6,108.4,108.4,104.1,104.8,104.8,4.5,3.7,3.7,0.117,1.7,17.7,0.014,0.102,0.059,10.4,10.2,0.549,0.59,0.162,0.168,92.32,92.12,76.77,92.12,0.091,3727,240,543,3.3,7.4,0.442,136,68,235,108,154,64,66,66,234,266,266,106,118,118,195,150,147,399,292,323,199,191,65,53,299,290,445,444,444,205,162,164,189,187,222,2013-14
203492,Ray McCallum,Ray,1610612758,SAC,23.0,45,16,29,0.356,19.9,102.7,103.8,103.8,108.6,108.6,108.6,-5.9,-4.8,-4.8,0.216,3.08,25.2,0.02,0.071,0.045,8.2,8.2,0.413,0.439,0.176,0.179,94.67,94.16,78.47,94.16,0.063,1754,113,300,2.5,6.7,0.377,314,332,273,358,229,251,210,210,407,404,404,353,323,323,90,13,72,340,430,428,73,73,426,428,244,248,328,366,366,361,274,252,242,206,409,2013-14
101109,Raymond Felton,Raymond,1610612752,NYK,30.0,65,31,34,0.477,31.0,106.6,108.1,108.1,106.9,107.8,107.8,-0.3,0.3,0.3,0.275,2.83,31.5,0.027,0.076,0.051,11.1,11.2,0.446,0.476,0.181,0.182,92.64,91.61,76.34,91.61,0.082,3856,240,608,3.7,9.4,0.395,210,185,326,267,89,112,79,79,338,377,377,217,206,206,46,30,28,273,416,377,253,255,380,381,225,238,433,456,456,264,162,146,155,121,374,2013-14
203493,Reggie Bullock Jr.,Reggie,1610612746,LAC,23.0,43,30,13,0.698,9.2,97.0,96.0,96.0,97.8,97.5,97.5,-0.8,-1.5,-1.5,0.049,0.92,8.0,0.026,0.095,0.062,8.7,8.7,0.446,0.46,0.149,0.154,99.67,100.35,83.63,100.35,0.055,825,43,121,1.0,2.8,0.355,323,193,102,56,402,411,418,418,44,44,44,231,251,251,408,335,396,285,327,305,93,94,378,405,343,339,65,62,62,386,363,354,397,381,430,2013-14
2501,Reggie Evans,Reggie,1610612758,SAC,34.0,54,18,36,0.333,16.6,100.0,101.6,101.6,107.0,107.5,107.5,-7.0,-5.8,-5.8,0.037,0.36,7.2,0.125,0.26,0.19,19.9,20.3,0.473,0.516,0.132,0.131,94.84,93.89,78.24,93.89,0.082,1760,71,150,1.3,2.8,0.473,273,313,355,379,286,343,301,301,340,360,360,373,355,355,436,441,412,10,13,7,459,462,302,271,403,411,316,379,379,262,324,331,365,383,138,2013-14
202704,Reggie Jackson,Reggie,1610612760,OKC,24.0,80,57,23,0.713,28.5,108.6,109.0,109.0,100.5,101.6,101.6,8.0,7.4,7.4,0.231,1.97,22.2,0.02,0.113,0.068,11.2,11.3,0.485,0.527,0.223,0.227,97.37,96.67,80.55,96.67,0.115,4591,403,916,5.0,11.5,0.44,52,9,198,44,121,65,60,60,98,134,134,44,47,47,76,104,101,343,255,277,257,260,254,233,105,107,154,221,221,90,66,55,95,85,230,2013-14
202130,Reggie Williams,Reggie,1610612760,OKC,27.0,3,3,0,1.0,5.6,96.5,88.2,88.2,102.0,106.1,106.1,-5.5,-17.8,-17.8,0.143,0.5,8.3,0.0,0.0,0.0,16.7,16.7,0.611,0.611,0.289,0.314,94.08,96.38,80.32,96.38,0.105,34,5,9,1.7,3.0,0.556,463,434,1,1,458,422,464,464,156,314,314,339,459,459,156,421,383,459,474,478,428,430,16,21,11,6,369,238,238,120,446,454,316,367,28,2013-14
2210,Richard Jefferson,Richard,1610612762,UTA,34.0,82,25,57,0.305,27.0,100.3,101.0,101.0,110.4,110.9,110.9,-10.1,-9.9,-9.9,0.098,1.38,13.7,0.008,0.097,0.052,9.9,9.9,0.544,0.573,0.17,0.173,93.22,92.68,77.23,92.68,0.073,4276,294,654,3.6,8.0,0.45,2,246,468,408,143,334,315,315,444,452,452,423,423,423,238,208,241,447,319,373,175,174,77,92,260,267,414,430,430,305,129,127,160,169,205,2013-14
203495,Ricky Ledo,Ricky,1610612742,DAL,21.0,11,5,6,0.455,3.0,114.1,107.2,107.2,101.0,91.5,91.5,13.1,15.7,15.7,0.1,1.0,8.7,0.0,0.056,0.031,8.7,8.8,0.441,0.506,0.276,0.293,93.45,101.27,84.39,101.27,0.074,69,6,17,0.5,1.5,0.353,435,423,44,285,475,13,93,93,119,16,16,9,9,9,232,299,373,459,469,472,95,102,389,301,17,12,403,40,40,298,440,439,444,446,433,2013-14
201937,Ricky Rubio,Ricky,1610612750,MIN,23.0,82,40,42,0.488,32.2,109.2,111.0,111.0,103.9,104.4,104.4,5.3,6.6,6.6,0.362,3.19,40.8,0.022,0.11,0.065,12.8,12.9,0.413,0.491,0.161,0.162,101.46,100.34,83.62,100.34,0.105,5522,255,670,3.1,8.2,0.381,2,120,402,255,70,54,36,36,227,247,247,86,64,64,12,10,8,314,266,289,328,331,425,350,306,317,32,63,63,121,151,122,205,163,399,2013-14
203133,Robbie Hummel,Robbie,1610612750,MIN,25.0,53,26,27,0.491,12.4,103.7,104.4,104.4,102.6,101.9,101.9,1.1,2.5,2.5,0.052,2.3,10.6,0.049,0.152,0.098,4.6,4.6,0.469,0.492,0.123,0.126,98.4,98.36,81.97,98.36,0.072,1344,67,177,1.3,3.3,0.379,281,237,247,253,351,219,186,186,182,145,145,186,155,155,399,61,320,179,170,183,15,15,314,348,419,420,101,114,114,320,330,313,367,347,404,2013-14
203496,Robert Covington,Robert,1610612745,HOU,23.0,7,4,3,0.571,4.8,118.2,114.5,114.5,91.1,87.3,87.3,27.1,27.2,27.2,0.0,0.0,0.0,0.061,0.075,0.068,6.7,6.7,0.571,0.571,0.192,0.203,95.69,99.32,82.77,99.32,0.078,69,6,14,0.9,2.0,0.429,448,431,23,174,467,8,11,11,10,7,7,4,4,4,466,462,466,157,419,275,33,33,37,97,187,164,263,89,89,280,440,446,419,422,272,2013-14
203135,Robert Sacre,Robert,1610612747,LAL,25.0,65,20,45,0.308,16.8,101.6,101.5,101.5,107.3,107.1,107.1,-5.7,-5.6,-5.6,0.072,1.16,11.6,0.073,0.153,0.113,10.0,10.1,0.477,0.513,0.154,0.155,101.5,101.68,84.74,101.68,0.07,2295,143,300,2.2,4.6,0.477,210,297,424,405,284,295,306,306,356,344,344,347,349,349,325,262,292,121,167,137,184,184,285,282,326,334,30,31,31,329,243,252,271,285,126,2013-14
201577,Robin Lopez,Robin,1610612757,POR,26.0,82,54,28,0.659,31.8,109.5,110.6,110.6,103.8,104.6,104.6,5.8,6.0,6.0,0.041,0.87,8.0,0.122,0.138,0.13,9.2,9.3,0.551,0.605,0.139,0.141,96.95,96.08,80.07,96.08,0.102,5212,355,644,4.3,7.9,0.551,2,18,260,91,79,51,40,40,225,254,254,79,73,73,425,348,395,13,197,98,129,132,60,27,373,383,187,254,254,133,90,132,118,173,29,2013-14
201155,Rodney Stuckey,Rodney,1610612765,DET,28.0,73,27,46,0.37,26.7,103.8,105.1,105.1,108.7,109.5,109.5,-4.9,-4.4,-4.4,0.129,1.22,12.2,0.019,0.067,0.042,10.0,9.9,0.45,0.516,0.24,0.246,97.05,96.07,80.06,96.07,0.087,3907,372,853,5.1,11.7,0.436,136,224,428,342,148,213,159,159,411,427,427,323,311,311,171,249,276,351,444,445,186,176,365,276,64,58,182,255,255,238,83,71,91,82,247,2013-14
2427,Roger Mason Jr.,Roger,1610612748,MIA,33.0,25,18,7,0.72,10.4,110.7,107.6,107.6,109.5,107.6,107.6,1.2,0.1,0.1,0.105,2.11,19.6,0.004,0.086,0.046,9.3,9.2,0.5,0.528,0.137,0.145,92.73,94.9,79.08,94.9,0.046,512,25,67,1.0,2.7,0.373,385,313,51,40,379,30,87,87,427,367,367,182,212,212,212,76,131,456,363,412,132,129,201,230,382,364,430,319,319,415,400,394,397,387,417,2013-14
200758,Ronnie Brewer,Ronnie,1610612741,CHI,29.0,24,17,7,0.708,6.7,102.9,97.3,97.3,112.6,112.6,112.6,-9.7,-15.3,-15.3,0.085,5.0,35.7,0.013,0.07,0.043,7.1,7.2,0.233,0.22,0.05,0.053,97.13,99.87,83.23,99.87,0.027,334,3,15,0.1,0.6,0.2,387,324,51,48,442,243,403,403,460,464,464,418,450,450,284,1,17,406,434,439,39,39,467,472,478,478,175,76,76,452,452,443,470,471,470,2013-14
101179,Ronnie Price,Ronnie,1610612753,ORL,31.0,31,9,22,0.29,12.2,96.9,96.5,96.5,99.6,99.3,99.3,-2.8,-2.8,-2.8,0.263,2.54,34.7,0.021,0.098,0.058,13.7,13.7,0.353,0.379,0.15,0.153,94.05,94.37,78.64,94.37,0.053,741,28,92,0.9,3.0,0.304,362,400,184,414,355,415,410,410,75,74,74,275,281,281,54,46,18,325,314,327,361,360,456,456,336,340,373,349,349,395,393,371,414,371,457,2013-14
101142,Ronny Turiaf,Ronny,1610612750,MIN,31.0,31,16,15,0.516,19.5,101.9,102.0,102.0,103.0,103.0,103.0,-1.2,-1.0,-1.0,0.06,1.0,13.6,0.087,0.193,0.139,13.6,13.6,0.598,0.578,0.11,0.112,97.37,97.32,81.1,97.32,0.089,1223,64,107,2.1,3.5,0.598,362,332,116,229,238,281,292,292,198,183,183,242,240,240,366,299,249,92,64,71,355,355,24,80,449,453,155,168,168,224,333,364,283,340,15,2013-14
201579,Roy Hibbert,Roy,1610612754,IND,27.0,81,55,26,0.679,29.7,103.4,105.2,105.2,95.9,97.5,97.5,7.5,7.8,7.8,0.06,0.61,8.2,0.09,0.13,0.111,13.3,13.3,0.44,0.499,0.193,0.195,94.07,92.51,77.1,92.51,0.08,4642,331,754,4.1,9.3,0.439,30,16,235,69,107,228,158,158,26,43,43,50,42,42,368,397,386,82,216,144,347,345,395,329,182,194,370,435,435,270,109,95,134,124,234,2013-14
2767,Royal Ivey,Royal,1610612760,OKC,32.0,2,2,0,1.0,2.4,106.4,75.0,75.0,126.9,125.0,125.0,-20.5,-50.0,-50.0,0.0,0.0,0.0,0.0,0.25,0.1,0.0,0.0,0.0,0.0,0.167,0.207,67.6,80.0,66.67,80.0,-0.308,8,0,2,0.0,1.0,0.0,470,444,1,1,479,114,476,476,476,477,477,469,481,481,466,462,466,459,19,177,1,1,473,475,275,153,482,482,482,480,473,473,473,457,473,2013-14
203091,Royce White,Royce,1610612758,SAC,23.0,3,1,2,0.333,3.0,97.3,84.2,84.2,134.8,115.8,115.8,-37.5,-31.6,-31.6,0.0,0.0,0.0,0.0,0.0,0.0,0.0,0.0,0.0,0.0,0.053,0.061,88.28,102.4,85.33,102.4,-0.074,19,0,1,0.0,0.3,0.0,463,462,13,379,477,407,470,470,478,471,471,479,476,476,466,462,466,459,474,478,1,1,473,475,477,476,476,19,19,477,473,475,473,479,473,2013-14
200752,Rudy Gay,Rudy,1610612758,SAC,27.0,73,27,46,0.37,34.7,104.1,105.7,105.7,106.0,106.8,106.8,-2.0,-1.1,-1.1,0.146,0.93,11.7,0.045,0.133,0.089,12.6,12.6,0.483,0.54,0.271,0.274,96.36,95.23,79.36,95.23,0.124,5015,537,1179,7.4,16.2,0.455,136,224,428,342,36,200,136,136,305,335,335,261,241,241,151,331,291,191,208,215,322,318,261,189,22,24,224,306,306,60,21,22,21,18,190,2013-14
203497,Rudy Gobert,Rudy,1610612762,UTA,22.0,45,7,38,0.156,9.6,95.3,94.7,94.7,98.8,96.7,96.7,-3.5,-2.0,-2.0,0.026,0.22,4.9,0.114,0.226,0.171,22.4,22.6,0.486,0.507,0.134,0.137,95.08,96.4,80.33,96.4,0.09,867,36,74,0.8,1.6,0.486,314,408,369,466,392,436,435,435,56,38,38,288,260,260,455,454,448,22,33,19,470,470,248,300,396,397,296,236,236,215,371,386,424,439,107,2013-14
201566,Russell Westbrook,Russell,1610612760,OKC,25.0,46,34,12,0.739,30.7,110.8,112.1,112.1,102.5,104.6,104.6,8.3,7.5,7.5,0.38,1.8,22.5,0.041,0.136,0.092,12.5,12.5,0.48,0.545,0.33,0.333,101.31,99.71,83.09,99.71,0.161,2933,346,791,7.5,17.2,0.437,310,163,93,31,95,28,22,22,179,257,257,41,45,45,8,134,99,208,201,201,314,314,268,170,1,1,39,81,81,14,95,87,16,10,242,2013-14
201583,Ryan Anderson,Ryan,1610612740,NOP,26.0,22,12,10,0.545,36.1,110.8,112.3,112.3,109.1,110.3,110.3,1.7,2.0,2.0,0.032,0.85,4.1,0.081,0.098,0.089,4.8,4.8,0.532,0.572,0.216,0.22,96.05,94.85,79.04,94.85,0.101,1570,155,354,7.0,16.1,0.438,398,375,74,200,16,29,19,19,418,442,442,167,163,163,447,354,456,101,310,211,17,17,106,95,127,127,246,324,324,137,234,228,27,19,239,2013-14
101155,Ryan Gomes,Ryan,1610612760,OKC,31.0,5,3,2,0.6,6.9,86.4,83.6,83.6,76.6,77.1,77.1,9.8,6.4,6.4,0.048,1.0,10.0,0.0,0.114,0.058,10.0,10.0,0.375,0.375,0.11,0.115,98.89,100.2,83.5,100.2,0.0,73,3,8,0.6,1.6,0.375,455,434,13,135,438,472,471,471,2,2,2,22,66,66,411,299,333,459,252,330,178,180,445,457,450,447,80,65,65,465,452,458,440,443,414,2013-14
200797,Ryan Hollins,Ryan,1610612746,LAC,29.0,61,43,18,0.705,7.9,105.0,101.0,101.0,98.7,97.2,97.2,6.3,3.8,3.8,0.026,0.28,6.0,0.068,0.108,0.09,21.8,21.7,0.736,0.73,0.113,0.12,98.61,101.32,84.43,101.32,0.06,1002,53,72,0.9,1.2,0.736,239,99,146,52,421,162,316,316,53,40,40,67,114,114,453,451,434,130,275,208,466,466,4,3,444,436,93,39,39,376,355,389,418,454,3,2013-14
203527,Ryan Kelly,Ryan,1610612747,LAL,23.0,59,15,44,0.254,22.2,105.6,105.8,105.8,108.9,108.3,108.3,-3.3,-2.5,-2.5,0.104,2.02,16.7,0.032,0.129,0.081,8.3,8.2,0.488,0.548,0.155,0.159,101.86,102.07,85.05,102.07,0.072,2782,157,371,2.7,6.3,0.423,251,345,418,433,200,141,132,132,413,397,397,284,273,273,219,93,164,252,217,240,77,77,241,159,322,326,21,23,23,314,231,222,234,218,298,2013-14
2223,Samuel Dalembert,Samuel,1610612742,DAL,34.0,80,48,32,0.6,20.2,106.2,105.5,105.5,104.4,104.6,104.6,1.8,0.8,0.8,0.035,0.42,6.7,0.133,0.218,0.176,15.8,15.9,0.568,0.605,0.148,0.149,95.28,95.48,79.57,95.48,0.101,3207,214,377,2.7,4.7,0.568,52,50,296,135,222,117,147,147,241,261,261,165,193,193,440,433,422,8,39,13,418,419,40,28,347,350,285,291,291,139,188,218,233,281,20,2013-14
2756,Sasha Vujacic,Sasha,1610612746,LAC,30.0,2,1,1,0.5,5.2,77.3,73.9,73.9,119.8,116.0,116.0,-42.6,-42.1,-42.1,0.0,0.0,0.0,0.0,0.214,0.12,37.5,37.5,0.5,0.5,0.296,0.32,106.75,110.91,92.43,110.91,0.045,23,2,5,1.0,2.5,0.4,470,462,8,237,461,478,477,477,473,472,472,481,480,480,466,462,466,459,44,115,482,482,201,324,6,5,6,4,4,420,462,465,397,396,361,2013-14
203816,Scotty Hopson,Scotty,1610612739,CLE,24.0,2,2,0,1.0,3.4,79.3,73.3,73.3,92.4,106.3,106.3,-13.1,-32.9,-32.9,0.2,0.0,16.7,0.0,0.0,0.0,0.0,0.0,0.0,0.102,0.294,0.307,114.49,109.95,91.63,109.95,-0.095,15,0,4,0.0,2.0,0.0,470,444,1,1,473,476,479,479,12,322,321,447,477,477,100,462,165,459,474,478,1,1,473,474,8,8,3,5,5,478,473,468,473,422,473,2013-14
201586,Serge Ibaka,Serge,1610612760,OKC,24.0,81,59,22,0.728,32.9,108.4,109.8,109.8,101.0,102.5,102.5,7.4,7.3,7.3,0.051,0.69,6.7,0.09,0.171,0.133,9.6,9.7,0.548,0.576,0.195,0.196,98.65,97.29,81.07,97.29,0.124,5407,524,978,6.5,12.1,0.536,30,4,184,33,56,70,52,52,121,170,170,51,49,49,402,391,423,81,112,87,152,157,68,85,175,187,90,169,169,59,23,49,40,74,44,2013-14
203508,Sergey Karasev,Sergey,1610612739,CLE,20.0,22,7,15,0.318,7.1,89.7,88.9,88.9,105.3,103.1,103.1,-15.6,-14.2,-14.2,0.059,0.55,10.5,0.0,0.106,0.051,19.3,19.5,0.4,0.47,0.142,0.144,98.44,99.96,83.3,99.96,0.01,323,12,35,0.5,1.6,0.343,398,408,116,399,434,463,463,463,282,185,185,459,448,448,371,413,322,459,283,378,454,457,431,391,363,368,99,72,72,461,425,421,444,444,438,2013-14
203552,Seth Curry,Seth,1610612739,CLE,23.0,2,1,1,0.5,6.5,80.6,88.9,88.9,85.6,88.5,88.5,-4.9,0.4,0.4,0.0,0.0,0.0,0.0,0.071,0.033,0.0,0.0,0.5,0.5,0.103,0.101,105.24,98.48,82.06,98.48,0.086,27,1,3,0.5,1.5,0.333,470,462,8,237,444,475,462,462,4,9,9,326,202,202,466,462,466,459,427,469,1,1,201,324,455,462,8,110,110,240,467,470,447,448,441,2013-14
203498,Shabazz Muhammad,Shabazz,1610612750,MIN,21.0,37,21,16,0.568,7.8,98.2,97.6,97.6,112.1,110.7,110.7,-13.9,-13.0,-13.0,0.038,0.38,3.7,0.075,0.094,0.084,9.9,9.8,0.472,0.505,0.222,0.232,96.92,97.84,81.53,97.84,0.08,592,57,124,1.5,3.4,0.46,347,284,127,181,423,389,397,397,458,447,447,453,446,446,433,439,460,117,331,234,173,166,306,310,112,90,191,140,140,273,343,351,333,346,170,2013-14
2203,Shane Battier,Shane,1610612748,MIA,35.0,73,49,24,0.671,20.1,109.8,110.4,110.4,101.4,103.1,103.1,8.5,7.2,7.2,0.057,3.0,17.1,0.027,0.076,0.053,5.7,5.7,0.515,0.523,0.098,0.099,94.56,93.53,77.94,93.53,0.043,2854,105,275,1.4,3.8,0.382,136,42,209,79,224,46,46,46,132,189,189,38,50,50,384,19,159,274,418,366,22,22,152,251,461,463,337,393,393,424,282,266,347,326,396,2013-14
202197,Shane Edwards,Shane,1610612739,CLE,27.0,2,0,2,0.0,5.9,82.4,78.3,78.3,110.0,104.0,104.0,-27.6,-25.7,-25.7,0.0,0.0,0.0,0.083,0.1,0.091,25.0,25.0,0.333,0.333,0.154,0.161,92.76,97.9,81.59,97.9,-0.02,23,1,3,0.5,1.5,0.333,470,473,13,473,454,474,475,475,434,223,223,476,473,473,466,462,466,96,303,204,473,474,459,461,325,321,428,139,139,476,467,470,447,448,441,2013-14
203499,Shane Larkin,Shane,1610612742,DAL,21.0,48,26,22,0.542,10.2,106.2,103.6,103.6,100.8,97.4,97.4,5.4,6.2,6.2,0.208,1.82,27.6,0.023,0.069,0.045,15.2,15.1,0.423,0.446,0.166,0.173,94.78,97.63,81.36,97.63,0.053,996,52,137,1.1,2.9,0.38,305,237,184,205,382,118,221,221,112,41,41,85,69,69,95,131,50,312,436,423,404,402,418,420,284,262,320,151,151,397,356,341,389,377,403,2013-14
200769,Shannon Brown,Shannon,1610612752,NYK,28.0,29,19,10,0.655,8.7,99.2,95.3,95.3,107.1,105.6,105.6,-7.9,-10.3,-10.3,0.059,0.5,8.8,0.029,0.084,0.057,17.6,17.6,0.364,0.419,0.162,0.17,97.32,99.9,83.25,99.9,0.024,514,24,66,0.8,2.3,0.364,372,306,74,99,411,366,426,426,344,297,297,389,426,426,374,421,369,265,376,338,443,443,450,441,295,278,159,75,75,455,403,398,421,410,422,2013-14
2733,Shaun Livingston,Shaun,1610612751,BKN,28.0,76,42,34,0.553,26.0,105.5,105.7,105.7,103.2,104.1,104.1,2.3,1.6,1.6,0.201,2.33,26.5,0.038,0.097,0.068,11.4,11.4,0.484,0.551,0.161,0.163,92.31,91.86,76.55,91.86,0.099,3779,235,487,3.1,6.4,0.483,115,107,326,192,157,144,139,139,206,226,226,150,172,172,99,60,62,222,317,279,266,268,260,152,307,310,447,451,451,151,168,183,207,216,113,2013-14
101183,Shavlik Randolph,Shavlik,1610612756,PHX,30.0,14,8,6,0.571,6.8,111.6,110.5,110.5,90.4,89.4,89.4,21.2,21.2,21.2,0.014,0.2,4.0,0.08,0.178,0.133,20.0,20.1,0.5,0.531,0.109,0.112,94.55,95.55,79.62,95.55,0.055,190,7,14,0.5,1.0,0.5,427,405,44,174,439,20,43,43,8,13,13,6,5,5,462,455,458,103,91,91,460,460,201,223,451,454,340,288,288,387,436,446,447,457,85,2013-14
1890,Shawn Marion,Shawn,1610612742,DAL,36.0,76,44,32,0.579,31.7,107.5,106.8,106.8,107.5,109.2,109.2,0.0,-2.4,-2.4,0.076,1.31,12.9,0.058,0.153,0.107,9.9,9.9,0.523,0.537,0.155,0.158,96.11,95.66,79.72,95.66,0.093,4792,341,708,4.5,9.3,0.482,115,93,296,171,80,88,104,104,363,425,425,213,272,272,312,225,259,163,168,160,174,177,129,198,321,327,240,276,276,189,99,109,112,123,114,2013-14
200761,Shawne Williams,Shawne,1610612747,LAL,28.0,36,14,22,0.389,20.9,102.5,102.7,102.7,100.9,100.3,100.3,1.6,2.4,2.4,0.058,1.43,11.9,0.032,0.172,0.104,8.3,8.3,0.49,0.503,0.13,0.132,98.63,98.84,82.37,98.84,0.066,1540,73,192,2.0,5.3,0.38,351,356,184,329,211,262,261,261,114,94,94,171,156,156,383,197,283,251,110,166,78,80,238,315,407,409,92,101,101,349,318,302,286,261,401,2013-14
202714,Shelvin Mack,Shelvin,1610612737,ATL,24.0,73,33,40,0.452,20.4,104.0,103.7,103.7,105.4,105.2,105.2,-1.5,-1.5,-1.5,0.288,3.04,30.3,0.015,0.096,0.055,10.0,10.0,0.479,0.51,0.187,0.191,96.42,96.63,80.53,96.63,0.096,2998,209,501,2.9,6.9,0.417,136,167,389,287,219,206,214,214,291,281,281,252,250,250,41,14,32,394,322,345,176,179,274,288,204,209,221,224,224,167,192,176,218,201,318,2013-14
203524,Solomon Hill,Solomon,1610612754,IND,23.0,28,17,11,0.607,8.1,102.8,103.0,103.0,100.7,100.2,100.2,2.1,2.8,2.8,0.078,0.92,17.6,0.039,0.137,0.088,19.1,19.1,0.513,0.545,0.111,0.114,92.63,92.77,77.31,92.77,0.066,436,17,40,0.6,1.4,0.425,376,324,83,129,420,248,244,244,102,91,91,158,144,144,308,335,148,215,199,219,453,453,158,165,448,448,434,424,424,350,413,415,439,450,291,2013-14
200780,Solomon Jones,Solomon,1610612753,ORL,29.0,11,2,9,0.182,7.7,94.0,90.2,90.2,105.4,106.4,106.4,-11.4,-16.2,-16.2,0.039,1.0,8.7,0.092,0.101,0.096,8.7,8.8,0.353,0.373,0.106,0.112,95.69,97.18,80.99,97.19,0.016,174,6,17,0.5,1.5,0.353,435,444,70,457,426,444,458,458,290,328,328,433,454,454,430,299,373,78,298,185,95,102,457,458,453,455,264,177,177,459,440,439,444,446,433,2013-14
201150,Spencer Hawes,Spencer,1610612739,CLE,26.0,80,26,54,0.325,30.9,99.4,100.6,100.6,108.6,110.2,110.2,-9.2,-9.6,-9.6,0.152,1.39,17.6,0.051,0.203,0.128,12.7,12.7,0.529,0.554,0.194,0.196,100.47,99.2,82.67,99.2,0.111,5107,403,883,5.0,11.0,0.456,52,237,461,393,92,354,325,325,409,439,439,407,419,419,144,205,151,176,55,103,325,325,117,139,177,188,51,93,93,104,66,65,95,93,183,2013-14
201939,Stephen Curry,Stephen,1610612744,GSW,26.0,78,50,28,0.641,36.5,109.7,110.6,110.6,100.3,101.0,101.0,9.4,9.6,9.6,0.372,2.27,26.9,0.016,0.097,0.058,11.9,11.8,0.566,0.61,0.275,0.281,98.86,98.15,81.79,98.15,0.164,5826,652,1383,8.4,17.7,0.471,89,38,260,110,9,47,42,42,89,112,112,29,27,27,9,68,59,373,316,328,287,284,41,23,18,19,82,123,123,9,6,6,8,7,142,2013-14
1536,Stephen Jackson,Stephen,1610612746,LAC,36.0,9,6,3,0.667,11.9,104.5,103.7,103.7,93.2,91.8,91.8,11.3,11.9,11.9,0.071,0.83,12.8,0.02,0.087,0.053,15.4,15.5,0.25,0.27,0.14,0.142,97.08,98.22,81.85,98.22,-0.011,218,6,26,0.7,2.9,0.231,441,419,23,83,357,182,218,218,15,17,17,14,14,14,328,357,261,332,358,367,406,409,465,467,368,376,178,120,120,473,440,430,437,375,465,2013-14
2581,Steve Blake,Steve,1610612744,GSW,34.0,55,31,24,0.564,27.2,99.3,99.2,99.2,104.2,104.4,104.4,-4.9,-5.2,-5.2,0.303,3.01,39.3,0.008,0.092,0.051,13.1,13.1,0.489,0.508,0.138,0.14,99.08,99.06,82.55,99.06,0.088,3086,133,353,2.4,6.4,0.377,265,185,209,187,141,362,359,359,237,242,242,325,338,338,34,18,11,446,335,379,338,338,240,291,380,386,76,95,95,229,255,229,256,215,408,2013-14
959,Steve Nash,Steve,1610612747,LAL,40.0,15,4,11,0.267,20.8,98.4,99.1,99.1,107.7,108.2,108.2,-9.3,-9.1,-9.1,0.428,2.77,38.7,0.012,0.076,0.043,14.0,14.0,0.426,0.488,0.184,0.186,103.64,103.03,85.86,103.03,0.09,669,36,94,2.4,6.3,0.383,422,431,83,427,212,385,362,362,370,392,392,411,412,412,5,31,12,420,411,441,373,373,413,361,213,226,10,17,17,218,371,370,258,221,394,2013-14
200779,Steve Novak,Steve,1610612761,TOR,31.0,54,28,26,0.519,10.0,106.3,105.4,105.4,105.6,103.2,103.2,0.7,2.2,2.2,0.038,2.6,7.9,0.014,0.098,0.054,3.0,3.0,0.589,0.599,0.12,0.125,95.17,96.64,80.54,96.64,0.071,1112,60,146,1.1,2.7,0.411,273,212,235,226,384,116,150,150,298,194,194,198,158,158,432,41,399,397,312,356,14,14,27,40,427,422,290,223,223,326,339,333,385,385,342,2013-14
203500,Steven Adams,Steven,1610612760,OKC,20.0,81,59,22,0.728,14.8,107.0,106.3,106.3,103.2,103.7,103.7,3.8,2.6,2.6,0.05,0.61,11.9,0.123,0.157,0.14,19.7,19.8,0.503,0.541,0.114,0.116,96.99,97.06,80.88,97.06,0.052,2418,93,185,1.1,2.3,0.503,30,4,184,33,316,103,115,115,203,212,212,122,148,148,404,399,282,12,154,69,458,459,195,182,442,444,186,191,191,398,295,309,381,409,82,2013-14
201959,Taj Gibson,Taj,1610612741,CHI,29.0,82,48,34,0.585,28.7,101.0,101.7,101.7,97.4,98.1,98.1,3.6,3.6,3.6,0.075,0.61,7.2,0.088,0.147,0.118,11.9,11.9,0.479,0.524,0.227,0.232,92.01,91.32,76.1,91.32,0.117,4462,429,896,5.2,10.9,0.479,2,50,326,160,119,317,297,297,38,54,54,128,121,121,316,398,413,89,178,117,290,290,275,241,96,94,455,463,463,84,54,61,86,95,123,2013-14
2419,Tayshaun Prince,Tayshaun,1610612763,MEM,34.0,76,46,30,0.605,25.6,101.7,103.2,103.2,101.0,101.8,101.8,0.7,1.5,1.5,0.09,2.9,17.5,0.017,0.11,0.063,6.0,6.0,0.427,0.438,0.134,0.136,90.98,89.95,74.95,89.95,0.065,3647,200,492,2.6,6.5,0.407,115,78,279,130,161,287,238,238,117,139,139,196,175,175,260,26,154,367,268,298,27,27,410,429,395,399,467,475,475,356,197,181,238,213,350,2013-14
203093,Terrence Jones,Terrence,1610612745,HOU,22.0,76,51,25,0.671,27.3,109.9,109.9,109.9,105.8,107.3,107.3,4.1,2.6,2.6,0.067,1.23,9.1,0.082,0.167,0.127,7.5,7.4,0.564,0.577,0.181,0.185,97.77,97.09,80.91,97.09,0.122,4209,386,712,5.1,9.4,0.542,115,32,221,81,139,42,51,51,299,355,355,116,147,147,340,244,359,99,119,105,46,46,45,81,224,229,132,187,187,66,76,106,92,120,36,2013-14
203082,Terrence Ross,Terrence,1610612761,TOR,23.0,81,47,34,0.58,26.7,107.5,108.2,108.2,103.5,105.2,105.2,4.0,3.0,3.0,0.06,0.9,8.2,0.02,0.099,0.06,9.1,9.2,0.531,0.553,0.183,0.186,95.0,93.91,78.26,93.91,0.075,4225,318,751,3.9,9.3,0.423,30,68,326,168,151,86,76,76,216,282,282,119,142,142,367,340,385,333,308,318,127,128,111,145,217,222,304,378,378,289,117,96,143,126,297,2013-14
200757,Thabo Sefolosha,Thabo,1610612760,OKC,30.0,61,44,17,0.721,26.0,105.8,105.7,105.7,101.0,101.9,101.9,4.8,3.9,3.9,0.082,1.71,18.1,0.034,0.102,0.07,10.6,10.6,0.485,0.517,0.117,0.119,97.97,97.62,81.35,97.62,0.069,3219,141,340,2.3,5.6,0.415,239,93,136,39,158,134,138,138,122,141,141,97,113,113,294,149,143,239,295,269,215,216,253,269,435,437,116,155,155,331,247,237,263,253,331,2013-14
201152,Thaddeus Young,Thaddeus,1610612755,PHI,26.0,79,18,61,0.228,34.4,97.4,99.2,99.2,109.0,110.1,110.1,-11.6,-10.9,-10.9,0.114,1.1,10.5,0.056,0.115,0.084,9.5,9.5,0.489,0.512,0.239,0.241,101.84,100.39,83.65,100.39,0.101,5669,582,1283,7.4,16.2,0.454,75,313,479,444,39,406,358,358,415,438,438,438,430,430,202,274,322,165,250,235,147,148,239,284,67,69,23,60,60,138,12,13,20,17,194,2013-14
203080,Thomas Robinson,Thomas,1610612757,POR,23.0,70,47,23,0.671,12.5,104.2,104.0,104.0,108.9,109.0,109.0,-4.8,-4.9,-4.9,0.061,0.6,7.9,0.113,0.229,0.17,13.3,13.3,0.481,0.502,0.191,0.197,96.92,96.96,80.8,96.96,0.092,1763,141,293,2.0,4.2,0.481,176,68,198,78,349,197,205,205,414,419,419,318,325,325,359,402,398,27,31,23,345,344,267,317,190,184,190,197,197,194,247,261,288,302,116,2013-14
201168,Tiago Splitter,Tiago,1610612759,SAS,29.0,59,46,13,0.78,21.5,105.0,104.8,104.8,94.5,94.8,94.8,10.5,10.0,10.0,0.103,1.2,15.3,0.097,0.176,0.138,12.8,12.8,0.523,0.572,0.171,0.174,97.66,97.63,81.36,97.63,0.111,2589,181,346,3.1,5.9,0.523,251,78,102,13,208,161,174,174,21,28,28,20,22,22,222,250,195,65,98,77,327,327,127,94,253,259,136,152,152,100,213,233,210,238,54,2013-14
1495,Tim Duncan,Tim,1610612759,SAS,38.0,74,56,18,0.757,29.2,107.4,108.2,108.2,100.7,101.5,101.5,6.7,6.7,6.7,0.159,1.38,15.4,0.079,0.255,0.171,11.2,11.2,0.49,0.535,0.251,0.254,96.41,95.66,79.72,95.66,0.154,4306,444,906,6.0,12.2,0.49,128,12,146,24,112,91,73,73,103,129,129,62,60,60,135,207,194,107,15,18,254,256,235,202,43,46,222,277,277,20,50,57,55,69,105,2013-14
203501,Tim Hardaway Jr.,Tim,1610612752,NYK,22.0,81,37,44,0.457,23.2,103.3,103.0,103.0,109.3,109.0,109.0,-5.9,-6.0,-6.0,0.059,1.4,7.8,0.01,0.058,0.033,5.5,5.5,0.523,0.554,0.187,0.192,94.25,94.48,78.73,94.48,0.073,3716,294,687,3.6,8.5,0.428,30,140,418,284,190,231,243,243,422,421,421,354,358,358,371,204,401,434,464,470,20,21,130,140,202,203,360,343,343,309,129,116,158,152,280,2013-14
202389,Timofey Mozgov,Timofey,1610612743,DEN,27.0,82,36,46,0.439,21.6,104.5,105.5,105.5,103.5,104.5,104.5,0.9,1.0,1.0,0.055,0.51,7.3,0.094,0.187,0.141,14.4,14.5,0.527,0.584,0.186,0.188,100.75,99.78,83.15,99.78,0.11,3673,285,545,3.5,6.6,0.523,2,148,428,298,206,183,145,145,215,252,252,192,188,188,391,420,411,75,75,66,388,388,121,66,208,216,47,80,80,105,138,162,175,207,55,2013-14
202699,Tobias Harris,Tobias,1610612753,ORL,21.0,61,16,45,0.262,30.3,100.2,101.4,101.4,106.8,107.7,107.7,-6.6,-6.3,-6.3,0.077,1.05,8.4,0.047,0.187,0.115,8.0,7.9,0.486,0.542,0.218,0.222,95.45,94.49,78.74,94.49,0.116,3640,332,716,5.4,11.7,0.464,239,332,424,429,100,335,308,308,328,370,370,370,365,365,311,289,382,184,76,128,62,64,251,176,123,124,278,342,342,86,107,104,75,79,161,2013-14
201962,Toney Douglas,Toney,1610612748,MIA,28.0,51,33,18,0.647,13.2,103.2,102.0,102.0,102.4,102.3,102.3,0.8,-0.3,-0.3,0.157,2.0,22.1,0.028,0.109,0.068,11.1,11.1,0.466,0.493,0.161,0.166,93.59,94.23,78.52,94.23,0.057,1320,73,190,1.4,3.7,0.384,295,167,146,106,337,235,291,291,176,161,161,195,218,218,138,95,102,270,271,276,247,249,320,346,303,295,398,360,360,383,318,304,348,330,392,2013-14
2754,Tony Allen,Tony,1610612763,MEM,32.0,55,31,24,0.564,23.2,104.8,105.9,105.9,101.1,101.2,101.2,3.7,4.7,4.7,0.115,1.04,14.5,0.064,0.108,0.086,13.9,13.8,0.507,0.531,0.194,0.199,93.03,92.47,77.06,92.47,0.092,2450,204,413,3.7,7.5,0.494,265,185,209,187,189,168,129,129,123,119,119,125,97,97,200,292,216,143,272,227,370,368,180,221,178,178,421,436,436,195,195,207,154,185,101,2013-14
203183,Tony Mitchell,Tony,1610612749,MIL,24.0,3,0,3,0.0,3.3,124.7,122.2,122.2,121.7,111.1,111.1,3.1,11.1,11.1,0.2,0.0,16.7,0.167,0.0,0.071,0.0,0.0,0.6,0.6,0.238,0.242,83.89,88.62,73.85,88.62,0.163,18,3,5,1.0,1.7,0.6,463,473,23,473,474,6,6,6,474,453,453,141,17,17,100,462,165,3,474,265,1,1,21,37,69,68,479,477,477,10,452,465,397,437,12,2013-14
203502,Tony Mitchell,Tony,1610612765,DET,22.0,21,6,15,0.286,3.8,102.2,99.4,99.4,98.9,93.1,93.1,3.3,6.2,6.2,0.04,0.5,7.4,0.156,0.167,0.16,14.8,15.2,0.458,0.54,0.129,0.132,92.58,96.75,80.63,96.75,0.098,159,5,12,0.2,0.6,0.417,406,419,116,419,471,271,351,351,59,21,21,135,68,68,427,421,409,6,122,33,397,404,338,185,409,406,437,214,214,155,446,452,465,473,319,2013-14
2225,Tony Parker,Tony,1610612759,SAS,32.0,68,51,17,0.75,29.4,107.5,108.2,108.2,100.8,101.3,101.3,6.7,6.8,6.8,0.31,2.57,24.9,0.009,0.068,0.04,9.7,9.7,0.513,0.555,0.263,0.266,96.84,96.29,80.24,96.29,0.129,4006,456,914,6.7,13.4,0.499,192,32,136,28,111,87,78,78,108,123,123,60,57,57,31,42,76,443,441,458,158,159,157,134,31,35,195,246,246,47,42,56,34,51,93,2013-14
203503,Tony Snell,Tony,1610612741,CHI,22.0,77,46,31,0.597,16.0,95.7,95.7,95.7,99.9,100.4,100.4,-4.2,-4.7,-4.7,0.095,1.55,14.6,0.015,0.085,0.05,9.5,9.4,0.469,0.489,0.146,0.151,92.56,92.3,76.92,92.3,0.058,2363,129,336,1.7,4.4,0.384,101,78,285,147,297,431,419,419,79,96,96,302,319,319,246,180,214,383,367,380,141,141,315,359,351,348,438,441,441,380,261,239,315,297,393,2013-14
203100,Tony Wroten,Tony,1610612755,PHI,21.0,72,18,54,0.25,24.5,95.7,96.6,96.6,107.8,108.2,108.2,-12.1,-11.6,-11.6,0.21,1.06,15.8,0.036,0.087,0.061,14.9,14.9,0.452,0.493,0.271,0.275,102.1,101.5,84.58,101.5,0.083,3729,345,808,4.8,11.2,0.427,154,313,461,434,174,430,409,409,379,391,391,442,435,435,93,282,188,228,357,311,399,399,359,345,23,23,17,34,34,255,96,82,104,88,286,2013-14
203129,Tornike Shengelia,Tornike,1610612741,CHI,22.0,26,14,12,0.538,6.0,103.4,98.8,98.8,114.4,111.1,111.1,-11.0,-12.4,-12.4,0.141,1.17,24.6,0.026,0.088,0.055,21.1,20.9,0.464,0.46,0.117,0.127,94.79,98.45,82.04,98.45,0.019,320,13,28,0.5,1.1,0.464,380,356,93,209,452,227,369,369,467,453,453,428,441,441,158,259,79,286,355,351,464,464,323,406,434,419,318,112,112,457,423,428,447,456,157,2013-14
203315,Toure' Murry,Toure',1610612752,NYK,24.0,51,26,25,0.51,7.3,103.1,99.6,99.6,104.4,103.1,103.1,-1.3,-3.5,-3.5,0.215,1.44,21.3,0.036,0.08,0.059,14.8,14.8,0.453,0.479,0.209,0.218,96.67,98.98,82.48,98.98,0.067,765,56,129,1.1,2.5,0.434,295,237,221,233,432,238,344,344,244,187,187,250,294,294,91,196,110,230,389,324,396,397,355,378,142,131,202,96,96,339,346,344,387,393,254,2013-14
2566,Travis Outlaw,Travis,1610612758,SAC,29.0,63,22,41,0.349,16.9,100.5,100.6,100.6,105.1,104.8,104.8,-4.7,-4.3,-4.3,0.076,1.85,11.3,0.032,0.12,0.076,6.1,6.1,0.462,0.492,0.153,0.156,96.86,96.97,80.8,96.97,0.071,2146,130,326,2.1,5.2,0.399,224,274,395,368,282,329,326,326,276,267,267,314,306,306,314,126,305,249,235,254,28,28,330,349,328,332,194,196,196,321,258,245,284,266,366,2013-14
2772,Trevor Ariza,Trevor,1610612764,WAS,28.0,77,41,36,0.532,35.4,104.8,105.6,105.6,101.2,102.1,102.1,3.5,3.5,3.5,0.105,1.45,15.2,0.037,0.142,0.089,10.5,10.5,0.562,0.59,0.173,0.175,97.13,96.35,80.29,96.35,0.107,5466,389,853,5.1,11.1,0.456,101,115,355,216,24,169,140,140,127,154,154,129,123,123,213,194,199,226,185,213,206,208,48,52,247,255,173,242,242,115,73,71,94,92,185,2013-14
202344,Trevor Booker,Trevor,1610612764,WAS,26.0,72,36,36,0.5,21.6,105.6,106.3,106.3,106.9,107.2,107.2,-1.3,-1.0,-1.0,0.061,1.1,11.5,0.097,0.159,0.127,10.4,10.4,0.551,0.563,0.142,0.144,94.79,94.32,78.6,94.32,0.09,3040,222,403,3.1,5.6,0.551,154,148,355,237,207,142,116,116,334,351,351,247,236,236,362,273,298,67,146,106,200,199,62,120,365,371,317,351,351,208,183,213,208,250,31,2013-14
203504,Trey Burke,Trey,1610612762,UTA,21.0,70,24,46,0.343,32.3,104.2,105.3,105.3,110.7,111.2,111.2,-6.4,-5.9,-5.9,0.28,3.02,27.0,0.017,0.081,0.048,8.9,8.9,0.442,0.473,0.216,0.219,93.7,93.02,77.52,93.02,0.083,4385,341,897,4.9,12.8,0.38,176,254,428,373,66,192,155,155,450,455,455,367,357,357,43,15,57,372,388,392,114,111,386,386,128,128,392,418,418,258,99,59,102,62,402,2013-14
202684,Tristan Thompson,Tristan,1610612739,CLE,23.0,82,33,49,0.402,31.6,102.1,103.7,103.7,107.1,108.7,108.7,-4.9,-5.0,-5.0,0.044,0.67,6.6,0.099,0.193,0.144,9.9,9.9,0.477,0.528,0.173,0.175,95.2,93.78,78.15,93.78,0.098,5080,363,761,4.4,9.3,0.477,2,167,443,319,81,278,220,220,342,407,407,327,330,330,420,393,425,58,67,62,171,175,284,231,246,257,288,381,381,154,85,93,116,125,125,2013-14
203584,Troy Daniels,Troy,1610612745,HOU,22.0,5,3,2,0.6,15.0,126.7,126.7,126.7,104.8,106.1,106.1,22.0,20.6,20.6,0.114,1.67,12.8,0.0,0.057,0.028,7.7,7.7,0.677,0.677,0.2,0.206,94.93,94.33,78.61,94.33,0.088,146,15,31,3.0,6.2,0.484,455,434,13,135,315,5,4,4,261,315,315,5,6,6,203,162,261,459,466,475,53,55,5,6,158,155,310,350,350,230,420,426,212,224,112,2013-14
201951,Ty Lawson,Ty,1610612743,DEN,26.0,62,29,33,0.468,35.8,105.9,107.8,107.8,107.5,108.9,108.9,-1.6,-1.2,-1.2,0.369,2.72,31.3,0.017,0.076,0.046,11.5,11.6,0.475,0.554,0.224,0.225,101.71,100.15,83.46,100.15,0.13,4637,347,806,5.6,13.0,0.431,232,201,313,271,18,131,83,83,364,418,418,254,243,243,11,36,30,366,414,409,274,275,290,143,100,115,25,67,67,45,94,84,69,56,266,2013-14
201946,Tyler Hansbrough,Tyler,1610612761,TOR,28.0,64,38,26,0.594,15.3,100.8,102.1,102.1,100.8,101.9,101.9,0.0,0.2,0.2,0.029,0.36,5.0,0.118,0.178,0.147,13.8,13.8,0.474,0.562,0.144,0.148,95.78,94.7,78.91,94.7,0.09,1925,93,196,1.5,3.1,0.474,217,135,235,150,308,320,285,285,110,142,142,212,208,208,450,442,446,19,93,57,363,364,294,121,359,359,259,333,333,214,295,299,344,363,134,2013-14
203092,Tyler Zeller,Tyler,1610612739,CLE,24.0,70,27,43,0.386,15.0,100.9,100.8,100.8,101.3,101.5,101.5,-0.4,-0.7,-0.7,0.055,0.6,8.2,0.098,0.167,0.132,13.6,13.7,0.538,0.581,0.168,0.172,95.65,95.55,79.63,95.55,0.099,2094,156,290,2.2,4.1,0.538,176,224,411,331,314,319,322,322,128,130,130,220,230,230,390,401,389,62,126,94,358,359,94,71,267,271,267,287,287,149,233,262,268,306,43,2013-14
201936,Tyreke Evans,Tyreke,1610612740,NOP,24.0,72,32,40,0.444,28.2,104.4,104.2,104.2,108.7,109.8,109.8,-4.4,-5.6,-5.6,0.313,2.07,23.1,0.039,0.136,0.087,11.2,11.1,0.448,0.504,0.266,0.272,94.51,94.09,78.41,94.09,0.128,3983,391,897,5.4,12.5,0.436,154,177,389,292,130,189,195,195,412,435,435,308,347,347,25,84,94,218,202,223,255,254,375,312,26,26,343,370,370,48,71,59,76,65,248,2013-14
203116,Tyshawn Taylor,Tyshawn,1610612751,BKN,24.0,23,11,12,0.478,11.7,95.5,93.0,93.0,119.3,118.2,118.2,-23.8,-25.2,-25.2,0.242,1.16,20.8,0.011,0.048,0.028,17.9,18.1,0.357,0.427,0.222,0.231,94.21,95.93,79.94,95.93,0.027,542,31,91,1.3,4.0,0.341,393,385,93,266,360,433,443,443,472,475,475,473,471,471,70,261,114,427,472,474,446,446,455,436,110,96,362,264,264,451,382,374,358,315,440,2013-14
2199,Tyson Chandler,Tyson,1610612752,NYK,31.0,55,24,31,0.436,30.2,107.2,108.3,108.3,106.9,107.5,107.5,0.3,0.8,0.8,0.054,0.83,11.3,0.099,0.238,0.167,13.7,13.6,0.593,0.615,0.128,0.129,92.27,91.51,76.26,91.51,0.113,3163,191,322,3.5,5.9,0.593,265,254,285,300,102,94,70,70,336,363,363,205,192,192,396,360,303,60,24,25,359,358,25,20,412,414,449,458,458,95,207,246,177,239,16,2013-14
2617,Udonis Haslem,Udonis,1610612748,MIA,34.0,46,30,16,0.652,14.2,103.7,102.2,102.2,106.1,107.3,107.3,-2.4,-5.1,-5.1,0.032,0.54,6.4,0.071,0.231,0.15,11.9,11.9,0.507,0.523,0.137,0.142,92.0,92.09,76.74,92.09,0.073,1250,74,146,1.6,3.2,0.507,310,193,127,101,325,220,278,278,307,358,358,268,333,333,448,415,429,126,28,49,289,289,182,247,384,380,457,446,446,302,316,333,327,356,74,2013-14
203505,Vander Blue,Vander,1610612738,BOS,21.0,3,1,2,0.333,4.9,108.6,110.0,110.0,98.1,79.4,79.4,10.4,30.6,30.6,0.091,0.5,11.1,0.0,0.176,0.103,22.2,21.7,0.5,0.403,0.25,0.253,94.78,104.73,87.27,104.73,0.0,30,2,4,0.7,1.3,0.5,463,462,13,379,464,67,48,48,45,4,4,21,3,3,255,421,311,459,97,168,469,467,201,448,46,48,319,11,11,465,462,468,437,451,85,2013-14
203139,Viacheslav Kravtsov,Viacheslav,1610612756,PHX,26.0,20,13,7,0.65,3.0,86.8,79.4,79.4,119.2,115.5,115.5,-32.4,-36.1,-36.1,0.034,0.17,3.8,0.132,0.154,0.142,23.1,23.5,0.533,0.54,0.168,0.181,98.83,104.93,87.44,104.93,0.052,131,8,15,0.4,0.8,0.533,411,363,51,104,476,470,473,473,471,470,470,478,478,478,441,458,459,9,165,65,471,471,103,188,265,243,83,10,10,399,433,443,458,469,48,2013-14
201964,Victor Claver,Victor,1610612757,POR,25.0,21,13,8,0.619,8.7,109.8,105.4,105.4,100.5,99.5,99.5,9.4,6.0,6.0,0.094,1.09,17.1,0.052,0.14,0.101,15.7,15.8,0.44,0.502,0.141,0.147,93.84,96.27,80.22,96.27,0.072,369,17,42,0.8,2.0,0.405,406,363,62,120,408,45,148,148,92,76,76,30,75,75,247,279,158,173,191,174,415,415,394,322,366,360,385,247,247,319,413,412,423,422,355,2013-14
203506,Victor Oladipo,Victor,1610612753,ORL,22.0,80,23,57,0.288,31.1,97.8,98.6,98.6,102.7,104.1,104.1,-4.9,-5.6,-5.6,0.225,1.28,19.7,0.017,0.114,0.066,15.4,15.4,0.458,0.514,0.24,0.243,97.07,96.0,80.0,96.0,0.097,4976,392,936,4.9,11.7,0.419,52,264,468,417,87,396,377,377,191,227,227,324,344,344,82,233,128,362,253,284,409,408,338,280,65,67,179,257,257,162,70,53,100,81,311,2013-14
1713,Vince Carter,Vince,1610612742,DAL,37.0,81,49,32,0.605,24.4,107.6,106.0,106.0,104.6,102.5,102.5,3.0,3.6,3.6,0.17,1.96,17.4,0.034,0.113,0.073,8.9,8.9,0.497,0.539,0.223,0.229,95.88,97.63,81.36,97.63,0.098,4028,330,811,4.1,10.0,0.407,30,42,296,131,179,84,124,124,252,169,169,142,122,122,123,106,155,238,257,263,107,109,219,193,107,103,256,150,150,156,110,81,135,108,349,2013-14
203543,Vitor Faverani,Vitor,1610612738,BOS,26.0,37,13,24,0.351,13.2,92.6,92.7,92.7,101.9,101.5,101.5,-9.2,-8.9,-8.9,0.059,0.39,7.2,0.087,0.175,0.131,18.5,18.6,0.476,0.502,0.189,0.191,94.76,94.89,79.08,94.89,0.071,958,64,147,1.7,4.0,0.435,347,363,209,364,338,452,445,445,151,132,132,410,407,407,375,437,414,91,100,95,448,448,287,320,195,210,323,320,320,327,333,332,311,312,251,2013-14
201961,Wayne Ellington,Wayne,1610612742,DAL,26.0,45,23,22,0.511,8.7,108.0,104.7,104.7,111.3,109.0,109.0,-3.3,-4.3,-4.3,0.068,1.73,11.9,0.02,0.094,0.055,6.9,6.8,0.536,0.554,0.15,0.158,98.74,101.39,84.49,101.39,0.068,834,55,126,1.2,2.8,0.437,314,264,184,232,409,76,180,180,455,420,420,283,307,307,337,144,284,339,329,346,35,34,97,141,339,328,84,36,36,334,350,347,372,382,245,2013-14
202325,Wesley Johnson,Wesley,1610612747,LAL,26.0,79,27,52,0.342,28.4,101.0,101.7,101.7,108.6,108.8,108.8,-7.6,-7.1,-7.1,0.082,1.38,13.8,0.03,0.117,0.074,10.0,10.0,0.502,0.522,0.149,0.151,101.46,101.07,84.22,101.07,0.066,4699,277,651,3.5,8.2,0.425,75,224,448,376,123,316,299,299,410,410,410,385,378,378,292,212,239,256,242,258,183,182,196,253,341,347,31,44,44,348,140,129,167,160,289,2013-14
202083,Wesley Matthews,Wesley,1610612757,POR,27.0,82,54,28,0.659,33.9,109.6,111.1,111.1,104.7,105.7,105.7,4.9,5.4,5.4,0.109,1.79,13.6,0.018,0.082,0.05,7.6,7.6,0.541,0.588,0.193,0.196,97.51,96.45,80.37,96.45,0.094,5589,445,1009,5.4,12.3,0.441,2,18,260,91,44,49,35,35,257,298,298,95,86,86,208,137,248,361,383,383,51,51,86,58,183,191,143,233,233,184,49,42,77,67,225,2013-14
203115,Will Barton,Will,1610612757,POR,23.0,41,27,14,0.659,9.4,99.6,98.0,98.0,100.2,99.7,99.7,-0.7,-1.8,-1.8,0.149,1.83,14.9,0.039,0.136,0.089,8.1,8.1,0.449,0.488,0.21,0.216,96.6,97.64,81.37,97.64,0.107,785,65,156,1.6,3.8,0.417,331,224,109,91,395,351,392,392,87,83,83,227,256,256,147,129,207,214,200,216,68,70,370,360,137,136,209,149,149,114,332,327,328,323,319,2013-14
101198,Will Bynum,Will,1610612765,DET,31.0,56,17,39,0.304,18.8,101.2,101.8,101.8,106.8,107.5,107.5,-5.7,-5.6,-5.6,0.327,2.1,27.0,0.021,0.071,0.045,12.9,12.8,0.451,0.502,0.233,0.238,97.81,97.22,81.01,97.22,0.095,2141,184,430,3.3,7.7,0.428,261,324,379,411,254,313,295,295,332,361,361,343,350,350,23,80,56,322,427,419,331,329,360,321,79,78,129,173,173,176,210,202,190,179,281,2013-14
2584,Willie Green,Willie,1610612746,LAC,32.0,55,38,17,0.691,15.8,104.6,103.6,103.6,98.7,98.7,98.7,6.0,4.9,4.9,0.09,1.47,13.4,0.014,0.072,0.044,9.1,9.2,0.452,0.477,0.162,0.166,97.98,98.46,82.05,98.46,0.042,1781,102,271,1.9,4.9,0.376,265,135,136,60,299,176,225,225,50,60,60,77,94,94,262,189,252,398,426,435,125,130,356,380,298,297,115,111,111,430,283,270,302,273,410,2013-14
201163,Wilson Chandler,Wilson,1610612743,DEN,27.0,62,27,35,0.435,31.1,102.9,104.4,104.4,107.6,108.9,108.9,-4.7,-4.5,-4.5,0.093,1.44,11.4,0.028,0.119,0.073,7.9,7.9,0.499,0.526,0.193,0.195,100.81,99.49,82.91,99.49,0.077,3996,307,738,5.0,11.9,0.416,232,224,344,301,88,244,188,188,366,414,414,313,313,313,250,195,299,267,237,262,61,61,214,237,184,196,46,85,85,282,121,100,98,78,323,2013-14
202333,Xavier Henry,Xavier,1610612747,LAL,23.0,43,16,27,0.372,21.1,102.6,101.7,101.7,103.7,104.0,104.0,-1.1,-2.3,-2.3,0.09,0.89,9.6,0.026,0.091,0.058,10.7,10.7,0.458,0.511,0.223,0.227,101.19,101.48,84.57,101.48,0.072,1923,144,345,3.3,8.0,0.417,323,332,247,339,210,257,298,298,222,225,225,240,270,270,259,341,345,288,339,325,222,224,342,285,108,106,41,35,35,313,242,235,184,167,317,2013-14
2216,Zach Randolph,Zach,1610612763,MEM,32.0,79,49,30,0.62,34.2,104.7,106.6,106.6,103.2,103.6,103.6,1.5,3.0,3.0,0.124,1.09,11.5,0.102,0.211,0.156,10.6,10.6,0.468,0.51,0.258,0.261,91.65,90.59,75.49,90.59,0.128,5113,560,1198,7.1,15.2,0.467,75,42,279,118,40,174,107,107,204,210,210,173,141,141,178,278,295,48,50,37,211,215,318,290,36,38,464,470,470,49,16,20,24,29,151,2013-14
2585,Zaza Pachulia,Zaza,1610612749,MIL,30.0,53,10,43,0.189,25.0,101.6,102.5,102.5,110.2,108.9,108.9,-8.6,-6.4,-6.4,0.16,1.48,21.3,0.107,0.162,0.133,14.4,14.5,0.427,0.502,0.167,0.169,94.06,94.26,78.55,94.26,0.09,2594,149,349,2.8,6.6,0.427,281,393,411,455,167,293,270,270,439,413,413,398,366,366,134,186,109,33,138,88,389,390,409,319,270,282,371,357,357,209,238,232,224,209,287,2013-14
1630639,A.J. Lawson,A.J.,1610612742,DAL,23.0,42,27,15,0.643,7.4,109.9,106.6,106.6,106.2,105.3,105.3,3.7,1.2,1.2,0.089,1.43,12.1,0.039,0.105,0.072,8.5,8.5,0.5,0.519,0.18,0.188,105.42,107.53,89.61,107.53,0.076,701,54,121,1.3,2.9,0.446,341,231,168,105,486,314,407,407,67,75,75,157,214,214,372,393,445,255,361,334,215,215,383,425,220,217,28,33,33,358,378,373,429,441,303,2023-24
1631260,AJ Green,AJ,1610612749,MIL,24.0,56,35,21,0.625,11.0,115.2,114.0,114.0,111.2,110.5,110.5,4.0,3.5,3.5,0.068,2.5,12.3,0.015,0.089,0.053,4.9,4.9,0.599,0.617,0.15,0.158,98.18,98.96,82.47,98.96,0.068,1269,83,196,1.5,3.5,0.423,252,155,253,128,422,132,183,183,234,189,189,150,152,152,473,143,438,482,438,466,47,47,85,106,365,360,499,424,424,400,327,320,403,388,393,2023-24
1631100,AJ Griffin,AJ,1610612737,ATL,20.0,20,8,12,0.4,8.5,106.9,106.0,106.0,121.7,120.1,120.1,-14.8,-14.0,-14.0,0.041,0.63,6.6,0.011,0.108,0.055,10.5,10.5,0.371,0.382,0.167,0.175,105.7,106.84,89.03,106.84,0.017,381,18,62,0.9,3.1,0.29,439,423,138,385,469,411,424,424,549,536,536,528,520,520,544,527,542,519,337,453,381,385,530,534,282,272,23,35,35,544,447,434,478,424,541,2023-24
203932,Aaron Gordon,Aaron,1610612743,DEN,28.0,73,49,24,0.671,31.5,118.5,119.8,119.8,110.4,111.1,111.1,8.1,8.7,8.7,0.147,2.47,21.7,0.078,0.129,0.104,8.8,8.8,0.584,0.607,0.174,0.178,98.84,98.01,81.68,98.01,0.103,4697,398,716,5.5,9.8,0.556,99,29,282,75,83,50,45,45,197,218,218,71,62,62,211,158,169,108,240,171,244,244,120,135,241,255,458,501,501,179,78,114,97,130,77,2023-24
1628988,Aaron Holiday,Aaron,1610612745,HOU,27.0,78,39,39,0.5,16.3,111.0,110.5,110.5,108.0,107.6,107.6,3.0,2.9,2.9,0.157,2.64,22.1,0.017,0.075,0.045,8.4,8.3,0.547,0.578,0.158,0.165,101.82,102.24,85.2,102.24,0.078,2706,186,417,2.4,5.3,0.446,43,117,497,300,312,275,300,300,94,100,100,179,168,168,190,122,165,466,501,519,201,196,242,233,326,311,206,169,169,334,216,209,290,279,305,2023-24
1630174,Aaron Nesmith,Aaron,1610612754,IND,24.0,72,41,31,0.569,27.7,117.7,119.3,119.3,113.9,115.0,115.0,3.8,4.3,4.3,0.067,1.69,12.5,0.032,0.103,0.069,7.4,7.4,0.606,0.631,0.158,0.162,103.62,102.47,85.39,102.47,0.071,4249,315,635,4.4,8.8,0.496,108,97,406,227,134,63,55,55,363,403,403,154,134,134,479,328,431,310,368,354,139,135,77,74,324,337,83,157,157,381,132,133,148,149,158,2023-24
1630598,Aaron Wiggins,Aaron,1610612760,OKC,25.0,78,55,23,0.705,15.7,116.5,115.6,115.6,108.9,110.0,110.0,7.6,5.7,5.7,0.096,1.54,15.6,0.052,0.095,0.075,10.2,10.2,0.645,0.664,0.163,0.168,100.98,100.83,84.03,100.83,0.096,2556,212,377,2.7,4.8,0.562,43,14,272,50,323,89,131,131,126,167,167,80,104,104,351,367,345,192,409,311,358,359,37,41,295,296,281,275,275,217,199,224,246,305,71,2023-24
1641745,Adam Flagler,Adam,1610612760,OKC,24.0,2,2,0,1.0,7.0,116.0,109.7,109.7,110.5,109.7,109.7,5.4,0.0,0.0,0.364,0.0,36.4,0.0,0.0,0.0,0.0,0.0,0.214,0.214,0.212,0.223,102.87,106.16,88.47,106.16,0.013,31,1,7,0.5,3.5,0.143,555,511,1,1,493,107,329,329,205,154,154,114,251,251,9,541,22,545,557,561,1,1,554,561,135,128,127,40,40,548,550,541,528,388,558,2023-24
1641766,Adama Sanogo,Adama,1610612741,CHI,22.0,9,3,6,0.333,7.3,118.7,115.3,115.3,95.6,93.6,93.6,23.1,21.7,21.7,0.0,0.0,0.0,0.253,0.266,0.259,13.5,13.4,0.519,0.558,0.21,0.222,101.43,104.01,86.68,104.01,0.149,144,14,27,1.6,3.0,0.519,498,489,80,432,490,43,143,143,18,17,17,13,11,11,553,541,553,2,14,2,516,515,340,314,140,132,234,84,84,32,473,482,384,430,114,2023-24
1629678,Admiral Schofield,Admiral,1610612753,ORL,27.0,23,15,8,0.652,3.7,94.8,90.4,90.4,97.7,95.6,95.6,-2.9,-5.2,-5.2,0.163,1.4,17.9,0.035,0.149,0.094,12.8,12.9,0.5,0.484,0.167,0.175,98.38,101.85,84.88,101.85,0.063,177,10,26,0.4,1.1,0.385,420,347,110,98,539,535,541,541,23,20,20,334,372,372,179,398,271,288,172,198,501,501,383,479,282,267,487,202,202,435,487,484,543,534,475,2023-24
201143,Al Horford,Al,1610612738,BOS,38.0,65,51,14,0.785,26.8,120.5,120.9,120.9,108.7,109.5,109.5,11.8,11.4,11.4,0.124,3.5,25.9,0.048,0.178,0.116,7.4,7.4,0.64,0.65,0.119,0.122,99.27,98.77,82.31,98.77,0.105,3585,214,419,3.3,6.4,0.511,181,26,162,22,153,23,24,24,123,148,148,31,33,33,278,46,104,213,104,126,134,137,42,53,501,504,422,438,438,169,197,208,210,230,124,2023-24
202692,Alec Burks,Alec,1610612752,NYK,32.0,66,18,48,0.273,18.4,107.9,107.8,107.8,118.3,118.5,118.5,-10.4,-10.7,-10.7,0.115,1.83,11.4,0.019,0.103,0.06,6.2,6.2,0.478,0.536,0.234,0.244,100.67,100.63,83.86,100.63,0.087,2547,210,569,3.2,8.6,0.369,170,316,539,465,271,385,385,385,510,512,512,476,480,480,299,284,473,443,367,415,72,73,449,390,92,85,305,295,295,263,201,156,214,156,497,2023-24
1630197,Aleksej Pokusevski,Aleksej,1610612766,CHA,22.0,28,14,14,0.5,14.5,103.9,103.5,103.5,111.7,113.2,113.2,-7.8,-9.7,-9.7,0.132,1.84,18.0,0.042,0.173,0.108,9.8,9.8,0.479,0.525,0.172,0.177,98.27,97.8,81.5,97.8,0.095,829,49,121,1.8,4.3,0.405,399,361,162,300,346,475,477,477,260,314,314,429,464,464,255,283,267,244,116,152,324,331,445,411,255,258,495,514,514,220,386,373,354,331,435,2023-24
1627936,Alex Caruso,Alex,1610612741,CHI,30.0,71,34,37,0.479,28.7,111.6,110.9,110.9,109.9,110.6,110.6,1.7,0.3,0.3,0.167,2.42,26.4,0.031,0.103,0.067,10.9,10.9,0.593,0.613,0.146,0.149,99.19,99.21,82.67,99.21,0.089,4213,253,541,3.6,7.6,0.468,118,165,475,335,120,255,286,286,170,192,192,207,241,241,169,170,96,319,370,366,409,410,98,112,391,394,428,418,418,256,165,166,195,192,227,2023-24
1641788,Alex Fudge,Alex,1610612742,DAL,21.0,6,1,5,0.167,6.7,85.9,81.8,81.8,128.5,129.1,129.1,-42.6,-47.3,-47.3,0.0,0.0,0.0,0.087,0.029,0.062,11.1,11.2,0.433,0.472,0.176,0.189,101.55,103.84,86.53,103.84,0.052,88,6,15,1.0,2.5,0.4,525,538,64,530,495,557,556,556,562,563,563,563,567,567,553,541,553,83,553,399,419,425,498,489,233,216,225,87,87,494,515,520,460,458,442,2023-24
203458,Alex Len,Alex,1610612758,SAC,31.0,48,24,24,0.5,9.3,117.2,116.3,116.3,102.5,100.8,100.8,14.7,15.4,15.4,0.142,1.85,28.9,0.098,0.179,0.138,15.6,15.6,0.617,0.625,0.114,0.118,100.48,101.73,84.77,101.73,0.092,940,50,81,1.0,1.7,0.617,306,257,282,300,456,70,112,112,36,41,41,23,21,21,225,281,64,58,101,84,546,546,61,92,513,514,316,210,210,237,383,409,459,509,33,2023-24
1631214,Alondes Williams,Alondes,1610612748,MIA,25.0,7,5,2,0.714,2.2,62.5,57.9,57.9,116.5,110.5,110.5,-54.0,-52.6,-52.6,0.0,0.0,0.0,0.0,0.067,0.032,20.0,19.2,0.25,0.296,0.25,0.281,109.64,116.96,97.47,116.96,-0.067,38,2,8,0.3,1.1,0.25,518,466,28,46,568,569,569,569,473,191,191,568,568,568,553,541,553,545,521,551,559,559,551,551,60,38,8,4,4,568,541,538,553,533,547,2023-24
1630578,Alperen Sengun,Alperen,1610612745,HOU,21.0,63,29,34,0.46,32.5,112.0,113.9,113.9,111.8,113.2,113.2,0.2,0.8,0.8,0.248,1.93,19.4,0.086,0.193,0.139,10.1,10.1,0.553,0.585,0.27,0.273,100.66,99.22,82.68,99.22,0.149,4236,527,982,8.4,15.6,0.537,191,213,446,351,66,246,187,187,267,310,310,244,231,231,85,268,229,88,82,83,349,350,221,204,40,44,306,417,417,33,36,56,28,50,92,2023-24
1641735,Amari Bailey,Amari,1610612766,CHA,20.0,10,1,9,0.1,6.5,110.6,111.4,111.4,105.5,106.0,106.0,5.1,5.4,5.4,0.152,1.75,18.4,0.098,0.041,0.067,10.5,10.5,0.354,0.425,0.207,0.213,99.32,98.77,82.31,98.77,0.058,132,8,24,0.8,2.4,0.333,493,538,118,554,499,289,271,271,61,82,82,122,113,113,199,310,254,57,549,365,381,381,533,521,149,147,413,437,437,467,505,488,494,469,521,2023-24
1641708,Amen Thompson,Amen,1610612745,HOU,21.0,62,30,32,0.484,22.4,110.9,111.4,111.4,109.3,109.3,109.3,1.5,2.1,2.1,0.165,1.81,21.4,0.095,0.184,0.137,11.8,11.7,0.545,0.576,0.173,0.179,102.96,102.77,85.64,102.77,0.121,2965,239,446,3.9,7.2,0.536,200,201,425,331,214,278,270,270,140,140,140,210,197,197,175,291,177,66,96,87,460,457,248,242,247,249,119,141,141,101,175,197,173,203,94,2023-24
1629599,Amir Coffey,Amir,1610612746,LAC,27.0,70,46,24,0.657,20.9,114.8,114.6,114.6,117.4,118.0,118.0,-2.6,-3.4,-3.4,0.068,2.3,15.5,0.02,0.08,0.051,6.7,6.7,0.571,0.604,0.119,0.123,100.91,100.74,83.95,100.74,0.059,3071,166,352,2.4,5.0,0.472,128,52,282,92,235,150,164,164,495,502,502,324,345,345,474,191,349,424,485,481,96,94,160,138,504,500,288,285,285,461,232,240,291,290,215,2023-24
203083,Andre Drummond,Andre,1610612741,CHI,30.0,79,37,42,0.468,17.1,113.9,114.1,114.1,113.4,113.3,113.3,0.5,0.8,0.8,0.041,0.46,5.3,0.187,0.331,0.257,11.6,11.7,0.556,0.576,0.201,0.207,97.97,97.97,81.64,97.97,0.155,2760,267,480,3.4,6.1,0.556,30,139,515,346,295,188,182,182,337,315,315,240,230,230,543,537,547,4,2,3,449,451,217,243,161,160,514,505,505,24,160,184,205,245,76,2023-24
1641748,Andre Jackson Jr.,Andre,1610612749,MIL,22.0,57,33,24,0.579,10.0,114.6,112.3,112.3,119.8,119.6,119.6,-5.2,-7.3,-7.3,0.113,1.79,27.3,0.077,0.127,0.102,15.3,15.3,0.585,0.596,0.097,0.101,101.2,102.32,85.27,102.32,0.044,1220,50,100,0.9,1.8,0.5,241,173,282,210,444,163,244,244,536,533,533,377,415,415,305,298,81,115,246,179,543,543,114,170,548,545,260,165,165,510,383,395,484,505,139,2023-24
1641847,Andrew Funk,Andrew,1610612741,CHI,24.0,5,3,2,0.6,2.7,123.6,110.3,110.3,100.1,93.3,93.3,23.5,17.0,17.0,0.0,0.0,0.0,0.0,0.0,0.0,0.0,0.0,0.0,0.0,0.108,0.118,96.43,105.67,88.06,105.67,-0.045,29,0,4,0.0,0.8,0.0,536,489,28,170,560,13,302,302,27,16,16,12,17,17,553,541,553,545,557,561,1,1,561,563,527,511,548,47,47,565,561,554,561,556,561,2023-24
1629614,Andrew Nembhard,Andrew,1610612754,IND,24.0,68,41,27,0.603,25.0,115.1,116.1,116.1,113.0,114.0,114.0,2.1,2.2,2.2,0.208,2.77,30.2,0.021,0.06,0.041,10.9,10.9,0.557,0.573,0.161,0.163,102.72,101.82,84.85,101.82,0.075,3593,260,522,3.8,7.7,0.498,148,97,344,167,184,139,117,117,319,348,348,199,194,194,129,107,52,414,531,534,406,409,216,259,310,326,141,205,205,362,161,169,175,190,155,2023-24
203952,Andrew Wiggins,Andrew,1610612744,GSW,29.0,71,38,33,0.535,27.0,114.2,114.9,114.9,114.9,116.3,116.3,-0.7,-1.3,-1.3,0.087,1.37,11.1,0.055,0.105,0.08,8.1,8.1,0.511,0.544,0.206,0.21,101.97,101.06,84.22,101.06,0.078,4042,353,780,5.0,11.0,0.453,118,124,437,279,143,174,153,153,413,461,461,278,298,298,381,402,480,182,355,265,181,182,361,360,150,149,193,260,260,336,105,96,117,108,284,2023-24
1629014,Anfernee Simons,Anfernee,1610612757,POR,25.0,46,11,35,0.239,34.4,108.4,109.9,109.9,118.3,120.5,120.5,-9.9,-10.6,-10.6,0.268,2.02,19.8,0.013,0.097,0.053,9.8,9.7,0.523,0.568,0.276,0.283,99.45,97.9,81.58,97.9,0.111,3231,360,837,7.8,18.2,0.43,315,392,461,495,29,371,322,322,512,540,540,465,478,478,61,230,216,503,399,467,322,319,326,280,33,33,401,509,509,140,100,83,37,22,375,2023-24
1641710,Anthony Black,Anthony,1610612753,ORL,20.0,69,39,30,0.565,16.9,106.7,108.0,108.0,108.5,108.9,108.9,-1.8,-1.0,-1.0,0.108,1.63,21.2,0.029,0.093,0.061,13.0,13.0,0.54,0.56,0.123,0.125,100.89,100.09,83.4,100.09,0.054,2423,115,247,1.7,3.6,0.466,138,117,395,236,298,418,375,375,110,124,124,300,284,284,322,345,184,335,425,412,506,507,258,308,488,495,289,337,337,487,286,282,366,382,231,2023-24
203076,Anthony Davis,Anthony,1610612747,LAL,31.0,76,45,31,0.592,35.5,115.0,116.5,116.5,112.1,114.0,114.0,2.8,2.6,2.6,0.151,1.67,13.8,0.093,0.252,0.176,8.3,8.2,0.567,0.621,0.261,0.266,103.6,102.06,85.05,102.06,0.168,5743,713,1283,9.4,16.9,0.556,61,66,406,184,14,143,105,105,282,350,350,184,185,185,203,333,402,69,19,26,190,188,178,98,47,49,84,183,183,13,9,19,12,35,78,2023-24
1630162,Anthony Edwards,Anthony,1610612750,MIN,22.0,79,54,25,0.684,35.1,114.3,115.8,115.8,106.6,108.5,108.5,7.7,7.3,7.3,0.241,1.68,16.8,0.02,0.131,0.078,10.0,9.9,0.522,0.575,0.314,0.322,99.69,98.18,81.82,98.18,0.145,5675,718,1558,9.1,19.7,0.461,30,18,311,67,22,171,128,128,74,117,117,73,77,77,92,330,301,429,230,291,341,339,333,247,9,10,374,494,494,35,8,3,15,8,252,2023-24
1630264,Anthony Gill,Anthony,1610612764,WAS,31.0,50,9,41,0.18,9.3,113.4,113.3,113.3,113.1,112.1,112.1,0.2,1.2,1.2,0.098,1.48,14.5,0.078,0.117,0.098,9.8,9.9,0.5,0.537,0.177,0.18,103.53,104.03,86.69,104.03,0.074,1008,75,160,1.5,3.2,0.469,291,412,507,526,454,203,213,213,325,264,264,246,216,216,344,383,381,106,292,187,331,332,383,384,230,242,87,83,83,368,344,343,396,419,224,2023-24
1629717,Armoni Brooks,Armoni,1610612751,BKN,26.0,10,3,7,0.3,10.4,125.8,127.7,127.7,115.2,114.0,114.0,10.6,13.7,13.7,0.06,1.67,9.3,0.061,0.098,0.079,5.6,5.5,0.446,0.448,0.188,0.195,98.77,98.52,82.1,98.52,0.054,213,15,46,1.5,4.6,0.326,493,489,93,452,435,11,9,9,428,355,355,43,25,25,503,334,513,159,395,278,61,60,491,514,189,195,466,461,461,485,464,449,396,318,527,2023-24
1630204,Ashton Hagans,Ashton,1610612757,POR,24.0,19,3,16,0.158,16.6,102.7,105.3,105.3,108.5,106.5,106.5,-5.8,-1.1,-1.1,0.244,1.8,33.1,0.041,0.101,0.069,18.4,18.5,0.465,0.51,0.144,0.146,96.89,96.51,80.43,96.51,0.068,636,29,71,1.5,3.7,0.408,446,489,184,536,310,491,443,443,112,85,85,388,292,292,91,294,37,248,381,346,556,556,467,442,399,406,542,559,559,396,427,423,391,370,428,2023-24
1641709,Ausar Thompson,Ausar,1610612765,DET,21.0,63,10,53,0.159,25.1,107.1,107.7,107.7,112.5,113.1,113.1,-5.4,-5.3,-5.3,0.108,1.43,16.3,0.077,0.173,0.124,11.4,11.4,0.505,0.522,0.161,0.164,102.23,101.67,84.72,101.67,0.084,3329,232,480,3.7,7.6,0.483,191,403,555,535,180,406,387,387,297,305,305,381,375,375,317,393,315,109,117,109,435,439,377,416,306,318,173,214,214,283,185,184,180,193,188,2023-24
1630559,Austin Reaves,Austin,1610612747,LAL,26.0,82,47,35,0.573,32.1,113.9,114.6,114.6,114.3,115.6,115.6,-0.4,-1.0,-1.0,0.237,2.59,26.9,0.023,0.107,0.067,10.4,10.3,0.568,0.613,0.198,0.204,102.86,101.93,84.94,101.93,0.105,5590,457,940,5.6,11.5,0.486,2,45,461,222,73,190,167,167,382,435,435,267,291,291,95,129,87,399,342,368,374,372,171,111,169,169,128,195,195,170,59,64,92,101,179,2023-24
1630245,Ayo Dosunmu,Ayo,1610612741,CHI,24.0,76,37,39,0.487,29.1,111.3,111.6,111.6,113.6,114.9,114.9,-2.2,-3.3,-3.3,0.157,2.35,21.8,0.024,0.072,0.048,9.3,9.3,0.583,0.604,0.168,0.172,98.82,98.13,81.77,98.13,0.083,4520,360,719,4.7,9.5,0.501,61,139,497,329,114,265,264,264,340,401,401,314,339,339,189,185,168,390,512,503,282,284,122,140,271,282,461,495,495,286,100,112,134,136,138,2023-24
1628389,Bam Adebayo,Bam,1610612748,MIA,26.0,71,40,31,0.563,34.0,109.9,110.1,110.1,108.4,109.3,109.3,1.4,0.8,0.8,0.193,1.72,17.0,0.067,0.242,0.154,9.9,10.0,0.529,0.576,0.247,0.252,97.93,97.43,81.19,97.43,0.152,4909,530,1017,7.5,14.3,0.521,118,110,406,241,37,319,308,308,107,142,142,211,228,228,145,319,295,138,23,51,338,342,301,241,66,68,517,537,537,28,34,49,49,63,113,2023-24
1641767,Ben Sheppard,Ben,1610612754,IND,22.0,57,32,25,0.561,14.3,119.3,118.8,118.8,115.6,114.2,114.2,3.7,4.7,4.7,0.072,3.53,17.2,0.018,0.092,0.054,4.9,4.9,0.5,0.524,0.125,0.13,103.74,104.58,87.15,104.58,0.046,1768,90,229,1.6,4.0,0.393,241,183,311,246,351,38,58,58,440,359,359,159,129,129,453,45,291,454,429,459,45,46,383,413,476,471,79,67,67,503,316,296,381,351,462,2023-24
1627732,Ben Simmons,Ben,1610612751,BKN,27.0,15,7,8,0.467,23.9,109.9,109.6,109.6,112.5,113.0,113.0,-2.6,-3.4,-3.4,0.306,3.19,44.3,0.08,0.241,0.158,13.9,13.9,0.581,0.571,0.126,0.128,102.32,102.24,85.2,102.24,0.119,759,43,74,2.9,4.9,0.581,467,440,110,349,198,317,333,333,298,301,301,326,340,340,28,64,5,101,24,46,520,523,129,265,473,482,165,168,168,107,395,419,236,296,55,2023-24
1631097,Bennedict Mathurin,Bennedict,1610612754,IND,22.0,59,33,26,0.559,26.1,114.0,115.0,115.0,116.5,117.9,117.9,-2.5,-2.9,-2.9,0.105,1.23,12.2,0.038,0.113,0.075,10.0,9.9,0.507,0.562,0.226,0.232,104.9,103.79,86.49,103.79,0.087,3329,296,663,5.0,11.2,0.446,225,173,332,252,165,183,151,151,470,499,499,319,327,327,327,439,441,265,312,312,340,338,373,300,108,107,39,90,90,268,143,126,113,103,302,2023-24
1641731,Bilal Coulibaly,Bilal,1610612764,WAS,19.0,63,11,52,0.175,27.2,106.5,107.4,107.4,116.9,118.4,118.4,-10.3,-11.0,-11.0,0.086,1.26,16.1,0.031,0.116,0.072,12.7,12.7,0.509,0.543,0.139,0.143,104.45,103.33,86.11,103.33,0.057,3687,188,432,3.0,6.9,0.435,191,392,551,529,141,423,395,395,483,509,509,474,483,483,390,431,325,315,299,327,498,496,366,362,417,424,47,117,117,469,213,204,227,211,350,2023-24
202687,Bismack Biyombo,Bismack,1610612760,OKC,31.0,40,20,20,0.5,19.8,108.2,110.2,110.2,112.4,114.1,114.1,-4.3,-3.8,-3.8,0.087,1.26,21.1,0.076,0.179,0.128,16.7,16.8,0.565,0.562,0.106,0.107,101.31,99.64,83.04,99.64,0.065,1642,74,131,1.9,3.3,0.565,349,297,237,300,251,380,304,304,293,356,356,353,351,351,382,432,185,116,99,99,552,554,186,299,535,541,247,384,384,422,346,368,349,415,68,2023-24
1631104,Blake Wesley,Blake,1610612759,SAS,21.0,61,19,42,0.311,14.4,106.2,104.6,104.6,112.6,112.4,112.4,-6.4,-7.8,-7.8,0.257,3.02,35.2,0.019,0.084,0.051,11.7,11.7,0.502,0.537,0.144,0.149,102.82,103.71,86.42,103.71,0.069,1894,102,215,1.7,3.5,0.474,206,307,515,449,349,432,461,461,302,280,280,397,433,433,72,74,26,437,461,477,450,453,381,383,397,398,131,96,96,389,300,307,365,384,208,2023-24
1626246,Boban Marjanović,Boban,1610612745,HOU,35.0,14,9,5,0.643,5.1,105.6,101.9,101.9,116.9,115.3,115.3,-11.2,-13.4,-13.4,0.12,1.2,12.0,0.1,0.309,0.212,10.0,9.8,0.529,0.56,0.247,0.265,104.01,106.61,88.85,106.61,0.157,158,18,34,1.3,2.4,0.529,475,412,64,105,518,445,491,491,484,423,423,490,515,515,287,443,451,53,3,4,342,323,297,305,65,50,63,36,36,22,447,468,429,467,103,2023-24
1626171,Bobby Portis,Bobby,1610612749,MIL,29.0,82,49,33,0.598,24.5,115.8,115.9,115.9,114.6,116.0,116.0,1.2,-0.1,-0.1,0.078,1.14,8.9,0.071,0.228,0.15,7.8,7.8,0.562,0.581,0.224,0.23,101.14,100.49,83.74,100.49,0.122,4204,466,918,5.7,11.2,0.508,2,29,437,177,191,110,123,123,402,452,452,218,261,261,430,462,522,129,39,58,163,163,191,219,111,111,264,307,307,94,57,66,88,104,130,2023-24
203992,Bogdan Bogdanović,Bogdan,1610612737,ATL,31.0,79,35,44,0.443,30.4,115.3,116.3,116.3,114.3,114.4,114.4,1.0,1.9,1.9,0.147,2.21,16.2,0.021,0.092,0.055,7.3,7.3,0.537,0.569,0.218,0.224,101.8,101.32,84.43,101.32,0.092,5082,471,1100,6.0,13.9,0.428,30,155,528,364,94,129,111,111,386,373,373,224,201,201,212,203,321,419,428,449,130,132,266,273,129,126,208,242,242,236,56,36,80,67,384,2023-24
202711,Bojan Bogdanovic,Bojan,1610612752,NYK,35.0,57,20,37,0.351,25.9,109.3,109.9,109.9,120.4,121.3,121.3,-11.1,-11.4,-11.4,0.102,0.96,10.3,0.015,0.092,0.052,10.7,10.7,0.551,0.581,0.242,0.248,100.23,99.57,82.98,99.57,0.083,3068,309,681,5.4,11.9,0.454,241,297,475,422,167,345,321,321,540,548,548,486,494,494,337,493,492,488,430,469,398,396,231,218,72,74,331,390,390,291,133,121,98,89,279,2023-24
1629626,Bol Bol,Bol,1610612756,PHX,24.0,43,28,15,0.651,10.9,111.1,108.9,108.9,108.5,108.8,108.8,2.6,0.1,0.1,0.054,0.89,8.8,0.069,0.202,0.139,9.8,9.7,0.689,0.7,0.156,0.164,99.59,100.45,83.7,100.45,0.133,987,93,151,2.2,3.5,0.616,330,221,168,99,425,270,355,355,115,122,122,187,249,249,521,501,523,133,68,82,324,320,16,14,339,321,383,311,311,59,313,355,313,387,34,2023-24
1630538,Bones Hyland,Bones,1610612746,LAC,23.0,37,20,17,0.541,14.6,105.9,105.5,105.5,111.5,111.5,111.5,-5.6,-6.0,-6.0,0.269,2.11,23.3,0.009,0.088,0.049,11.0,11.1,0.474,0.49,0.241,0.247,99.62,99.78,83.15,99.78,0.081,1124,97,251,2.6,6.8,0.386,368,297,199,275,344,437,437,437,253,237,237,384,389,389,56,221,143,533,445,492,413,420,457,471,76,78,379,368,368,300,308,280,258,215,472,2023-24
203078,Bradley Beal,Bradley,1610612756,PHX,31.0,53,33,20,0.623,33.3,115.8,116.2,116.2,112.6,113.2,113.2,3.2,3.0,3.0,0.215,2.02,22.3,0.033,0.099,0.068,11.0,11.0,0.582,0.607,0.224,0.229,100.5,100.08,83.4,100.08,0.106,3682,377,735,7.1,13.9,0.513,278,173,237,135,52,113,116,116,301,308,308,171,167,167,115,231,159,302,389,358,412,414,127,134,115,115,313,338,338,164,92,107,57,68,121,2023-24
1641764,Brandin Podziemski,Brandin,1610612744,GSW,21.0,74,41,33,0.554,26.6,117.2,117.5,117.5,111.1,111.6,111.6,6.1,5.9,5.9,0.176,3.1,27.7,0.058,0.149,0.104,8.9,8.9,0.529,0.54,0.149,0.155,100.68,100.27,83.56,100.27,0.094,4120,271,597,3.7,8.1,0.454,87,97,437,262,156,71,80,80,228,242,242,106,98,98,160,69,76,165,171,169,252,252,298,374,369,371,303,324,324,224,157,147,182,176,277,2023-24
1630527,Brandon Boston,Brandon,1610612746,LAC,22.0,32,17,15,0.531,10.8,104.0,102.4,102.4,116.4,118.0,118.0,-12.5,-15.7,-15.7,0.06,0.54,6.1,0.05,0.093,0.071,11.2,11.3,0.447,0.476,0.24,0.246,100.32,100.4,83.67,100.4,0.046,723,65,161,2.0,5.0,0.404,385,331,168,285,429,474,489,489,468,501,501,508,532,532,502,531,544,204,426,337,426,427,488,486,78,79,324,317,317,502,359,341,323,289,437,2023-24
1629634,Brandon Clarke,Brandon,1610612763,MEM,27.0,6,2,4,0.333,22.4,100.1,100.7,100.7,105.2,104.6,104.6,-5.1,-3.9,-3.9,0.111,3.0,12.3,0.077,0.145,0.107,4.1,4.0,0.568,0.548,0.188,0.195,101.35,101.31,84.43,101.31,0.126,285,33,59,5.5,9.8,0.559,525,511,45,432,215,513,499,499,57,64,64,373,352,352,310,75,439,111,183,155,36,35,173,339,193,191,245,243,243,82,419,436,93,129,72,2023-24
1627742,Brandon Ingram,Brandon,1610612740,NOP,26.0,64,38,26,0.594,32.9,115.4,116.6,116.6,111.5,112.6,112.6,4.0,4.0,4.0,0.259,2.23,21.7,0.021,0.133,0.078,9.7,9.7,0.534,0.578,0.269,0.273,99.78,98.78,82.31,98.78,0.126,4327,500,1017,7.8,15.9,0.492,185,124,332,181,57,124,102,102,254,289,289,151,139,139,68,202,170,411,220,285,318,318,278,229,41,45,362,436,436,79,45,49,39,44,164,2023-24
1641706,Brandon Miller,Brandon,1610612766,CHA,21.0,74,18,56,0.243,32.2,107.7,108.9,108.9,117.8,119.1,119.1,-10.2,-10.2,-10.2,0.114,1.33,12.0,0.025,0.112,0.067,9.1,9.0,0.524,0.552,0.235,0.239,99.44,98.38,81.98,98.38,0.083,4879,476,1083,6.4,14.6,0.44,87,316,563,491,71,393,357,357,499,521,521,472,471,471,301,413,450,378,315,362,260,258,320,332,89,96,402,479,479,284,53,40,71,62,331,2023-24
1630314,Brandon Williams,Brandon,1610612742,DAL,24.0,17,10,7,0.588,6.6,93.9,91.9,91.9,114.3,113.6,113.6,-20.4,-21.7,-21.7,0.258,2.43,20.0,0.028,0.076,0.05,8.2,8.2,0.398,0.439,0.239,0.25,104.26,105.68,88.07,105.68,0.069,247,20,54,1.2,3.2,0.37,453,403,93,191,496,540,538,538,384,329,329,544,546,546,70,167,211,338,500,487,189,185,520,518,80,70,50,46,46,394,441,440,447,420,492,2023-24
1630296,Braxton Key,Braxton,1610612743,DEN,27.0,20,14,6,0.7,3.0,99.4,95.5,95.5,109.5,103.8,103.8,-10.1,-8.3,-8.3,0.231,9.0,30.0,0.049,0.242,0.146,3.3,3.3,0.471,0.536,0.148,0.161,101.55,106.43,88.69,106.43,0.143,133,7,17,0.4,0.9,0.412,439,361,80,52,555,518,526,526,149,53,53,469,439,439,99,3,53,210,22,66,28,28,460,391,378,344,223,39,39,41,512,513,547,555,422,2023-24
1641729,Brice Sensabaugh,Brice,1610612762,UTA,20.0,32,8,24,0.25,18.3,109.1,109.3,109.3,123.4,123.5,123.5,-14.3,-14.2,-14.2,0.134,1.17,16.3,0.027,0.151,0.088,13.9,13.9,0.468,0.511,0.201,0.207,101.6,101.44,84.54,101.44,0.065,1236,85,218,2.7,6.8,0.39,385,423,282,474,273,350,342,342,555,558,558,525,523,523,246,452,314,355,166,222,522,519,464,439,162,159,220,230,230,425,324,305,253,213,468,2023-24
201572,Brook Lopez,Brook,1610612749,MIL,36.0,79,48,31,0.608,30.5,116.2,117.1,117.1,110.7,111.9,111.9,5.5,5.2,5.2,0.071,1.61,12.5,0.049,0.11,0.081,7.8,7.7,0.583,0.608,0.156,0.158,103.09,102.16,85.13,102.16,0.083,5137,366,755,4.6,9.6,0.485,30,36,406,160,92,98,91,91,213,252,252,112,114,114,464,346,435,212,325,257,161,159,125,131,341,357,111,173,173,285,96,103,137,133,184,2023-24
1628971,Bruce Brown,Bruce,1610612761,TOR,27.0,67,26,41,0.388,27.8,114.2,115.6,115.6,119.4,121.4,121.4,-5.2,-5.8,-5.8,0.132,2.23,20.9,0.028,0.126,0.077,9.3,9.3,0.523,0.563,0.161,0.165,104.17,102.72,85.6,102.72,0.076,3993,278,582,4.1,8.7,0.478,166,241,507,398,131,176,136,136,529,549,549,375,384,384,257,201,191,337,254,300,290,289,327,297,309,316,54,142,142,356,151,151,156,154,202,2023-24
1628981,Bruno Fernando,Bruno,1610612737,ATL,25.0,45,20,25,0.444,15.2,107.2,107.5,107.5,113.9,113.9,113.9,-6.6,-6.4,-6.4,0.1,1.05,14.4,0.088,0.201,0.144,13.8,13.8,0.583,0.615,0.172,0.177,99.53,99.37,82.81,99.37,0.096,1410,109,187,2.4,4.2,0.583,323,297,311,359,335,405,389,389,357,346,346,400,396,396,341,475,385,78,71,71,517,517,124,110,258,257,390,406,406,212,290,328,286,340,53,2023-24
1631121,Bryce McGowens,Bryce,1610612766,CHA,21.0,59,11,48,0.186,14.9,104.0,103.3,103.3,115.8,116.3,116.3,-11.8,-13.0,-13.0,0.086,1.7,14.6,0.019,0.098,0.058,8.6,8.6,0.513,0.565,0.147,0.151,99.23,99.37,82.8,99.37,0.06,1829,101,230,1.7,3.9,0.439,225,392,539,520,339,472,479,479,453,462,462,500,508,508,389,326,378,441,394,429,223,228,357,290,382,384,427,407,407,450,302,295,359,359,335,2023-24
1631205,Buddy Boeheim,Buddy,1610612765,DET,24.0,10,0,10,0.0,8.4,117.0,114.2,114.2,103.6,104.0,104.0,13.5,10.2,10.2,0.054,0.0,8.3,0.034,0.073,0.054,0.0,0.0,0.448,0.509,0.161,0.171,98.73,99.71,83.09,99.71,0.057,176,9,29,0.9,2.9,0.31,493,560,130,560,473,72,177,177,44,57,57,24,46,46,522,541,529,296,510,456,1,1,485,443,308,289,467,375,375,472,497,479,478,439,532,2023-24
1627741,Buddy Hield,Buddy,1610612755,PHI,31.0,84,46,38,0.548,25.7,115.5,116.9,116.9,115.0,115.7,115.7,0.5,1.1,1.1,0.143,2.29,19.5,0.027,0.098,0.062,8.5,8.5,0.565,0.578,0.186,0.191,102.59,101.65,84.71,101.65,0.083,4579,371,850,4.4,10.1,0.436,1,52,488,266,170,121,95,95,414,439,439,236,217,217,221,195,222,353,393,398,217,214,185,227,202,205,147,216,216,288,95,77,147,121,346,2023-24
203468,CJ McCollum,CJ,1610612740,NOP,32.0,66,42,24,0.636,32.7,115.4,115.9,115.9,111.8,112.2,112.2,3.6,3.7,3.7,0.209,2.77,19.9,0.018,0.116,0.067,7.2,7.2,0.572,0.592,0.244,0.249,99.59,99.19,82.66,99.19,0.118,4474,484,1055,7.3,16.0,0.459,170,88,282,108,61,126,125,125,264,272,272,160,147,147,124,106,215,446,296,360,117,117,156,183,68,73,384,419,419,108,51,45,52,42,263,2023-24
1630595,Cade Cunningham,Cade,1610612765,DET,22.0,62,9,53,0.145,33.5,108.3,109.9,109.9,116.7,117.8,117.8,-8.4,-7.9,-7.9,0.359,2.19,23.8,0.016,0.115,0.064,10.9,10.8,0.5,0.546,0.298,0.305,101.99,100.77,83.97,100.77,0.126,4351,524,1167,8.5,18.8,0.449,200,412,555,541,48,376,318,318,477,495,495,439,435,435,11,207,132,476,303,381,408,403,383,352,16,17,191,283,283,83,38,31,27,16,297,2023-24
1631216,Caleb Houstan,Caleb,1610612753,ORL,21.0,59,31,28,0.525,13.8,109.7,109.4,109.4,110.0,111.2,111.2,-0.3,-1.8,-1.8,0.051,1.81,11.2,0.034,0.067,0.05,6.2,6.1,0.563,0.582,0.122,0.127,97.0,96.61,80.51,96.61,0.051,1641,80,206,1.4,3.5,0.388,225,193,361,292,363,327,340,340,182,228,228,266,306,306,531,289,474,297,520,485,71,70,188,214,491,488,539,558,558,495,334,312,420,392,471,2023-24
1628997,Caleb Martin,Caleb,1610612748,MIA,28.0,64,36,28,0.563,27.4,112.1,113.0,113.0,109.9,111.1,111.1,2.2,1.9,1.9,0.118,1.86,17.4,0.042,0.119,0.08,9.4,9.4,0.504,0.531,0.168,0.173,97.32,96.41,80.34,96.41,0.075,3527,241,559,3.8,8.7,0.431,185,146,361,243,137,243,221,221,171,217,217,197,200,200,291,279,284,241,284,268,295,293,379,402,272,276,530,562,562,363,173,161,177,152,370,2023-24
1629629,Cam Reddish,Cam,1610612747,LAL,24.0,48,27,21,0.563,20.5,109.3,109.7,109.7,111.8,112.5,112.5,-2.5,-2.8,-2.8,0.062,1.55,14.2,0.028,0.071,0.05,9.2,9.2,0.468,0.504,0.123,0.125,103.84,103.36,86.13,103.36,0.044,2123,91,234,1.9,4.9,0.389,306,231,253,243,239,342,328,328,268,286,286,321,322,322,495,363,391,348,517,489,273,277,463,450,489,496,74,115,115,509,315,289,341,301,470,2023-24
1630560,Cam Thomas,Cam,1610612751,BKN,22.0,66,23,43,0.348,31.4,110.7,111.5,111.5,116.0,116.7,116.7,-5.3,-5.2,-5.2,0.151,1.55,11.7,0.013,0.089,0.05,7.6,7.5,0.503,0.554,0.296,0.303,100.42,99.74,83.12,99.74,0.105,4321,526,1190,8.0,18.0,0.442,170,270,525,425,84,285,266,266,458,470,470,379,371,371,200,363,461,506,439,486,146,144,380,324,17,20,319,371,371,171,37,28,35,24,323,2023-24
1641715,Cam Whitmore,Cam,1610612745,HOU,19.0,47,19,28,0.404,18.7,109.6,110.6,110.6,112.2,111.6,111.6,-2.6,-1.0,-1.0,0.058,0.72,5.5,0.044,0.148,0.094,7.7,7.7,0.539,0.561,0.255,0.26,103.86,103.65,86.38,103.65,0.11,1897,212,467,4.5,9.9,0.454,312,307,361,384,265,331,298,298,283,241,241,325,287,287,510,518,545,232,174,201,158,156,264,303,55,59,70,99,99,147,199,191,143,126,276,2023-24
1629661,Cameron Johnson,Cameron,1610612751,BKN,28.0,58,21,37,0.362,27.6,110.8,111.5,111.5,115.1,114.9,114.9,-4.3,-3.4,-3.4,0.129,2.42,16.1,0.032,0.124,0.076,6.7,6.6,0.557,0.582,0.19,0.195,98.79,98.52,82.1,98.52,0.097,3297,276,619,4.8,10.7,0.446,232,289,475,416,136,281,265,265,420,400,400,354,341,341,266,171,324,312,262,306,90,89,210,215,185,193,464,459,459,210,152,140,133,114,308,2023-24
1626166,Cameron Payne,Cameron,1610612755,PHI,29.0,78,46,32,0.59,16.7,113.1,112.4,112.4,113.0,113.2,113.2,0.1,-0.8,-0.8,0.222,3.11,26.3,0.016,0.073,0.044,8.5,8.4,0.541,0.566,0.185,0.191,100.34,100.61,83.84,100.61,0.083,2738,208,481,2.7,6.2,0.432,43,52,425,189,305,208,243,243,320,307,307,248,277,277,107,68,99,478,509,526,212,210,257,284,205,206,323,296,296,290,202,183,252,241,365,2023-24
1627747,Caris LeVert,Caris,1610612739,CLE,29.0,68,38,30,0.559,28.8,113.5,113.9,113.9,110.0,111.2,111.2,3.5,2.8,2.8,0.258,2.96,25.1,0.02,0.121,0.071,8.5,8.5,0.487,0.524,0.224,0.229,100.45,99.71,83.09,99.71,0.107,4071,345,820,5.1,12.1,0.421,148,124,395,253,118,199,188,188,177,225,225,162,172,172,69,85,113,426,276,339,216,218,432,414,110,114,317,377,377,163,111,87,109,88,402,2023-24
1641717,Cason Wallace,Cason,1610612760,OKC,20.0,82,57,25,0.695,20.6,114.9,113.9,113.9,108.9,110.0,110.0,6.0,3.9,3.9,0.092,2.67,19.2,0.032,0.077,0.056,7.2,7.2,0.602,0.612,0.127,0.131,101.64,101.56,84.64,101.56,0.071,3574,217,442,2.6,5.4,0.491,2,4,311,60,237,147,189,189,128,169,169,107,140,140,364,116,231,307,497,441,120,123,81,117,468,469,216,222,222,382,195,199,256,276,165,2023-24
1626224,Cedi Osman,Cedi,1610612759,SAS,29.0,72,17,55,0.236,17.6,106.5,106.0,106.0,119.1,119.2,119.2,-12.6,-13.2,-13.2,0.131,2.53,20.8,0.018,0.122,0.068,8.2,8.2,0.591,0.601,0.146,0.15,104.11,104.29,86.9,104.29,0.077,2761,184,384,2.6,5.3,0.479,108,331,560,497,281,425,425,425,527,526,526,509,511,511,261,136,192,449,271,357,187,187,101,147,392,385,57,75,75,347,219,217,270,280,200,2023-24
1629646,Charles Bassey,Charles,1610612759,SAS,23.0,19,3,16,0.158,10.8,105.9,105.1,105.1,117.1,116.7,116.7,-11.2,-11.6,-11.6,0.136,1.4,26.9,0.102,0.265,0.178,19.2,19.1,0.725,0.739,0.11,0.115,105.11,105.69,88.08,105.69,0.116,455,29,40,1.5,2.1,0.725,446,489,184,536,428,439,451,451,487,471,471,489,495,495,242,398,88,51,15,22,558,558,4,4,524,520,33,45,45,120,427,456,391,487,2,2023-24
1629718,Charlie Brown Jr.,Charlie,1610612752,NYK,27.0,8,2,6,0.25,4.7,102.9,104.1,104.1,112.5,105.1,105.1,-9.5,-1.0,-1.0,0.0,0.0,0.0,0.025,0.027,0.026,16.7,16.7,0.3,0.3,0.145,0.143,94.47,97.2,81.0,97.2,-0.047,73,2,10,0.3,1.3,0.2,510,511,80,474,524,489,470,470,295,71,71,456,289,289,553,541,553,379,554,556,549,549,545,550,395,420,560,546,546,567,541,531,555,528,552,2023-24
1631096,Chet Holmgren,Chet,1610612760,OKC,22.0,82,57,25,0.695,29.4,118.0,118.2,118.2,109.4,109.2,109.2,8.6,9.0,9.0,0.112,1.53,14.3,0.056,0.198,0.132,9.3,9.3,0.598,0.632,0.21,0.216,102.74,102.8,85.67,102.8,0.133,5150,505,953,6.2,11.6,0.53,2,4,311,60,108,56,66,66,145,137,137,63,58,58,308,371,389,177,77,91,287,290,89,72,138,141,138,140,140,61,43,60,78,97,102,2023-24
1629002,Chimezie Metu,Chimezie,1610612765,DET,27.0,51,24,27,0.471,16.8,106.4,105.5,105.5,111.5,112.0,112.0,-5.1,-6.6,-6.6,0.08,0.88,12.4,0.05,0.177,0.115,14.0,14.0,0.561,0.61,0.162,0.168,100.07,100.26,83.55,100.26,0.1,1798,123,244,2.4,4.8,0.504,284,257,344,342,302,428,439,439,252,257,257,372,399,399,418,503,436,206,107,132,524,526,194,126,298,295,340,326,326,191,275,283,287,307,135,2023-24
1628449,Chris Boucher,Chris,1610612761,TOR,31.0,50,16,34,0.32,14.1,115.3,116.0,116.0,112.4,113.6,113.6,2.9,2.4,2.4,0.044,0.82,7.5,0.084,0.202,0.142,9.1,9.1,0.578,0.625,0.167,0.172,100.17,99.35,82.79,99.35,0.106,1456,110,217,2.2,4.3,0.507,291,343,446,446,355,128,121,121,294,331,331,181,191,191,540,507,540,89,67,79,268,264,134,91,277,280,334,408,408,165,289,306,310,329,132,2023-24
1630537,Chris Duarte,Chris,1610612758,SAC,27.0,59,35,24,0.593,12.2,110.4,110.4,110.4,113.7,113.5,113.5,-3.3,-3.1,-3.1,0.082,1.69,14.9,0.034,0.113,0.072,8.8,8.8,0.486,0.512,0.146,0.15,99.74,99.83,83.19,99.83,0.052,1487,80,210,1.4,3.6,0.381,225,155,282,182,394,298,301,301,342,322,322,339,331,331,413,327,368,295,311,333,247,250,433,434,393,386,365,363,363,493,334,309,420,383,480,2023-24
1641753,Chris Livingston,Chris,1610612749,MIL,20.0,21,13,8,0.619,4.3,110.2,102.5,102.5,119.8,116.8,116.8,-9.6,-14.3,-14.3,0.075,1.0,14.7,0.037,0.222,0.13,14.7,14.8,0.523,0.547,0.136,0.146,99.28,104.18,86.82,104.18,0.053,197,11,22,0.5,1.0,0.5,435,377,110,140,528,305,486,486,535,474,474,459,525,525,445,480,374,276,43,96,537,539,329,344,431,408,419,80,80,490,482,495,527,541,139,2023-24
101108,Chris Paul,Chris,1610612744,GSW,39.0,58,33,25,0.569,26.4,114.1,113.7,113.7,109.6,111.0,111.0,4.5,2.8,2.8,0.342,5.17,41.1,0.011,0.126,0.07,7.9,7.9,0.525,0.544,0.154,0.16,100.14,99.68,83.06,99.68,0.116,3189,206,467,3.6,8.1,0.441,232,173,311,229,159,179,195,195,153,213,213,139,174,174,13,12,10,518,249,343,170,170,319,359,351,349,336,380,380,116,205,191,197,177,324,2023-24
1631128,Christian Braun,Christian,1610612743,DEN,23.0,82,57,25,0.695,20.2,109.8,110.0,110.0,109.0,109.3,109.3,0.8,0.7,0.7,0.109,2.4,18.1,0.046,0.126,0.087,7.5,7.5,0.525,0.554,0.152,0.157,99.13,98.91,82.43,98.91,0.084,3394,222,483,2.7,5.9,0.46,2,4,311,60,243,322,313,313,132,141,141,230,232,232,316,173,265,222,256,229,145,147,316,325,360,363,434,428,428,281,190,182,249,253,259,2023-24
1626174,Christian Wood,Christian,1610612747,LAL,28.0,50,28,22,0.56,17.4,110.5,109.9,109.9,108.6,109.9,109.9,1.8,0.0,0.0,0.079,0.98,12.1,0.048,0.226,0.144,12.3,12.4,0.532,0.568,0.173,0.179,102.03,101.73,84.78,101.73,0.101,1849,123,264,2.5,5.3,0.466,291,221,262,250,284,297,319,319,118,162,162,202,250,250,424,491,446,215,41,72,486,486,289,275,246,247,189,209,209,188,275,276,282,281,229,2023-24
1629643,Chuma Okeke,Chuma,1610612753,ORL,25.0,47,24,23,0.511,9.2,101.4,99.5,99.5,107.3,106.8,106.8,-6.0,-7.3,-7.3,0.076,1.25,13.2,0.039,0.145,0.089,10.6,10.6,0.46,0.465,0.131,0.136,96.4,97.51,81.25,97.51,0.066,874,40,112,0.9,2.4,0.357,312,257,272,298,458,508,509,509,85,90,90,390,412,412,439,433,417,262,184,215,389,389,477,499,455,449,549,532,532,419,399,382,488,472,507,2023-24
203991,Clint Capela,Clint,1610612737,ATL,30.0,73,33,40,0.452,25.8,114.2,115.5,115.5,115.4,115.6,115.6,-1.2,-0.1,-0.1,0.067,1.23,10.4,0.157,0.232,0.192,8.5,8.5,0.571,0.59,0.167,0.169,102.44,101.78,84.82,101.78,0.121,3987,353,618,4.8,8.5,0.571,99,173,501,356,169,177,137,137,431,433,433,286,259,259,480,438,489,10,35,12,211,213,159,189,280,293,159,206,206,97,105,141,127,160,64,2023-24
1629632,Coby White,Coby,1610612741,CHI,24.0,79,37,42,0.468,36.5,114.2,115.0,115.0,114.5,115.8,115.8,-0.2,-0.7,-0.7,0.204,2.44,21.4,0.015,0.11,0.062,8.8,8.8,0.534,0.57,0.224,0.228,98.43,97.52,81.27,97.52,0.099,5857,541,1209,6.8,15.3,0.447,30,139,515,346,7,175,150,150,393,441,441,262,276,276,132,164,176,481,330,395,241,245,279,267,114,117,484,531,531,200,31,27,61,53,300,2023-24
1628998,Cody Martin,Cody,1610612766,CHA,28.0,28,7,21,0.25,26.9,105.6,106.5,106.5,115.5,117.0,117.0,-9.9,-10.5,-10.5,0.192,2.36,27.6,0.024,0.124,0.072,11.7,11.7,0.444,0.46,0.157,0.161,99.09,98.04,81.7,98.04,0.066,1540,82,215,2.9,7.7,0.381,399,440,253,474,150,444,411,411,435,478,478,464,477,477,147,181,78,386,263,331,452,450,492,506,330,345,439,499,499,415,329,307,231,189,479,2023-24
203469,Cody Zeller,Cody,1610612740,NOP,31.0,43,26,17,0.605,7.4,115.6,114.3,114.3,108.6,108.0,108.0,7.0,6.3,6.3,0.149,2.44,29.1,0.133,0.185,0.158,11.9,12.0,0.427,0.483,0.116,0.12,104.06,104.95,87.46,104.95,0.075,700,26,62,0.6,1.4,0.419,330,241,199,164,483,119,173,173,117,109,109,86,94,94,205,165,62,14,95,45,466,468,505,480,509,509,62,59,59,364,435,434,516,523,403,2023-24
1641732,Colby Jones,Colby,1610612758,SAC,22.0,30,15,15,0.5,6.4,107.8,104.8,104.8,104.7,103.3,103.3,3.1,1.5,1.5,0.159,2.0,19.0,0.076,0.12,0.097,9.5,9.4,0.408,0.422,0.178,0.189,97.42,99.51,82.93,99.51,0.053,399,28,71,0.9,2.4,0.394,396,347,168,300,500,388,459,459,51,49,49,175,206,206,186,238,237,117,278,189,305,302,514,523,227,215,527,393,393,488,432,423,475,474,459,2023-24
1630175,Cole Anthony,Cole,1610612753,ORL,24.0,81,47,34,0.58,22.4,111.5,112.6,112.6,109.0,110.0,110.0,2.5,2.6,2.6,0.2,1.87,19.4,0.036,0.14,0.088,10.3,10.3,0.496,0.545,0.232,0.238,98.38,97.46,81.22,97.46,0.109,3696,332,763,4.1,9.4,0.435,18,45,446,207,213,260,232,232,129,168,168,188,184,184,137,278,228,281,195,223,370,371,410,354,99,98,486,536,536,156,118,101,157,137,352,2023-24
1631306,Cole Swider,Cole,1610612748,MIA,25.0,18,8,10,0.444,4.8,99.4,98.9,98.9,115.0,110.0,110.0,-15.6,-11.1,-11.1,0.102,0.63,9.6,0.011,0.075,0.04,15.4,15.4,0.526,0.54,0.226,0.234,97.12,99.54,82.95,99.54,0.057,180,15,38,0.8,2.1,0.395,450,423,130,359,522,519,513,513,416,170,170,535,490,490,338,527,505,524,502,538,544,544,312,371,107,105,535,391,391,470,464,460,491,486,457,2023-24
1630658,Colin Castleton,Colin,1610612747,LAL,24.0,16,9,7,0.563,3.7,85.7,82.4,82.4,125.3,117.6,117.6,-39.6,-35.2,-35.2,0.107,1.0,12.0,0.094,0.118,0.104,12.0,12.2,0.563,0.644,0.157,0.162,96.49,101.56,84.63,101.56,0.078,125,9,16,0.6,1.0,0.563,461,412,93,243,537,558,553,553,558,491,491,561,558,558,323,480,451,67,287,166,469,479,189,61,332,335,547,224,224,338,497,517,519,542,70,2023-24
1631221,Collin Gillespie,Collin,1610612743,DEN,25.0,24,15,9,0.625,9.4,114.1,111.7,111.7,108.7,109.2,109.2,5.4,2.5,2.5,0.164,1.93,23.5,0.004,0.085,0.045,12.2,12.1,0.572,0.586,0.166,0.173,98.97,99.78,83.15,99.78,0.071,470,32,69,1.3,2.9,0.464,416,347,118,128,453,180,261,261,121,138,138,115,187,187,177,267,140,544,458,522,478,475,155,203,288,277,447,367,367,385,422,427,422,442,238,2023-24
1629012,Collin Sexton,Collin,1610612762,UTA,25.0,78,29,49,0.372,26.6,115.2,117.0,117.0,119.7,120.4,120.4,-4.5,-3.4,-3.4,0.283,2.32,22.0,0.033,0.064,0.049,9.5,9.4,0.549,0.607,0.267,0.273,102.85,101.71,84.76,101.71,0.12,4399,506,1038,6.5,13.3,0.487,43,213,543,411,155,131,93,93,533,539,539,361,342,342,45,189,167,299,526,499,300,300,237,133,44,46,130,211,211,103,42,47,68,73,175,2023-24
1630557,Corey Kispert,Corey,1610612764,WAS,25.0,80,15,65,0.188,25.8,107.8,108.7,108.7,118.1,119.4,119.4,-10.3,-10.7,-10.7,0.111,1.6,14.1,0.014,0.091,0.052,8.8,8.8,0.602,0.62,0.191,0.196,104.6,103.61,86.34,103.61,0.084,4477,386,794,4.8,9.9,0.486,23,347,572,517,168,387,359,359,506,529,529,473,481,481,312,347,392,495,434,471,246,246,80,101,183,188,44,103,103,282,89,94,128,128,180,2023-24
202709,Cory Joseph,Cory,1610612744,GSW,32.0,26,10,16,0.385,11.4,115.4,114.2,114.2,117.2,117.2,117.2,-1.8,-3.0,-3.0,0.174,3.5,34.7,0.019,0.083,0.05,9.9,9.9,0.461,0.47,0.108,0.112,101.66,102.2,85.17,102.2,0.042,633,23,64,0.9,2.5,0.359,406,403,184,400,412,123,175,175,492,485,485,298,330,330,161,46,30,440,468,490,336,335,474,494,530,529,215,171,171,514,437,432,481,464,503,2023-24
1641854,Craig Porter Jr.,Craig,1610612739,CLE,24.0,51,30,21,0.588,12.7,112.1,111.7,111.7,114.0,113.4,113.4,-1.8,-1.6,-1.6,0.265,2.62,28.4,0.035,0.138,0.088,10.8,10.8,0.535,0.564,0.201,0.207,96.76,97.17,80.97,97.17,0.113,1313,116,228,2.3,4.5,0.509,284,201,253,191,382,241,259,259,366,317,317,301,303,303,62,125,67,292,204,225,404,404,276,294,164,156,544,547,547,126,283,298,301,324,128,2023-24
1626156,D'Angelo Russell,D'Angelo,1610612747,LAL,28.0,76,46,30,0.605,32.7,115.6,116.5,116.5,112.7,113.9,113.9,2.9,2.6,2.6,0.261,3.09,26.8,0.012,0.079,0.047,8.7,8.7,0.56,0.588,0.222,0.227,103.92,102.97,85.81,102.97,0.103,5348,492,1080,6.5,14.2,0.456,61,52,395,161,62,118,107,107,306,344,344,180,183,183,67,70,89,516,490,507,232,233,203,195,118,119,67,134,134,182,48,41,69,64,270,2023-24
1641793,D'Moi Hodge,D'Moi,1610612747,LAL,25.0,7,1,6,0.143,5.9,91.0,86.4,86.4,133.5,130.6,130.6,-42.5,-44.2,-44.2,0.227,5.0,22.7,0.0,0.0,0.0,4.5,4.6,0.433,0.441,0.172,0.184,97.02,100.67,83.89,100.67,0.027,88,5,15,0.7,2.1,0.333,518,538,80,542,504,545,551,551,565,564,564,562,565,565,102,13,156,545,557,561,40,41,498,517,257,227,538,292,292,536,521,520,502,484,521,2023-24
1630618,D.J. Carton,D.J.,1610612761,TOR,23.0,4,2,2,0.5,8.9,86.8,81.5,81.5,122.9,122.8,122.8,-36.1,-41.3,-41.3,0.15,3.0,21.4,0.051,0.043,0.047,7.1,7.0,0.438,0.539,0.125,0.137,104.66,108.07,90.06,108.07,0.06,81,3,8,0.8,2.0,0.375,542,511,28,300,464,556,558,558,554,556,556,559,561,561,204,75,173,198,546,509,110,107,496,378,477,444,42,29,29,451,537,538,498,490,487,2023-24
1628391,D.J. Wilson,D.J.,1610612755,PHI,28.0,2,1,1,0.5,7.7,130.8,120.0,120.0,115.2,117.2,117.2,15.6,2.8,2.8,0.222,0.0,25.0,0.083,0.071,0.077,0.0,0.0,0.833,0.833,0.182,0.197,88.51,91.55,76.29,91.55,0.172,30,4,6,2.0,3.0,0.667,555,538,14,300,478,6,40,40,425,486,486,20,171,171,106,541,115,91,516,297,1,1,2,2,213,187,568,571,571,10,527,543,326,430,12,2023-24
1629610,DaQuan Jeffries,DaQuan,1610612752,NYK,26.0,17,11,6,0.647,2.7,90.8,87.6,87.6,101.5,95.0,95.0,-10.7,-7.4,-7.4,0.185,1.67,19.2,0.0,0.096,0.046,11.5,11.6,0.412,0.391,0.193,0.208,97.72,102.84,85.7,102.84,0.038,97,6,17,0.4,1.0,0.353,453,392,80,103,559,546,550,550,31,18,18,480,420,420,154,334,231,545,401,510,443,446,513,531,178,155,523,139,139,517,515,513,546,542,510,2023-24
1630227,Daishen Nix,Daishen,1610612750,MIN,22.0,15,11,4,0.733,3.3,125.0,119.3,119.3,101.2,99.1,99.1,23.7,20.2,20.2,0.14,1.2,15.8,0.018,0.043,0.029,13.2,13.3,0.5,0.507,0.241,0.256,109.07,112.81,94.01,112.81,0.068,119,9,24,0.6,1.6,0.375,467,392,45,41,547,12,53,53,30,31,31,10,13,13,231,443,336,447,546,554,510,512,383,446,75,62,9,8,8,399,497,488,517,516,487,2023-24
1630625,Dalano Banton,Dalano,1610612757,POR,24.0,54,24,30,0.444,19.4,103.3,104.5,104.5,114.7,114.7,114.7,-11.4,-10.2,-10.2,0.2,1.65,16.8,0.036,0.13,0.081,10.2,10.2,0.463,0.504,0.25,0.255,99.06,98.51,82.09,98.51,0.1,2147,202,500,3.7,9.3,0.404,271,257,395,359,259,485,464,464,405,389,389,491,470,470,138,340,303,285,232,258,357,357,470,451,62,65,442,462,462,194,207,174,178,140,436,2023-24
1631207,Dalen Terry,Dalen,1610612741,CHI,21.0,59,27,32,0.458,11.5,113.9,112.9,112.9,110.6,110.7,110.7,3.3,2.2,2.2,0.151,2.53,27.9,0.042,0.124,0.083,11.0,11.1,0.494,0.512,0.127,0.131,98.95,99.32,82.77,99.32,0.063,1411,69,157,1.2,2.7,0.439,225,231,425,352,407,189,224,224,209,202,202,170,195,195,202,138,73,238,264,248,414,421,413,435,469,468,448,411,411,433,354,347,449,452,333,2023-24
1627745,Damian Jones,Damian,1610612739,CLE,29.0,39,24,15,0.615,6.9,96.2,94.0,94.0,114.4,112.6,112.6,-18.2,-18.7,-18.7,0.097,1.15,14.0,0.075,0.167,0.12,12.1,11.9,0.618,0.659,0.149,0.161,94.76,96.63,80.52,96.63,0.115,548,43,72,1.1,1.8,0.597,355,257,168,151,494,529,531,531,391,292,292,538,537,537,348,459,393,119,131,116,476,464,58,45,370,346,558,557,557,123,395,421,454,499,47,2023-24
203081,Damian Lillard,Damian,1610612749,MIL,33.0,73,48,25,0.658,35.3,118.1,119.4,119.4,110.5,112.4,112.4,7.5,6.9,6.9,0.284,2.63,23.2,0.014,0.102,0.06,8.8,8.8,0.51,0.59,0.274,0.281,103.48,102.06,85.05,102.06,0.132,5486,541,1277,7.4,17.5,0.424,99,36,311,91,18,54,51,51,206,282,282,81,82,82,44,123,147,494,377,416,249,243,364,187,34,37,89,182,182,62,31,20,51,32,392,2023-24
1629655,Daniel Gafford,Daniel,1610612742,DAL,25.0,74,30,44,0.405,24.5,112.9,113.9,113.9,114.2,116.0,116.0,-1.3,-2.2,-2.2,0.083,1.55,15.4,0.105,0.186,0.147,9.9,9.9,0.725,0.731,0.145,0.147,104.58,103.3,86.08,103.3,0.121,3897,348,480,4.7,6.5,0.725,87,201,528,383,190,219,193,193,377,451,451,287,313,313,406,360,352,45,93,64,337,337,4,6,394,403,45,118,118,99,109,184,135,228,2,2023-24
1628464,Daniel Theis,Daniel,1610612746,LAC,32.0,60,38,22,0.633,16.9,115.2,115.6,115.6,111.8,113.2,113.2,3.3,2.4,2.4,0.081,1.45,14.6,0.084,0.15,0.117,10.0,10.0,0.577,0.597,0.15,0.153,100.63,99.85,83.21,99.85,0.084,2116,156,293,2.6,4.9,0.532,215,124,262,117,297,134,134,134,269,312,312,166,190,190,414,389,379,90,169,123,348,349,142,164,367,373,308,361,361,280,243,266,261,298,100,2023-24
201568,Danilo Gallinari,Danilo,1610612749,MIL,35.0,49,15,34,0.306,12.8,109.0,109.1,109.1,117.7,117.5,117.5,-8.7,-8.4,-8.4,0.127,2.39,18.0,0.032,0.146,0.088,7.5,7.4,0.516,0.601,0.171,0.179,101.4,101.41,84.51,101.41,0.093,1335,83,190,1.7,3.9,0.437,302,347,446,450,379,353,350,350,496,489,489,445,441,441,272,177,268,309,181,221,144,136,347,148,265,246,238,236,236,233,327,324,362,363,344,2023-24
201980,Danny Green,Danny,1610612755,PHI,37.0,2,1,1,0.5,9.2,110.8,114.6,114.6,118.0,120.5,120.5,-7.1,-5.9,-5.9,0.056,0.0,33.3,0.0,0.111,0.056,0.0,0.0,0.0,0.0,0.043,0.044,106.98,104.07,86.72,104.07,0.012,41,0,2,0.0,1.0,0.0,555,538,14,300,457,279,162,162,503,541,541,415,386,386,519,541,33,545,317,443,1,1,561,563,568,568,16,81,81,549,561,561,561,542,561,2023-24
203957,Danté Exum,Danté,1610612742,DAL,28.0,55,36,19,0.655,19.8,120.6,120.7,120.7,109.9,110.5,110.5,10.7,10.3,10.3,0.181,3.2,29.1,0.023,0.108,0.067,9.1,9.1,0.621,0.645,0.148,0.152,102.22,101.9,84.92,101.9,0.093,2310,161,302,2.9,5.5,0.533,258,146,226,95,255,21,27,27,173,187,187,42,45,45,157,59,60,394,341,364,264,268,56,58,377,379,176,199,199,230,237,261,232,268,99,2023-24
1627863,Danuel House Jr.,Danuel,1610612755,PHI,31.0,34,21,13,0.618,15.0,109.8,109.9,109.9,108.5,107.7,107.7,1.3,2.3,2.3,0.075,1.47,16.4,0.03,0.081,0.055,11.1,11.0,0.519,0.575,0.116,0.12,101.43,101.74,84.78,101.74,0.053,1077,47,105,1.4,3.1,0.448,375,289,152,142,338,321,316,316,109,102,102,215,192,192,442,384,312,329,478,452,419,417,336,249,508,508,235,207,207,489,390,389,415,425,298,2023-24
203967,Dario Šarić,Dario,1610612744,GSW,30.0,64,35,29,0.547,17.2,112.4,113.7,113.7,114.7,115.3,115.3,-2.3,-1.6,-1.6,0.187,1.85,22.1,0.063,0.192,0.126,12.0,12.0,0.562,0.6,0.19,0.195,100.83,100.0,83.33,100.0,0.111,2294,181,388,2.8,6.1,0.466,185,155,381,269,294,233,196,196,406,424,424,317,301,301,151,282,162,150,84,106,468,470,193,149,184,194,294,345,345,137,222,216,240,246,228,2023-24
1641727,Dariq Whitehead,Dariq,1610612751,BKN,19.0,2,1,1,0.5,12.0,108.6,110.9,110.9,161.5,153.7,153.7,-52.9,-42.8,-42.8,0.143,0.0,33.3,0.0,0.19,0.078,0.0,0.0,0.2,0.255,0.094,0.093,107.63,109.08,90.9,109.08,0.035,55,1,5,0.5,2.5,0.2,555,538,14,300,398,365,285,285,571,571,571,567,563,563,221,541,33,545,86,284,1,1,556,556,551,556,12,19,19,521,550,551,528,458,552,2023-24
1629647,Darius Bazley,Darius,1610612762,UTA,24.0,9,2,7,0.222,16.9,114.7,114.0,114.0,122.8,125.2,125.2,-8.1,-11.3,-11.3,0.062,0.88,14.0,0.051,0.132,0.091,16.0,15.9,0.633,0.68,0.118,0.123,99.92,99.27,82.73,99.27,0.089,315,18,30,2.0,3.3,0.6,498,511,93,502,299,154,184,184,553,560,560,433,491,491,494,504,396,201,223,210,547,547,47,24,505,502,350,415,415,255,447,475,326,409,43,2023-24
1629636,Darius Garland,Darius,1610612739,CLE,24.0,57,31,26,0.544,33.3,112.7,113.5,113.5,111.1,111.4,111.4,1.6,2.1,2.1,0.295,2.12,25.5,0.017,0.064,0.041,12.0,12.0,0.524,0.56,0.249,0.255,98.51,98.02,81.69,98.02,0.104,3894,375,841,6.6,14.8,0.446,241,193,332,274,51,224,206,206,230,231,231,208,196,196,36,218,110,469,527,536,472,471,321,307,63,63,474,500,500,173,93,81,67,60,307,2023-24
1630561,David Duke Jr.,David,1610612759,SAS,24.0,4,3,1,0.75,12.8,116.7,115.3,115.3,112.0,110.9,110.9,4.7,4.4,4.4,0.132,1.67,18.5,0.042,0.14,0.095,11.1,11.0,0.639,0.673,0.179,0.188,102.15,103.29,86.08,103.29,0.114,111,10,18,2.5,4.5,0.556,542,489,14,34,380,84,141,141,279,207,207,137,131,131,255,334,248,243,194,194,419,411,43,32,222,218,181,119,119,124,487,511,276,322,79,2023-24
1631223,David Roddy,David,1610612756,PHX,23.0,65,25,40,0.385,18.1,103.5,104.3,104.3,113.1,113.6,113.6,-9.6,-9.3,-9.3,0.102,1.4,13.9,0.042,0.134,0.087,9.9,9.9,0.462,0.484,0.177,0.182,101.7,101.1,84.25,101.1,0.068,2482,165,409,2.5,6.3,0.403,181,247,501,400,276,482,467,467,322,330,330,458,455,455,335,397,398,240,218,230,332,333,471,478,229,235,213,256,256,405,233,210,272,237,438,2023-24
1630558,Davion Mitchell,Davion,1610612758,SAC,25.0,72,41,31,0.569,15.3,110.8,109.5,109.5,113.1,112.1,112.1,-2.3,-2.6,-2.6,0.168,3.12,25.9,0.017,0.071,0.043,8.3,8.3,0.54,0.555,0.147,0.153,99.01,100.05,83.37,100.05,0.064,2302,146,323,2.0,4.5,0.452,108,97,406,227,333,280,338,338,323,262,262,316,319,319,168,67,105,461,515,528,193,195,259,320,380,374,445,340,340,430,253,251,324,323,286,2023-24
202722,Davis Bertans,Davis,1610612766,CHA,31.0,43,20,23,0.465,15.7,106.8,107.0,107.0,114.3,114.2,114.2,-7.5,-7.2,-7.2,0.076,1.94,11.7,0.013,0.081,0.046,6.0,6.0,0.556,0.583,0.169,0.176,98.57,98.52,82.1,98.52,0.069,1395,92,234,2.1,5.4,0.393,330,297,272,350,325,416,400,400,389,364,364,422,410,410,440,263,459,505,480,516,67,66,218,210,268,265,473,460,460,395,314,289,315,271,461,2023-24
1630549,Day'Ron Sharpe,Day'Ron,1610612751,BKN,22.0,61,25,36,0.41,15.1,112.1,112.8,112.8,107.9,108.0,108.0,4.1,4.8,4.8,0.137,1.21,17.0,0.163,0.235,0.199,14.0,13.9,0.578,0.596,0.185,0.191,99.97,99.62,83.01,99.62,0.131,1898,168,294,2.8,4.8,0.571,206,247,469,378,336,244,227,227,93,108,108,145,125,125,239,441,296,8,33,8,523,522,136,171,204,208,349,385,385,67,230,265,245,306,62,2023-24
1628368,De'Aaron Fox,De'Aaron,1610612758,SAC,26.0,74,42,32,0.568,35.9,115.1,116.6,116.6,112.6,112.3,112.3,2.5,4.3,4.3,0.244,2.15,17.8,0.024,0.104,0.062,8.3,8.3,0.534,0.567,0.3,0.306,102.26,101.7,84.75,101.7,0.128,5629,720,1549,9.7,20.9,0.465,87,88,425,232,10,138,101,101,303,278,278,189,132,132,90,211,276,391,364,393,192,194,280,283,15,16,168,212,212,75,7,4,8,4,234,2023-24
1629631,De'Andre Hunter,De'Andre,1610612737,ATL,26.0,57,26,31,0.456,29.5,115.7,116.7,116.7,117.2,117.9,117.9,-1.6,-1.3,-1.3,0.073,1.05,9.5,0.018,0.116,0.066,9.1,9.0,0.547,0.595,0.204,0.209,101.84,101.11,84.25,101.11,0.079,3539,304,663,5.3,11.6,0.459,241,241,406,353,107,116,100,100,493,498,498,293,296,296,451,474,506,452,293,373,267,260,243,177,153,150,203,255,255,324,136,126,103,96,264,2023-24
1629001,De'Anthony Melton,De'Anthony,1610612755,PHI,26.0,38,25,13,0.658,26.9,120.0,122.0,122.0,111.2,112.0,112.0,8.8,10.0,10.0,0.144,2.92,20.8,0.027,0.111,0.069,7.1,7.1,0.493,0.533,0.177,0.179,102.32,101.13,84.27,101.13,0.079,2157,139,360,3.7,9.5,0.386,361,247,152,89,149,28,15,15,237,258,258,56,47,47,217,87,195,357,323,353,108,110,419,399,231,245,166,253,253,326,262,237,183,135,473,2023-24
201599,DeAndre Jordan,DeAndre,1610612743,DEN,35.0,36,24,12,0.667,11.0,105.0,105.2,105.2,114.2,115.9,115.9,-9.2,-10.7,-10.7,0.098,1.13,15.8,0.126,0.237,0.182,13.9,13.9,0.624,0.61,0.147,0.152,98.34,97.52,81.27,97.52,0.11,803,58,93,1.6,2.6,0.624,370,257,138,76,421,459,446,446,380,447,447,450,479,479,347,466,340,19,30,19,521,521,54,124,386,377,489,530,530,146,371,399,376,456,31,2023-24
1630610,DeJon Jarreau,DeJon,1610612763,MEM,26.0,9,2,7,0.222,16.6,99.1,102.9,102.9,109.7,107.5,107.5,-10.5,-4.6,-4.6,0.257,2.89,28.9,0.043,0.238,0.13,10.0,10.0,0.38,0.392,0.171,0.172,101.86,100.95,84.12,100.95,0.09,310,17,50,1.9,5.6,0.34,498,511,93,502,309,520,482,482,157,98,98,478,367,367,71,93,65,236,28,95,342,347,525,530,264,283,201,269,269,248,456,443,344,263,518,2023-24
201942,DeMar DeRozan,DeMar,1610612741,CHI,34.0,79,37,42,0.468,37.8,113.3,113.5,113.5,113.9,114.6,114.6,-0.6,-1.0,-1.0,0.22,3.12,19.4,0.014,0.101,0.057,6.2,6.2,0.507,0.584,0.252,0.26,98.32,97.94,81.62,97.94,0.129,6098,650,1355,8.2,17.2,0.48,30,139,515,346,1,204,205,205,361,384,384,274,288,288,108,66,226,492,383,435,74,74,372,209,57,58,492,506,506,71,14,14,30,33,198,2023-24
1629731,Dean Wade,Dean,1610612739,CLE,27.0,54,36,18,0.667,20.5,113.0,111.9,111.9,102.2,103.5,103.5,10.8,8.3,8.3,0.052,2.15,14.0,0.033,0.154,0.094,6.5,6.5,0.584,0.598,0.101,0.104,100.07,99.94,83.28,99.94,0.073,2300,96,232,1.8,4.3,0.414,271,146,215,76,238,216,254,254,34,51,51,41,66,66,526,212,395,306,157,197,86,87,117,157,542,542,341,356,356,372,311,293,352,332,418,2023-24
1629028,Deandre Ayton,Deandre,1610612757,POR,25.0,55,14,41,0.255,32.4,105.4,106.6,106.6,113.8,115.3,115.3,-8.4,-8.7,-8.7,0.086,0.91,9.3,0.096,0.25,0.171,10.2,10.2,0.571,0.587,0.211,0.215,98.97,97.76,81.47,97.76,0.141,3631,427,749,7.8,13.6,0.57,258,361,507,472,68,449,406,406,349,422,422,440,448,448,388,498,513,64,20,32,359,358,161,200,137,145,446,519,519,44,68,105,40,69,66,2023-24
1627749,Dejounte Murray,Dejounte,1610612737,ATL,27.0,78,34,44,0.436,35.7,114.9,116.8,116.8,118.3,119.5,119.5,-3.4,-2.7,-2.7,0.274,2.5,22.1,0.021,0.13,0.072,8.8,8.8,0.528,0.555,0.259,0.263,102.73,101.33,84.45,101.33,0.122,5879,672,1463,8.6,18.8,0.459,43,165,528,368,13,146,97,97,511,531,531,344,321,321,52,154,166,422,236,326,250,248,305,318,50,52,140,241,241,93,12,6,23,18,261,2023-24
1626153,Delon Wright,Delon,1610612748,MIA,32.0,47,16,31,0.34,15.8,110.7,110.7,110.7,109.8,109.7,109.7,0.9,1.0,1.0,0.213,8.5,34.8,0.025,0.089,0.057,4.1,4.1,0.46,0.505,0.127,0.13,100.98,101.07,84.23,101.07,0.093,1560,74,188,1.6,4.0,0.394,312,343,406,429,321,282,292,292,166,152,152,226,223,223,116,4,29,375,437,433,35,36,476,449,470,474,280,259,259,231,346,327,382,352,460,2023-24
1630166,Deni Avdija,Deni,1610612764,WAS,23.0,75,14,61,0.187,30.1,109.3,109.7,109.7,115.6,116.2,116.2,-6.3,-6.5,-6.5,0.174,1.79,21.0,0.036,0.192,0.115,11.8,11.7,0.56,0.597,0.196,0.203,105.47,105.06,87.55,105.06,0.109,4936,406,803,5.4,10.7,0.506,76,361,569,519,97,341,330,330,444,457,457,396,398,398,162,297,186,283,83,135,458,452,201,163,171,172,27,54,54,153,72,92,100,113,133,2023-24
203471,Dennis Schröder,Dennis,1610612751,BKN,30.0,80,30,50,0.375,31.1,111.7,112.6,112.6,114.5,115.4,115.4,-2.8,-2.8,-2.8,0.281,3.19,29.5,0.015,0.082,0.048,9.2,9.2,0.509,0.55,0.202,0.206,99.23,98.44,82.04,98.44,0.095,5106,403,927,5.0,11.6,0.435,23,201,544,407,86,253,234,234,394,426,426,333,323,323,46,63,55,479,477,501,278,279,367,333,159,162,426,469,469,223,75,65,110,98,355,2023-24
1628372,Dennis Smith Jr.,Dennis,1610612751,BKN,26.0,56,19,37,0.339,18.9,109.7,109.9,109.9,109.6,109.9,109.9,0.0,-0.1,-0.1,0.276,2.99,32.0,0.046,0.108,0.076,10.7,10.7,0.482,0.508,0.174,0.179,98.87,98.64,82.2,98.64,0.092,2160,147,338,2.6,6.0,0.435,252,307,475,430,264,330,323,323,155,166,166,254,260,260,49,83,42,226,335,301,397,397,441,445,242,248,454,452,452,234,251,245,257,247,353,2023-24
1641726,Dereck Lively II,Dereck,1610612742,DAL,20.0,55,35,20,0.636,23.5,120.4,120.6,120.6,113.7,115.6,115.6,6.6,5.0,5.0,0.06,1.2,13.6,0.106,0.179,0.144,11.4,11.3,0.747,0.728,0.124,0.128,101.87,100.89,84.08,100.89,0.102,2724,221,296,4.0,5.4,0.747,258,155,237,108,200,26,29,29,345,436,436,93,121,121,500,443,407,42,100,73,428,428,3,7,481,486,200,271,271,185,192,264,165,278,1,2023-24
1631220,Dereon Seabron,Dereon,1610612740,NOP,24.0,6,3,3,0.5,9.2,116.3,118.8,118.8,92.8,92.5,92.5,23.5,26.3,26.3,0.116,0.0,23.8,0.021,0.082,0.058,0.0,0.0,0.346,0.448,0.122,0.121,104.2,103.26,86.05,103.26,0.069,117,4,13,0.7,2.2,0.308,525,489,39,300,459,97,60,60,14,15,15,11,10,10,295,541,133,417,473,430,1,1,536,515,493,507,52,121,121,392,527,527,503,483,533,2023-24
1627884,Derrick Jones Jr.,Derrick,1610612742,DAL,27.0,76,47,29,0.618,23.5,114.0,114.0,114.0,111.3,112.3,112.3,2.7,1.7,1.7,0.055,1.15,10.8,0.045,0.089,0.067,9.4,9.4,0.566,0.592,0.146,0.15,102.36,101.9,84.92,101.9,0.068,3781,239,495,3.1,6.5,0.483,61,45,381,141,202,186,185,185,240,274,274,185,204,204,520,459,481,229,442,363,293,292,183,184,389,392,163,198,198,398,175,178,221,227,189,2023-24
201565,Derrick Rose,Derrick,1610612763,MEM,35.0,24,6,18,0.25,16.6,103.6,103.9,103.9,106.3,107.7,107.7,-2.7,-3.8,-3.8,0.31,2.52,27.3,0.017,0.089,0.053,10.8,10.8,0.506,0.54,0.222,0.227,102.3,101.51,84.59,101.51,0.108,844,76,165,3.2,6.9,0.461,416,458,215,474,307,478,472,472,69,103,103,331,350,350,26,142,82,464,436,462,403,405,375,373,121,122,167,227,227,160,342,340,216,210,253,2023-24
1628401,Derrick White,Derrick,1610612738,BOS,29.0,73,58,15,0.795,32.6,121.2,122.4,122.4,108.5,109.9,109.9,12.7,12.5,12.5,0.209,3.37,27.1,0.022,0.1,0.063,8.1,8.0,0.578,0.611,0.183,0.187,100.59,99.48,82.9,99.48,0.106,4935,387,839,5.3,11.5,0.461,99,3,168,20,64,19,13,13,113,163,163,26,27,27,125,49,85,406,388,391,178,178,138,121,209,222,310,397,397,166,87,82,104,100,249,2023-24
1630217,Desmond Bane,Desmond,1610612763,MEM,26.0,42,14,28,0.333,34.4,106.2,108.2,108.2,113.7,115.4,115.4,-7.6,-7.2,-7.2,0.272,2.05,19.5,0.023,0.104,0.062,9.5,9.4,0.552,0.589,0.273,0.28,102.51,100.82,84.01,100.82,0.128,3038,360,776,8.6,18.5,0.464,341,361,361,432,30,433,369,369,347,427,427,424,409,409,55,227,221,397,365,400,303,298,227,193,37,40,152,277,277,76,100,97,25,21,237,2023-24
1626164,Devin Booker,Devin,1610612756,PHX,27.0,68,43,25,0.632,36.0,117.8,119.3,119.3,112.4,113.5,113.5,5.4,5.8,5.8,0.299,2.65,22.1,0.024,0.098,0.063,8.3,8.3,0.55,0.611,0.289,0.297,101.12,99.96,83.3,99.96,0.142,5103,642,1305,9.4,19.2,0.492,148,79,311,118,8,62,52,52,292,323,323,117,99,99,33,119,163,387,397,389,200,193,233,119,23,24,268,351,351,42,16,17,11,13,163,2023-24
1630170,Devin Vassell,Devin,1610612759,SAS,23.0,68,17,51,0.25,33.1,106.8,108.5,108.5,113.9,114.6,114.6,-7.1,-6.0,-6.0,0.192,2.56,18.3,0.012,0.102,0.056,7.1,7.1,0.55,0.578,0.229,0.235,103.5,102.42,85.35,102.42,0.112,4795,498,1056,7.3,15.5,0.472,148,331,548,474,56,413,360,360,365,382,382,414,391,391,146,132,258,517,378,438,109,109,234,230,102,103,88,160,160,133,47,44,54,51,215,2023-24
1628984,Devonte' Graham,Devonte',1610612759,SAS,29.0,23,8,15,0.348,13.6,109.2,108.9,108.9,104.0,105.6,105.6,5.2,3.3,3.3,0.219,2.88,27.2,0.016,0.095,0.055,9.4,9.4,0.468,0.495,0.175,0.181,102.26,101.62,84.69,101.62,0.077,663,38,108,1.7,4.7,0.352,420,423,168,426,367,347,356,356,46,78,78,121,159,159,110,94,83,477,410,446,297,295,465,467,240,238,169,218,218,342,403,386,371,314,512,2023-24
1641926,Dexter Dennis,Dexter,1610612742,DAL,25.0,4,1,3,0.25,7.5,89.9,89.0,89.0,102.5,100.0,100.0,-12.7,-11.0,-11.0,0.364,1.33,15.4,0.025,0.211,0.115,11.5,11.0,0.553,0.541,0.278,0.298,116.1,118.13,98.44,118.13,0.164,73,10,19,2.5,4.8,0.526,542,538,39,474,482,549,546,546,37,34,34,510,482,482,9,409,353,379,57,130,443,411,225,367,31,23,3,3,3,15,487,505,276,308,107,2023-24
1628415,Dillon Brooks,Dillon,1610612745,HOU,28.0,72,36,36,0.5,30.9,112.2,113.6,113.6,111.9,113.6,113.6,0.3,0.0,0.0,0.074,1.35,11.4,0.023,0.084,0.053,8.4,8.5,0.515,0.549,0.176,0.178,101.41,100.0,83.33,100.0,0.056,4630,329,768,4.6,10.7,0.428,108,146,469,300,88,237,201,201,274,332,332,243,254,254,448,406,471,398,463,463,209,212,351,334,235,251,236,346,346,479,123,99,140,115,382,2023-24
1631376,Dmytro Skapintsev,Dmytro,1610612752,NYK,26.0,2,0,2,0.0,1.1,75.0,75.0,75.0,87.2,60.0,60.0,-12.2,15.0,15.0,0.0,0.0,0.0,0.0,0.0,0.0,0.0,0.0,0.0,0.0,0.25,0.25,83.7,101.25,84.38,101.25,-0.167,4,0,1,0.0,0.5,0.0,555,560,28,560,570,566,564,564,9,3,3,503,23,23,553,541,553,545,557,561,1,1,561,563,60,71,570,247,247,572,561,565,561,565,561,2023-24
1627734,Domantas Sabonis,Domantas,1610612758,SAC,28.0,82,46,36,0.561,35.7,114.2,116.0,116.0,114.0,115.2,115.2,0.1,0.8,0.8,0.334,2.47,30.8,0.097,0.295,0.192,12.4,12.4,0.609,0.637,0.22,0.223,100.93,99.61,83.01,99.61,0.169,6085,634,1068,7.7,13.0,0.594,2,52,469,248,12,178,120,120,372,417,417,249,229,229,15,157,48,60,7,11,487,487,73,68,127,129,287,386,386,11,19,43,43,77,49,2023-24
1631230,Dominick Barlow,Dominick,1610612759,SAS,21.0,33,7,26,0.212,12.7,114.1,113.3,113.3,116.8,117.8,117.8,-2.7,-4.5,-4.5,0.114,4.0,20.2,0.098,0.167,0.13,5.1,5.1,0.509,0.548,0.139,0.142,101.29,101.2,84.33,101.2,0.084,888,56,113,1.7,3.4,0.496,380,440,332,508,383,181,214,214,478,496,496,329,362,362,303,29,208,59,130,94,50,50,369,341,419,428,253,248,248,278,374,380,361,397,159,2023-24
1628378,Donovan Mitchell,Donovan,1610612739,CLE,27.0,55,36,19,0.655,35.3,115.1,115.9,115.9,107.4,108.6,108.6,7.7,7.3,7.3,0.268,2.16,19.5,0.024,0.116,0.071,9.0,9.0,0.545,0.595,0.301,0.307,100.79,99.82,83.19,99.82,0.15,4054,503,1089,9.1,19.8,0.462,258,146,226,95,19,140,124,124,86,120,120,75,78,78,58,210,223,392,295,341,258,256,246,173,14,14,296,364,364,29,44,39,13,7,246,2023-24
1628978,Donte DiVincenzo,Donte,1610612752,NYK,27.0,81,50,31,0.617,29.1,115.8,117.9,117.9,114.2,114.2,114.2,1.6,3.7,3.7,0.133,1.91,15.7,0.026,0.102,0.063,8.2,8.2,0.584,0.597,0.209,0.213,98.01,97.11,80.93,97.11,0.098,4770,445,1004,5.5,12.4,0.443,18,28,406,147,112,112,72,72,378,366,366,209,149,149,252,269,344,368,373,387,185,183,116,160,142,148,511,549,549,202,63,52,96,86,316,2023-24
1627827,Dorian Finney-Smith,Dorian,1610612751,BKN,31.0,68,28,40,0.412,28.4,110.7,111.0,111.0,112.2,113.2,113.2,-1.6,-2.2,-2.2,0.077,1.81,15.3,0.053,0.107,0.079,8.4,8.5,0.535,0.546,0.132,0.134,98.85,98.25,81.88,98.25,0.062,3951,215,511,3.2,7.5,0.421,148,221,501,375,122,287,281,281,286,313,313,294,314,314,437,288,358,188,346,275,207,211,273,348,452,455,456,489,489,441,196,172,217,196,401,2023-24
203926,Doug McDermott,Doug,1610612754,IND,32.0,64,22,42,0.344,14.1,111.1,111.6,111.6,120.5,120.9,120.9,-9.4,-9.3,-9.3,0.097,2.5,18.0,0.011,0.054,0.032,7.2,7.2,0.599,0.6,0.144,0.148,104.12,103.67,86.39,103.67,0.054,1970,123,284,1.9,4.4,0.433,185,276,515,428,354,271,263,263,542,544,544,454,454,454,349,143,270,524,540,553,118,114,86,150,398,401,55,98,98,486,275,269,338,327,361,2023-24
203110,Draymond Green,Draymond,1610612744,GSW,34.0,55,33,22,0.6,27.1,115.1,115.6,115.6,110.1,110.7,110.7,5.0,4.9,4.9,0.276,2.46,38.1,0.05,0.2,0.127,15.5,15.5,0.566,0.587,0.148,0.152,103.69,103.22,86.02,103.22,0.108,3211,185,372,3.4,6.8,0.497,258,173,262,170,142,137,135,135,188,201,201,125,123,123,50,161,18,207,73,104,545,545,182,199,375,383,82,122,122,162,218,229,207,216,156,2023-24
1629234,Drew Eubanks,Drew,1610612756,PHX,27.0,75,42,33,0.56,15.6,108.4,108.3,108.3,112.5,112.3,112.3,-4.1,-4.1,-4.1,0.079,1.03,15.0,0.09,0.176,0.135,14.6,14.6,0.607,0.645,0.129,0.133,99.55,99.66,83.05,99.66,0.099,2423,152,253,2.0,3.4,0.601,76,88,437,250,328,372,368,368,299,277,277,351,357,357,423,479,364,73,109,88,535,535,75,59,460,460,389,382,382,199,248,279,325,402,42,2023-24
1641809,Drew Peterson,Drew,1610612738,BOS,24.0,3,3,0,1.0,7.6,136.9,132.0,132.0,110.9,116.0,116.0,26.0,16.0,16.0,0.045,1.0,12.5,0.0,0.042,0.022,12.5,12.5,0.917,0.917,0.123,0.129,106.31,105.8,88.17,105.8,0.088,50,4,6,1.3,2.0,0.667,549,489,1,1,480,4,4,4,221,450,450,8,18,18,538,480,433,545,548,558,490,488,1,1,487,480,18,43,43,262,527,543,422,490,12,2023-24
1630696,Dru Smith,Dru,1610612748,MIA,26.0,9,7,2,0.778,14.5,98.0,97.4,97.4,110.4,112.5,112.5,-12.4,-15.0,-15.0,0.187,2.8,26.4,0.041,0.058,0.049,9.4,9.5,0.561,0.576,0.128,0.13,100.35,99.74,83.12,99.74,0.083,271,15,33,1.7,3.7,0.455,498,440,28,25,345,524,520,520,200,285,285,507,529,529,150,102,97,246,533,494,296,303,197,245,465,473,322,370,370,293,464,471,366,378,272,2023-24
1629130,Duncan Robinson,Duncan,1610612748,MIA,30.0,68,38,30,0.559,28.0,110.6,111.5,111.5,110.6,111.0,111.0,0.0,0.5,0.5,0.151,2.02,19.3,0.008,0.084,0.046,9.5,9.5,0.589,0.612,0.184,0.189,98.63,98.06,81.71,98.06,0.082,3901,304,675,4.5,9.9,0.45,148,124,395,253,128,294,267,267,208,214,214,258,237,237,201,234,230,540,462,512,307,305,107,116,206,212,471,497,497,299,136,124,145,127,290,2023-24
1641871,Duop Reath,Duop,1610612757,POR,28.0,68,17,51,0.25,17.9,107.4,109.6,109.6,116.1,116.8,116.8,-8.6,-7.1,-7.1,0.088,1.29,10.2,0.069,0.138,0.101,7.9,7.9,0.549,0.571,0.202,0.206,99.71,98.42,82.02,98.42,0.088,2485,230,499,3.4,7.3,0.461,148,331,548,474,279,399,334,334,463,472,472,444,408,408,377,427,494,132,205,181,167,168,238,261,158,163,371,472,472,260,186,175,204,199,251,2023-24
203939,Dwight Powell,Dwight,1610612742,DAL,32.0,63,38,25,0.603,13.3,114.3,114.7,114.7,114.6,114.4,114.4,-0.3,0.3,0.3,0.128,2.63,32.2,0.109,0.139,0.124,12.3,12.3,0.684,0.716,0.087,0.09,102.63,102.57,85.47,102.57,0.079,1786,72,106,1.1,1.7,0.679,191,124,311,166,371,170,161,161,399,372,372,263,242,242,269,124,40,40,201,108,481,484,17,12,557,557,145,147,147,321,351,388,451,510,11,2023-24
1629685,Dylan Windler,Dylan,1610612737,ATL,27.0,17,9,8,0.529,6.4,108.9,107.5,107.5,113.8,112.1,112.1,-4.9,-4.6,-4.6,0.133,5.0,23.8,0.03,0.109,0.073,4.8,4.8,0.717,0.717,0.129,0.132,100.17,101.61,84.68,101.61,0.101,227,15,30,0.9,1.8,0.5,453,412,110,287,501,358,393,393,354,260,260,367,365,365,250,13,133,324,333,324,43,43,7,11,462,464,333,219,219,190,464,475,483,504,139,2023-24
1630700,Dyson Daniels,Dyson,1610612740,NOP,21.0,61,34,27,0.557,22.3,116.4,115.0,115.0,111.0,111.7,111.7,5.4,3.3,3.3,0.157,2.78,29.4,0.046,0.126,0.086,10.6,10.6,0.514,0.529,0.123,0.127,99.71,100.03,83.36,100.03,0.08,2821,139,311,2.3,5.1,0.447,206,165,344,257,217,92,152,152,225,245,245,116,160,160,192,104,57,223,253,232,387,388,353,404,486,490,372,343,343,315,262,257,300,286,301,2023-24
1630604,E.J. Liddell,E.J.,1610612740,NOP,23.0,8,3,5,0.375,2.9,105.6,98.1,98.1,112.8,109.8,109.8,-7.2,-11.7,-11.7,0.067,0.5,10.0,0.0,0.217,0.106,20.0,20.2,0.167,0.291,0.148,0.164,102.81,108.13,90.11,108.13,0.045,53,1,6,0.1,0.8,0.167,510,489,64,407,557,446,518,518,314,160,160,416,496,496,481,532,497,545,53,156,559,562,558,553,379,322,133,28,28,506,550,543,558,557,555,2023-24
1641734,Emoni Bates,Emoni,1610612739,CLE,20.0,15,8,7,0.533,8.9,94.5,93.3,93.3,125.6,124.0,124.0,-31.1,-30.7,-30.7,0.12,1.25,14.5,0.007,0.11,0.054,11.6,11.6,0.408,0.404,0.196,0.201,96.55,97.76,81.47,97.76,0.03,270,15,49,1.0,3.3,0.306,467,423,93,280,465,536,535,535,559,559,559,556,555,555,284,433,382,543,328,454,448,449,515,526,170,176,546,520,520,528,464,447,460,417,534,2023-24
201569,Eric Gordon,Eric,1610612756,PHX,35.0,68,41,27,0.603,27.8,115.2,115.6,115.6,110.7,112.2,112.2,4.5,3.5,3.5,0.1,1.9,16.2,0.009,0.052,0.032,8.5,8.5,0.565,0.58,0.162,0.166,101.29,100.41,83.67,100.41,0.07,3956,274,618,4.0,9.1,0.443,148,97,344,167,132,133,132,132,211,268,268,140,153,153,339,270,319,532,542,552,218,217,187,224,302,307,252,316,316,387,156,141,164,146,315,2023-24
1630647,Eugene Omoruyi,Eugene,1610612764,WAS,27.0,43,5,38,0.116,9.1,100.8,100.1,100.1,115.7,114.2,114.2,-14.9,-14.1,-14.1,0.141,1.67,14.3,0.078,0.13,0.102,8.6,8.6,0.524,0.549,0.208,0.217,107.55,108.62,90.51,108.62,0.09,884,81,167,1.9,3.9,0.485,330,466,488,552,460,511,502,502,446,360,360,531,521,521,228,334,387,107,238,177,225,222,323,335,145,139,13,20,20,251,332,337,345,360,182,2023-24
203095,Evan Fournier,Evan,1610612765,DET,31.0,32,8,24,0.25,18.1,97.1,97.8,97.8,109.5,109.9,109.9,-12.4,-12.1,-12.1,0.131,2.29,15.9,0.008,0.088,0.048,7.0,6.9,0.432,0.464,0.187,0.195,101.35,100.82,84.01,100.82,0.06,1221,79,221,2.5,6.9,0.357,385,423,282,474,275,526,519,519,150,165,165,506,502,502,260,196,331,539,443,504,104,103,502,500,197,192,244,278,278,453,339,304,280,208,506,2023-24
1630596,Evan Mobley,Evan,1610612739,CLE,23.0,50,29,21,0.58,30.6,111.7,111.2,111.2,109.5,110.1,110.1,2.2,1.2,1.2,0.155,1.78,18.2,0.074,0.221,0.15,10.3,10.3,0.6,0.626,0.2,0.205,100.65,100.58,83.82,100.58,0.139,3209,320,552,6.4,11.0,0.58,291,213,253,208,89,252,274,274,148,172,172,196,215,215,194,300,260,122,46,59,365,367,84,90,165,167,307,298,298,48,127,163,73,107,56,2023-24
1630196,Filip Petrusev,Filip,1610612758,SAC,24.0,3,2,1,0.667,3.1,114.6,110.0,110.0,89.5,80.0,80.0,25.1,30.0,30.0,0.0,0.0,0.0,0.0,0.083,0.056,0.0,0.0,0.5,0.521,0.15,0.15,95.59,103.11,85.93,103.11,0.026,20,1,2,0.3,0.7,0.5,549,511,14,76,549,164,314,314,12,6,6,9,6,6,553,541,553,545,466,443,1,1,383,420,366,388,554,128,128,539,550,561,548,561,139,2023-24
1628373,Frank Ntilikina,Frank,1610612766,CHA,25.0,5,0,5,0.0,8.6,116.5,121.3,121.3,121.7,121.1,121.1,-5.2,0.2,0.2,0.108,4.0,26.7,0.021,0.111,0.065,6.7,6.7,0.167,0.253,0.111,0.109,101.95,100.14,83.45,100.14,0.007,89,1,9,0.2,1.8,0.111,536,560,64,560,466,87,19,19,551,547,547,374,244,244,320,29,91,411,317,376,91,95,558,557,519,533,194,335,335,553,550,535,556,502,560,2023-24
1630532,Franz Wagner,Franz,1610612753,ORL,22.0,72,44,28,0.611,32.5,111.1,112.5,112.5,106.9,108.2,108.2,4.3,4.3,4.3,0.183,1.96,16.5,0.031,0.137,0.084,8.4,8.3,0.525,0.575,0.25,0.256,99.72,98.46,82.05,98.46,0.131,4794,528,1096,7.3,15.2,0.482,108,72,361,158,67,269,237,237,78,113,113,142,133,133,156,259,311,313,211,240,203,199,318,250,59,61,368,468,468,68,35,37,52,54,192,2023-24
1627832,Fred VanVleet,Fred,1610612745,HOU,30.0,73,38,35,0.521,36.8,113.1,114.6,114.6,110.1,111.6,111.6,3.0,3.0,3.0,0.312,4.67,32.4,0.012,0.089,0.05,6.9,6.9,0.527,0.568,0.194,0.2,100.8,99.44,82.86,99.44,0.118,5568,423,1018,5.8,13.9,0.416,99,124,461,295,6,212,165,165,186,240,240,178,166,166,23,19,38,515,440,488,103,104,310,279,174,180,295,401,401,109,70,48,82,66,415,2023-24
1627788,Furkan Korkmaz,Furkan,1610612755,PHI,26.0,35,22,13,0.629,8.6,116.3,116.5,116.5,111.4,110.2,110.2,4.9,6.4,6.4,0.108,2.5,21.2,0.013,0.087,0.049,8.5,8.3,0.487,0.519,0.126,0.131,103.77,104.27,86.89,104.27,0.061,653,30,76,0.9,2.2,0.395,373,276,152,123,468,96,106,106,249,173,173,130,92,92,319,143,183,504,451,491,213,201,431,423,475,470,75,76,76,446,426,416,486,482,457,2023-24
1641713,GG Jackson,GG,1610612763,MEM,19.0,48,14,34,0.292,25.7,103.2,104.3,104.3,111.7,111.4,111.4,-8.4,-7.1,-7.1,0.082,0.91,7.8,0.04,0.114,0.076,8.6,8.6,0.519,0.554,0.238,0.241,100.36,100.0,83.33,100.0,0.095,2564,241,563,5.0,11.7,0.428,306,361,446,457,171,488,469,469,257,230,230,442,407,407,411,500,537,251,308,303,222,229,338,321,84,91,320,347,347,218,173,159,112,93,385,2023-24
1629216,Gabe Vincent,Gabe,1610612747,LAL,28.0,11,7,4,0.636,19.8,109.4,109.8,109.8,103.0,103.0,103.0,6.4,6.8,6.8,0.126,4.2,27.6,0.019,0.022,0.02,6.6,6.6,0.337,0.341,0.105,0.108,103.77,103.55,86.29,103.55,0.014,469,15,49,1.4,4.5,0.306,485,440,45,108,252,340,324,324,39,47,47,97,86,86,275,25,77,445,555,559,88,88,538,543,537,538,77,105,105,546,464,447,417,325,534,2023-24
202066,Garrett Temple,Garrett,1610612761,TOR,38.0,27,5,22,0.185,10.7,100.0,100.3,100.3,114.8,113.4,113.4,-14.8,-13.1,-13.1,0.14,2.0,21.4,0.058,0.093,0.075,10.7,10.8,0.449,0.502,0.147,0.15,101.21,101.65,84.71,101.65,0.059,612,29,78,1.1,2.9,0.372,404,466,262,522,431,514,501,501,407,318,318,529,510,510,230,238,178,167,421,314,396,402,482,455,384,390,258,215,215,458,427,411,456,440,490,2023-24
1629726,Garrison Mathews,Garrison,1610612737,ATL,27.0,66,29,37,0.439,15.0,111.3,111.8,111.8,116.2,115.8,115.8,-4.9,-4.0,-4.0,0.049,1.95,12.5,0.017,0.079,0.047,6.4,6.3,0.644,0.665,0.11,0.115,101.73,101.65,84.71,101.65,0.047,2095,103,226,1.6,3.4,0.456,170,213,475,366,337,266,255,255,465,443,443,365,355,355,533,261,432,460,489,506,82,78,39,38,522,521,212,217,217,501,297,301,383,397,269,2023-24
203914,Gary Harris,Gary,1610612753,ORL,29.0,54,35,19,0.648,24.0,112.3,113.6,113.6,110.1,110.3,110.3,2.3,3.3,3.3,0.09,2.81,20.2,0.019,0.055,0.037,7.2,7.1,0.569,0.587,0.114,0.118,99.17,98.53,82.11,98.53,0.057,2664,131,297,2.4,5.5,0.441,271,155,226,102,196,234,203,203,184,177,177,194,157,157,371,100,209,438,539,547,116,112,169,198,512,512,430,456,456,476,269,263,285,266,325,2023-24
1627780,Gary Payton II,Gary,1610612744,GSW,31.0,44,27,17,0.614,15.5,116.0,114.7,114.7,108.8,108.9,108.9,7.2,5.8,5.8,0.094,1.78,17.9,0.066,0.097,0.081,10.1,10.1,0.617,0.621,0.13,0.135,103.02,103.5,86.25,103.5,0.078,1465,103,183,2.3,4.2,0.563,326,231,199,155,330,105,159,159,124,126,126,83,101,101,358,300,272,142,400,256,350,351,59,97,457,451,113,109,109,339,297,331,294,339,69,2023-24
1629018,Gary Trent Jr.,Gary,1610612761,TOR,25.0,71,24,47,0.338,28.1,112.1,113.7,113.7,117.2,118.2,118.2,-5.1,-4.6,-4.6,0.084,2.53,11.4,0.012,0.083,0.047,4.5,4.5,0.531,0.548,0.195,0.201,101.35,100.18,83.49,100.18,0.077,4159,361,847,5.1,11.9,0.426,118,257,534,431,127,245,197,197,490,505,505,371,364,364,405,136,472,513,470,508,39,38,290,340,172,175,246,332,332,346,99,79,108,90,388,2023-24
1627777,Georges Niang,Georges,1610612739,CLE,31.0,82,48,34,0.585,22.3,113.6,114.4,114.4,112.8,113.9,113.9,0.8,0.6,0.6,0.075,1.36,11.9,0.012,0.138,0.076,8.7,8.7,0.567,0.583,0.173,0.177,99.45,98.61,82.18,98.61,0.069,3766,284,632,3.5,7.7,0.449,2,36,446,199,216,194,170,170,311,343,343,228,235,235,443,403,457,512,208,302,237,236,177,212,250,260,399,453,453,390,149,135,200,187,296,2023-24
203507,Giannis Antetokounmpo,Giannis,1610612749,MIL,29.0,73,45,28,0.616,35.2,118.7,119.8,119.8,112.5,113.2,113.2,6.2,6.6,6.6,0.314,1.9,19.6,0.077,0.237,0.159,10.3,10.2,0.624,0.649,0.32,0.327,102.89,102.1,85.09,102.1,0.197,5451,837,1369,11.5,18.8,0.611,99,66,361,150,21,42,43,43,296,311,311,100,88,88,22,271,218,114,29,44,368,365,53,55,6,6,124,180,180,7,1,13,3,19,37,2023-24
1629048,Goga Bitadze,Goga,1610612753,ORL,24.0,62,34,28,0.548,15.4,108.8,112.1,112.1,109.7,110.3,110.3,-0.9,1.8,1.8,0.117,1.8,21.4,0.11,0.187,0.148,11.9,11.9,0.608,0.629,0.129,0.13,99.6,97.85,81.54,97.85,0.113,1947,126,209,2.0,3.4,0.603,200,165,361,265,331,361,249,249,160,179,179,283,203,203,293,296,179,37,90,62,464,462,74,78,461,477,382,511,511,127,272,310,322,403,39,2023-24
202330,Gordon Hayward,Gordon,1610612760,OKC,34.0,51,25,26,0.49,24.4,111.4,112.0,112.0,116.3,118.0,118.0,-5.0,-6.0,-6.0,0.17,2.39,23.3,0.03,0.116,0.072,9.7,9.7,0.51,0.548,0.175,0.18,101.54,100.51,83.76,100.51,0.087,2617,187,403,3.7,7.9,0.464,284,247,332,328,192,263,251,251,467,500,500,369,388,388,166,176,145,325,298,329,319,317,363,337,238,244,226,305,305,266,214,212,181,180,236,2023-24
1641711,Gradey Dick,Gradey,1610612761,TOR,20.0,60,18,42,0.3,21.1,104.5,105.1,105.1,118.6,119.1,119.1,-14.1,-13.9,-13.9,0.078,1.36,11.6,0.02,0.085,0.051,8.6,8.5,0.524,0.546,0.167,0.172,102.48,102.01,85.01,102.01,0.059,2693,189,445,3.2,7.4,0.425,215,316,515,452,231,465,448,448,521,522,522,523,518,518,431,404,462,430,457,482,221,219,325,353,276,286,153,188,188,457,212,198,220,197,389,2023-24
1629684,Grant Williams,Grant,1610612766,CHA,25.0,76,34,42,0.447,28.0,110.7,110.8,110.8,115.1,116.6,116.6,-4.3,-5.7,-5.7,0.114,1.6,18.4,0.04,0.11,0.075,11.5,11.5,0.56,0.588,0.157,0.161,100.44,99.74,83.12,99.74,0.065,4429,276,605,3.6,8.0,0.456,61,165,515,358,129,284,289,289,419,468,468,357,381,381,300,350,255,253,326,315,442,443,202,194,335,341,318,372,372,423,152,145,186,178,268,2023-24
1628960,Grayson Allen,Grayson,1610612756,PHX,28.0,75,45,30,0.6,33.5,117.7,119.0,119.0,112.7,113.9,113.9,5.0,5.1,5.1,0.117,2.39,21.3,0.021,0.094,0.059,8.9,8.9,0.649,0.679,0.143,0.145,101.07,99.96,83.3,99.96,0.087,5232,340,682,4.5,9.1,0.499,76,66,395,170,45,65,56,56,307,347,347,126,117,117,292,179,181,420,419,418,251,254,35,25,406,412,272,350,350,267,113,120,142,145,153,2023-24
1630535,Greg Brown III,Greg,1610612742,DAL,22.0,6,3,3,0.5,6.6,105.2,101.1,101.1,109.9,110.6,110.6,-4.8,-9.6,-9.6,0.138,1.0,17.4,0.064,0.122,0.094,17.4,17.4,0.5,0.501,0.178,0.184,111.67,113.53,94.61,113.53,0.044,94,5,11,0.8,1.8,0.455,525,489,39,300,497,455,496,496,174,197,197,363,461,461,236,480,285,148,267,202,555,555,383,456,228,231,5,7,7,508,521,530,491,500,272,2023-24
1630611,Gui Santos,Gui,1610612744,GSW,22.0,23,17,6,0.739,8.4,112.8,113.4,113.4,111.7,110.1,110.1,1.1,3.4,3.4,0.097,2.0,16.7,0.079,0.153,0.115,8.3,8.4,0.6,0.656,0.142,0.146,101.51,101.95,84.96,101.95,0.101,409,28,55,1.2,2.4,0.509,420,331,80,40,474,221,209,209,258,171,171,222,154,154,350,238,305,105,161,131,195,203,82,48,407,405,229,194,194,186,432,437,440,471,127,2023-24
1628977,Hamidou Diallo,Hamidou,1610612764,WAS,25.0,2,1,1,0.5,2.4,78.7,81.8,81.8,57.1,50.0,50.0,21.6,31.8,31.8,0.333,1.0,25.0,0.182,0.0,0.125,25.0,25.0,0.5,0.5,0.188,0.194,102.06,106.11,88.42,106.11,0.261,11,1,2,0.5,1.0,0.5,555,538,14,300,566,564,556,556,2,2,2,14,5,5,16,480,115,5,557,107,569,569,383,457,194,199,184,41,41,2,550,561,528,542,139,2023-24
203084,Harrison Barnes,Harrison,1610612758,SAC,32.0,82,46,36,0.561,29.0,112.9,114.1,114.1,115.0,115.7,115.7,-2.1,-1.7,-1.7,0.056,1.71,10.3,0.027,0.079,0.052,6.0,5.9,0.576,0.611,0.154,0.158,101.55,100.69,83.91,100.69,0.073,4996,347,732,4.2,8.9,0.474,2,52,469,248,115,218,181,181,417,440,440,311,304,304,518,324,493,359,488,472,65,65,145,120,353,361,224,290,290,375,110,109,153,148,209,2023-24
1628385,Harry Giles III,Harry,1610612747,LAL,26.0,23,11,12,0.478,4.3,107.0,107.5,107.5,127.9,123.3,123.3,-20.8,-15.8,-15.8,0.088,1.0,9.0,0.103,0.178,0.138,9.0,8.9,0.49,0.503,0.233,0.241,102.1,103.76,86.47,103.76,0.081,213,23,50,1.0,2.2,0.46,420,392,138,336,527,408,390,390,560,557,557,545,533,533,379,480,519,48,103,85,254,251,424,453,98,92,182,94,94,301,437,443,460,481,254,2023-24
1629312,Haywood Highsmith,Haywood,1610612748,MIA,27.0,66,39,27,0.591,20.7,109.5,110.1,110.1,108.7,109.0,109.0,0.7,1.1,1.1,0.074,2.06,15.6,0.048,0.107,0.078,7.6,7.6,0.581,0.587,0.121,0.124,98.14,97.7,81.42,97.7,0.067,2769,153,329,2.3,5.0,0.465,170,117,344,186,236,338,307,307,122,130,130,231,221,221,449,226,346,214,343,289,149,150,131,197,498,498,503,525,525,408,247,247,296,294,233,2023-24
1630929,Henri Drell,Henri,1610612741,CHI,24.0,4,2,2,0.5,7.5,128.3,120.6,120.6,115.5,113.4,113.4,12.8,7.2,7.2,0.154,2.0,23.5,0.029,0.111,0.065,11.8,11.8,0.5,0.506,0.155,0.163,104.07,108.3,90.25,108.3,0.043,68,4,10,1.0,2.5,0.4,542,511,28,300,481,9,32,32,437,321,321,25,80,80,197,238,138,336,317,379,457,461,383,448,350,327,61,25,25,511,527,531,460,458,442,2023-24
1630529,Herbert Jones,Herbert,1610612740,NOP,25.0,76,46,30,0.605,30.5,115.9,116.4,116.4,109.5,111.0,111.0,6.5,5.5,5.5,0.112,2.14,20.9,0.033,0.084,0.059,9.8,9.8,0.595,0.636,0.141,0.143,99.72,98.85,82.37,98.85,0.076,4767,293,588,3.9,7.7,0.498,61,52,395,161,91,108,110,110,147,210,210,96,112,112,309,214,190,301,460,420,321,326,96,69,412,421,367,432,432,359,146,149,172,183,154,2023-24
1641816,Hunter Tyson,Hunter,1610612743,DEN,24.0,18,14,4,0.778,2.7,108.9,100.9,100.9,104.1,98.1,98.1,4.8,2.7,2.7,0.059,1.0,8.3,0.022,0.148,0.09,8.3,8.3,0.5,0.5,0.186,0.204,103.33,110.55,92.13,110.55,0.038,113,8,20,0.4,1.1,0.4,450,361,45,25,561,359,497,497,47,27,27,133,176,176,508,480,529,407,177,214,195,197,383,457,200,168,99,16,16,518,505,501,540,538,442,2023-24
1630641,Ibou Badji,Ibou,1610612757,POR,21.0,22,5,17,0.227,10.3,94.0,95.5,95.5,112.8,112.3,112.3,-18.8,-16.8,-16.8,0.088,0.87,23.2,0.081,0.14,0.109,26.8,27.1,0.636,0.623,0.079,0.08,101.54,100.97,84.14,100.97,0.033,470,14,22,0.6,1.0,0.636,427,466,199,501,438,539,525,525,313,276,276,541,534,534,376,505,148,97,197,147,571,571,44,94,562,564,227,267,267,525,473,495,511,542,28,2023-24
1630193,Immanuel Quickley,Immanuel,1610612761,TOR,25.0,68,28,40,0.412,29.2,112.1,113.2,113.2,113.2,114.2,114.2,-1.1,-1.0,-1.0,0.245,3.28,23.1,0.008,0.12,0.064,7.1,7.0,0.53,0.577,0.233,0.238,101.37,100.43,83.69,100.43,0.119,4157,388,894,5.7,13.1,0.434,148,221,501,375,111,239,216,216,329,365,365,284,285,285,88,54,149,537,281,384,106,108,295,237,97,97,240,312,312,106,85,68,86,76,357,2023-24
1630171,Isaac Okoro,Isaac,1610612739,CLE,23.0,69,41,28,0.594,27.3,112.6,113.1,113.1,109.3,110.7,110.7,3.3,2.4,2.4,0.095,2.44,18.3,0.036,0.072,0.054,7.5,7.4,0.577,0.599,0.136,0.14,99.07,98.24,81.86,98.24,0.067,3838,235,480,3.4,7.0,0.49,138,97,361,180,138,226,219,219,138,199,199,167,189,189,352,162,259,286,513,457,140,141,141,153,429,433,440,490,490,409,179,184,202,207,168,2023-24
1628392,Isaiah Hartenstein,Isaiah,1610612752,NYK,26.0,75,47,28,0.627,25.3,118.0,120.3,120.3,109.7,110.3,110.3,8.3,10.0,10.0,0.127,2.02,26.6,0.129,0.201,0.165,13.2,13.0,0.645,0.67,0.116,0.119,99.09,97.89,81.58,97.89,0.113,3876,235,365,3.1,4.9,0.644,76,45,361,126,178,57,35,35,161,178,178,67,48,48,273,232,94,17,69,37,509,505,36,35,510,510,438,510,510,129,179,234,223,302,26,2023-24
1630543,Isaiah Jackson,Isaiah,1610612754,IND,22.0,60,37,23,0.617,12.8,114.0,114.5,114.5,112.2,111.7,111.7,1.7,2.7,2.7,0.085,1.28,13.7,0.121,0.187,0.154,10.7,10.6,0.665,0.689,0.165,0.17,104.64,104.64,87.2,104.64,0.122,1673,155,233,2.6,3.9,0.665,215,139,272,148,378,187,169,169,285,247,247,203,179,179,395,430,405,21,92,53,393,393,26,19,291,292,43,66,66,95,244,291,265,361,17,2023-24
1630198,Isaiah Joe,Isaiah,1610612760,OKC,24.0,78,54,24,0.692,18.5,116.8,116.6,116.6,108.2,107.5,107.5,8.6,9.1,9.1,0.093,2.11,15.2,0.022,0.098,0.061,7.2,7.2,0.609,0.626,0.157,0.162,102.98,103.43,86.19,103.43,0.09,3144,222,485,2.8,6.2,0.458,43,18,282,64,268,75,103,103,100,97,97,64,56,56,363,222,360,405,392,409,122,118,71,88,336,336,117,111,111,249,190,181,237,240,265,2023-24
1630587,Isaiah Livers,Isaiah,1610612765,DET,25.0,23,1,22,0.043,20.4,106.1,106.1,106.1,124.1,125.4,125.4,-17.9,-19.3,-19.3,0.071,1.56,15.2,0.03,0.073,0.05,9.7,9.7,0.44,0.46,0.122,0.126,104.09,103.54,86.28,103.54,0.026,1011,40,116,1.7,5.0,0.345,420,538,262,559,240,434,422,422,556,561,561,537,538,538,462,355,361,322,511,484,315,316,495,505,494,492,59,106,106,540,399,376,356,288,516,2023-24
1630600,Isaiah Mobley,Isaiah,1610612739,CLE,24.0,10,2,8,0.2,7.2,96.6,93.8,93.8,118.5,113.8,113.8,-21.9,-20.0,-20.0,0.14,3.0,18.8,0.041,0.115,0.074,6.3,6.2,0.479,0.471,0.16,0.171,93.09,96.44,80.37,96.44,0.058,144,10,24,1.0,2.4,0.417,493,511,110,510,491,528,533,533,516,340,340,547,543,543,231,75,242,250,305,318,75,72,446,492,312,288,564,561,561,466,487,488,460,469,409,2023-24
1630191,Isaiah Stewart,Isaiah,1610612765,DET,23.0,46,9,37,0.196,30.9,109.4,110.3,110.3,113.9,114.5,114.5,-4.5,-4.2,-4.2,0.069,1.11,13.1,0.053,0.161,0.107,11.8,11.8,0.575,0.6,0.143,0.146,101.31,100.63,83.86,100.63,0.081,2979,186,382,4.0,8.3,0.487,315,412,475,514,87,339,303,303,359,377,377,362,359,359,467,468,420,189,146,153,461,460,149,151,402,409,249,294,294,311,216,218,163,168,176,2023-24
202738,Isaiah Thomas,Isaiah,1610612756,PHX,35.0,6,4,2,0.667,3.2,106.3,90.5,90.5,125.2,133.3,133.3,-19.0,-42.9,-42.9,0.25,0.0,23.1,0.0,0.0,0.0,0.0,0.0,0.4,0.4,0.227,0.265,95.69,100.29,83.58,100.29,0.047,42,3,10,0.5,1.7,0.3,525,482,28,76,548,431,540,540,557,566,566,542,564,564,79,541,150,545,557,561,1,1,517,527,105,51,553,323,323,500,537,531,528,511,536,2023-24
1631209,Isaiah Wong,Isaiah,1610612754,IND,23.0,1,1,0,1.0,4.3,75.0,75.0,75.0,139.6,122.2,122.2,-64.6,-47.2,-47.2,0.0,0.0,0.0,0.0,0.0,0.0,0.0,0.0,0.333,0.333,0.375,0.375,88.98,95.25,79.38,95.25,0.0,8,1,3,1.0,3.0,0.333,565,538,1,1,530,566,564,564,567,553,553,570,566,566,553,541,553,545,557,561,1,1,539,545,4,3,567,567,567,556,550,558,460,430,521,2023-24
202397,Ish Smith,Ish,1610612766,CHA,35.0,43,6,37,0.14,17.2,101.8,101.7,101.7,118.6,119.2,119.2,-16.8,-17.5,-17.5,0.268,3.09,41.2,0.014,0.094,0.051,13.4,13.4,0.43,0.435,0.119,0.122,100.76,100.59,83.82,100.59,0.057,1549,66,158,1.5,3.7,0.418,330,458,475,546,290,503,493,493,520,527,527,536,535,535,57,71,9,496,418,479,514,514,503,519,502,503,298,297,297,471,358,345,390,376,405,2023-24
1630688,Ish Wainright,Ish,1610612756,PHX,29.0,11,2,9,0.182,5.7,85.1,78.5,78.5,88.5,84.8,84.8,-3.4,-6.3,-6.3,0.029,0.5,3.6,0.038,0.169,0.097,7.1,7.2,0.438,0.462,0.166,0.181,101.94,108.48,90.4,108.48,0.089,144,7,24,0.6,2.2,0.292,485,511,118,523,509,559,563,563,10,11,11,343,395,395,547,532,552,273,124,190,110,115,496,502,289,241,196,23,23,253,512,488,511,479,540,2023-24
1627826,Ivica Zubac,Ivica,1610612746,LAC,27.0,68,42,26,0.618,26.4,115.7,117.1,117.1,110.8,112.4,112.4,4.9,4.7,4.7,0.075,1.18,12.1,0.117,0.235,0.179,10.3,10.3,0.649,0.671,0.165,0.166,98.14,96.89,80.74,96.89,0.125,3628,337,519,5.0,7.6,0.649,148,88,332,142,160,115,92,92,215,279,279,128,128,128,444,451,447,25,32,21,367,373,32,34,292,308,502,552,552,85,115,170,120,191,23,2023-24
1631167,Izaiah Brockington,Izaiah,1610612740,NOP,24.0,1,1,0,1.0,3.4,127.1,150.0,150.0,121.0,100.0,100.0,6.2,50.0,50.0,0.0,0.0,0.0,0.125,0.167,0.143,0.0,0.0,0.4,0.4,0.385,0.372,119.74,120.59,100.49,120.59,0.128,8,2,5,2.0,5.0,0.4,565,538,1,1,546,10,2,2,547,34,34,104,3,3,553,541,553,20,133,77,1,1,517,527,3,4,2,2,2,74,541,551,326,292,442,2023-24
1631120,JD Davison,JD,1610612738,BOS,21.0,8,8,0,1.0,4.9,118.6,112.8,112.8,83.3,83.1,83.1,35.2,29.6,29.6,0.303,5.0,38.5,0.048,0.16,0.109,7.7,7.8,0.542,0.581,0.16,0.166,104.96,107.66,89.72,107.66,0.145,86,5,12,0.6,1.5,0.417,510,423,1,1,520,47,228,228,6,9,9,4,8,8,29,13,15,216,147,149,152,160,254,217,317,305,37,32,32,36,521,528,514,519,409,2023-24
1630550,JT Thor,JT,1610612766,CHA,21.0,63,16,47,0.254,12.4,108.2,107.5,107.5,111.0,110.7,110.7,-2.7,-3.2,-3.2,0.052,1.93,12.3,0.053,0.132,0.091,6.4,6.4,0.514,0.519,0.113,0.116,99.38,99.86,83.22,99.86,0.059,1625,80,183,1.3,2.9,0.437,191,343,534,473,390,378,391,391,223,198,198,332,334,334,524,266,440,190,229,208,79,80,355,424,515,516,407,359,359,454,334,331,433,438,343,2023-24
1629630,Ja Morant,Ja,1610612763,MEM,24.0,9,6,3,0.667,35.3,109.9,111.0,111.0,109.7,111.1,111.1,0.2,-0.2,-0.2,0.384,2.7,24.5,0.019,0.134,0.077,9.1,9.1,0.512,0.57,0.296,0.305,102.22,101.08,84.23,101.08,0.157,675,80,170,8.9,18.9,0.471,498,458,39,76,17,316,283,283,162,224,224,245,263,263,8,112,124,444,219,297,261,262,360,266,18,18,174,258,258,20,334,336,20,15,221,2023-24
201580,JaVale McGee,JaVale,1610612758,SAC,36.0,46,28,18,0.609,7.4,109.6,108.5,108.5,111.6,110.4,110.4,-2.0,-1.9,-1.9,0.076,0.5,8.4,0.115,0.235,0.175,16.8,16.8,0.602,0.609,0.214,0.224,103.93,105.02,87.52,105.02,0.127,752,79,132,1.7,2.9,0.598,315,221,215,159,487,333,361,361,255,181,181,308,308,308,441,532,528,30,31,28,553,553,78,127,131,127,65,55,55,78,339,367,357,444,46,2023-24
1631095,Jabari Smith Jr.,Jabari,1610612745,HOU,21.0,76,39,37,0.513,31.9,110.6,111.9,111.9,113.2,113.8,113.8,-2.5,-1.9,-1.9,0.071,1.36,10.8,0.053,0.191,0.121,7.9,7.9,0.537,0.571,0.174,0.177,100.68,99.8,83.17,99.8,0.099,5045,378,833,5.0,11.0,0.454,61,117,475,296,75,291,252,252,327,342,342,323,311,311,455,405,483,187,85,115,169,169,268,264,244,256,301,365,365,198,91,85,116,110,278,2023-24
1631133,Jabari Walker,Jabari,1610612757,POR,21.0,72,18,54,0.25,23.6,104.7,107.1,107.1,116.2,116.5,116.5,-11.5,-9.5,-9.5,0.062,1.08,9.9,0.082,0.222,0.147,9.2,9.2,0.5,0.546,0.159,0.162,99.71,98.44,82.03,98.44,0.093,3484,234,509,3.3,7.1,0.46,108,316,558,474,199,462,398,398,464,466,466,494,457,457,493,470,501,96,42,63,271,271,383,347,320,339,369,471,471,229,182,173,211,204,257,2023-24
1631298,Jack White,Jack,1610612763,MEM,26.0,4,0,4,0.0,15.9,89.1,89.1,89.1,112.8,111.1,111.1,-23.7,-22.1,-22.1,0.024,0.5,5.3,0.047,0.136,0.083,10.5,10.5,0.188,0.188,0.11,0.115,101.75,102.56,85.47,102.56,0.011,137,2,16,0.5,4.0,0.125,542,560,45,560,318,551,545,545,315,220,220,550,548,548,552,532,548,218,213,244,381,383,557,562,523,522,209,148,148,550,541,517,528,352,559,2023-24
1631367,Jacob Gilyard,Jacob,1610612751,BKN,25.0,41,12,29,0.293,17.0,104.1,105.8,105.8,117.3,117.7,117.7,-13.2,-12.0,-12.0,0.29,4.57,43.2,0.012,0.056,0.033,9.5,9.4,0.57,0.573,0.112,0.114,98.46,97.53,81.27,97.53,0.077,1418,60,150,1.5,3.7,0.4,346,384,381,456,296,469,429,429,494,494,494,513,501,501,40,22,8,514,538,550,298,301,164,254,517,523,480,529,529,343,366,357,405,379,442,2023-24
1631210,Jacob Toppin,Jacob,1610612752,NYK,24.0,9,2,7,0.222,4.2,95.9,98.7,98.7,128.3,118.4,118.4,-32.4,-19.8,-19.8,0.143,3.0,21.4,0.077,0.148,0.106,7.1,7.2,0.611,0.658,0.133,0.132,92.67,94.99,79.16,94.99,0.09,75,5,9,0.6,1.0,0.556,498,511,93,502,532,530,515,515,561,510,510,557,542,542,221,75,173,111,177,158,110,119,68,46,444,462,565,568,568,244,521,535,520,542,79,2023-24
1630702,Jaden Hardy,Jaden,1610612742,DAL,21.0,73,44,29,0.603,13.6,109.2,108.1,108.1,114.6,114.5,114.5,-5.4,-6.5,-6.5,0.17,1.76,15.9,0.019,0.11,0.064,9.1,9.1,0.492,0.517,0.238,0.246,102.82,103.38,86.15,103.38,0.081,2136,195,479,2.7,6.6,0.407,99,72,381,169,369,346,373,373,400,381,381,380,397,397,167,309,330,442,327,385,262,263,421,427,85,81,132,114,114,306,210,189,251,223,430,2023-24
1631093,Jaden Ivey,Jaden,1610612765,DET,22.0,77,14,63,0.182,28.8,109.0,109.9,109.9,116.6,117.7,117.7,-7.6,-7.7,-7.7,0.196,1.56,18.6,0.038,0.081,0.059,11.9,11.9,0.492,0.536,0.244,0.248,102.62,101.74,84.78,101.74,0.076,4706,417,973,5.4,12.6,0.429,54,361,570,523,117,355,317,317,476,492,492,425,431,431,140,358,246,266,482,421,465,465,420,392,69,76,146,208,208,351,71,59,99,82,378,2023-24
1630183,Jaden McDaniels,Jaden,1610612750,MIN,23.0,72,48,24,0.667,29.2,113.5,114.2,114.2,108.8,110.4,110.4,4.7,3.8,3.8,0.067,1.16,11.9,0.028,0.078,0.054,10.2,10.2,0.557,0.571,0.156,0.159,98.37,97.36,81.13,97.36,0.056,4268,307,628,4.3,8.7,0.489,108,36,282,76,110,201,178,178,125,183,183,135,144,144,478,456,456,340,493,455,363,363,211,263,338,353,488,541,541,478,134,136,151,153,171,2023-24
1630531,Jaden Springer,Jaden,1610612738,BOS,21.0,49,32,17,0.653,10.3,113.5,112.4,112.4,113.5,112.9,112.9,0.0,-0.5,-0.5,0.121,1.29,17.9,0.064,0.093,0.078,13.8,13.9,0.432,0.49,0.167,0.172,99.27,99.98,83.31,99.98,0.055,1046,59,148,1.2,3.0,0.399,302,183,199,97,436,198,241,241,338,299,299,252,270,270,283,423,274,148,423,288,518,520,500,473,279,285,421,348,348,481,368,360,443,428,449,2023-24
203109,Jae Crowder,Jae,1610612749,MIL,33.0,50,25,25,0.5,23.1,112.3,112.3,112.3,114.2,114.9,114.9,-1.9,-2.6,-2.6,0.076,2.87,17.7,0.026,0.113,0.069,6.2,6.1,0.53,0.546,0.113,0.116,101.81,101.49,84.57,101.49,0.059,2441,114,270,2.3,5.4,0.422,291,247,311,300,205,236,245,245,376,399,399,302,318,318,438,97,280,371,313,352,70,71,296,349,514,515,207,229,229,463,287,275,299,275,399,2023-24
1630256,Jae'Sean Tate,Jae'Sean,1610612745,HOU,28.0,65,32,33,0.492,15.9,110.0,110.1,110.1,104.7,105.0,105.0,5.3,5.1,5.1,0.085,1.73,18.4,0.055,0.127,0.09,10.7,10.7,0.522,0.538,0.115,0.118,101.73,101.59,84.66,101.59,0.059,2168,108,229,1.7,3.5,0.472,181,183,437,327,319,309,312,312,52,68,68,119,120,120,393,317,253,184,244,213,394,394,332,382,511,513,211,221,221,462,291,296,369,385,214,2023-24
1630186,Jahmi'us Ramsey,Jahmi'us,1610612761,TOR,23.0,7,0,7,0.0,17.3,102.2,100.4,100.4,111.4,110.8,110.8,-9.3,-10.4,-10.4,0.103,1.14,13.6,0.033,0.13,0.085,11.9,11.9,0.512,0.538,0.18,0.184,101.69,102.87,85.72,102.87,0.085,259,18,41,2.6,5.9,0.439,518,560,93,560,289,500,500,500,245,206,206,451,474,474,334,462,411,303,233,236,463,466,359,381,221,229,214,138,138,274,447,453,267,254,336,2023-24
1631170,Jaime Jaquez Jr.,Jaime,1610612748,MIA,23.0,75,44,31,0.587,28.2,112.5,113.1,113.1,109.0,110.4,110.4,3.5,2.8,2.8,0.137,1.77,18.1,0.039,0.094,0.067,10.2,10.2,0.536,0.574,0.181,0.185,99.13,98.22,81.85,98.22,0.084,4319,341,697,4.5,9.3,0.489,76,72,406,195,125,230,217,217,130,182,182,163,173,173,240,304,266,258,414,367,360,361,270,253,217,225,433,491,491,277,112,117,141,139,170,2023-24
1631222,Jake LaRavia,Jake,1610612763,MEM,22.0,35,8,27,0.229,23.0,103.5,105.2,105.2,110.3,111.9,111.9,-6.8,-6.7,-6.7,0.116,1.29,12.8,0.056,0.093,0.074,9.9,9.9,0.477,0.54,0.201,0.205,100.97,99.45,82.88,99.45,0.083,1668,118,303,3.4,8.7,0.389,373,423,344,500,207,483,447,447,194,251,251,405,400,400,296,426,426,178,422,319,334,336,450,372,163,166,283,399,399,289,280,260,206,155,469,2023-24
1627751,Jakob Poeltl,Jakob,1610612761,TOR,28.0,50,21,29,0.42,26.4,112.6,113.6,113.6,113.0,114.2,114.2,-0.3,-0.6,-0.6,0.131,1.65,20.3,0.11,0.214,0.162,12.3,12.2,0.656,0.653,0.16,0.162,101.51,100.54,83.78,100.54,0.117,2763,248,378,5.0,7.6,0.656,291,289,381,370,161,225,204,204,318,363,363,265,273,273,259,340,207,38,55,41,483,482,30,52,318,334,230,303,303,114,170,222,119,195,19,2023-24
1628973,Jalen Brunson,Jalen,1610612752,NYK,27.0,77,49,28,0.636,35.4,117.9,121.2,121.2,111.9,112.6,112.6,6.0,8.6,8.6,0.315,2.79,20.5,0.015,0.088,0.051,7.4,7.2,0.543,0.592,0.311,0.321,98.3,96.68,80.56,96.68,0.156,5508,790,1648,10.3,21.4,0.479,54,29,361,108,16,59,22,22,277,287,287,108,64,64,20,103,200,480,446,480,131,125,250,182,11,11,493,555,555,23,5,2,6,3,199,2023-24
1630622,Jalen Crutcher,Jalen,1610612740,NOP,24.0,1,1,0,1.0,2.7,120.0,120.0,120.0,91.9,100.0,100.0,28.1,20.0,20.0,0.0,0.0,0.0,0.0,0.0,0.0,0.0,0.0,0.0,0.0,0.167,0.2,94.55,90.57,75.47,90.57,-0.08,5,0,1,0.0,1.0,0.0,565,538,1,1,562,29,40,40,13,34,34,7,14,14,553,541,553,545,557,561,1,1,561,563,282,178,559,572,572,570,561,565,561,542,561,2023-24
1631105,Jalen Duren,Jalen,1610612765,DET,20.0,61,13,48,0.213,29.1,107.5,109.3,109.3,115.7,117.0,117.0,-8.2,-7.6,-7.6,0.123,1.14,16.0,0.105,0.285,0.194,14.1,14.0,0.619,0.653,0.181,0.184,102.43,101.02,84.19,101.02,0.137,3730,349,564,5.7,9.2,0.619,206,377,539,507,113,398,343,343,445,477,477,436,427,427,280,464,329,46,9,9,525,524,57,50,218,228,160,263,263,51,108,158,85,141,32,2023-24
1630224,Jalen Green,Jalen,1610612745,HOU,22.0,82,41,41,0.5,31.7,112.1,113.8,113.8,112.8,113.8,113.8,-0.7,0.0,0.0,0.17,1.52,14.8,0.015,0.143,0.078,9.7,9.7,0.498,0.541,0.27,0.276,101.47,100.26,83.55,100.26,0.111,5448,563,1332,6.9,16.2,0.423,2,97,507,300,76,242,194,194,312,341,341,277,256,256,165,373,371,485,186,286,320,315,405,366,39,41,232,327,327,139,27,15,60,40,397,2023-24
1641720,Jalen Hood-Schifino,Jalen,1610612747,LAL,21.0,21,10,11,0.476,5.2,91.4,88.9,88.9,114.9,111.9,111.9,-23.5,-23.0,-23.0,0.129,0.89,11.1,0.017,0.096,0.057,12.5,12.7,0.244,0.316,0.242,0.251,100.76,103.5,86.25,103.5,-0.018,235,10,45,0.5,2.1,0.222,435,403,134,338,514,543,548,548,412,254,254,549,550,550,265,502,476,458,406,437,490,498,553,547,70,69,297,108,108,562,487,452,537,484,551,2023-24
1630552,Jalen Johnson,Jalen,1610612737,ATL,22.0,56,27,29,0.482,33.7,113.5,113.3,113.3,114.8,115.2,115.2,-1.3,-1.9,-1.9,0.154,2.01,19.0,0.036,0.211,0.122,9.5,9.4,0.562,0.584,0.184,0.19,103.84,103.77,86.48,103.77,0.117,4084,359,702,6.4,12.5,0.511,252,231,381,333,42,200,212,212,410,415,415,288,310,310,196,237,239,282,56,112,299,299,192,207,207,209,73,93,93,111,103,116,72,83,123,2023-24
1629667,Jalen McDaniels,Jalen,1610612761,TOR,26.0,50,12,38,0.24,10.8,101.6,100.9,100.9,115.6,115.0,115.0,-14.0,-14.1,-14.1,0.105,1.23,13.7,0.031,0.11,0.069,11.1,11.0,0.376,0.412,0.179,0.186,101.19,101.84,84.87,101.84,0.036,1141,65,189,1.3,3.8,0.344,291,384,488,493,430,506,498,498,442,402,402,520,522,522,329,437,406,317,329,348,417,416,527,524,223,224,261,203,203,519,359,325,427,369,517,2023-24
1629618,Jalen Pickett,Jalen,1610612743,DEN,24.0,27,20,7,0.741,4.5,107.3,102.3,102.3,109.2,104.8,104.8,-1.9,-2.4,-2.4,0.25,2.33,31.3,0.009,0.1,0.057,13.4,13.5,0.557,0.571,0.164,0.175,95.91,100.31,83.59,100.31,0.076,257,15,35,0.6,1.3,0.429,404,297,93,39,526,403,490,490,134,65,65,304,315,315,79,186,44,535,386,432,515,516,212,262,294,271,550,322,322,354,464,466,520,525,378,2023-24
1641771,Jalen Slawson,Jalen,1610612758,SAC,24.0,12,8,4,0.667,3.1,110.3,105.3,105.3,118.1,114.9,114.9,-7.7,-9.5,-9.5,0.071,1.0,20.0,0.027,0.162,0.095,20.0,20.0,0.667,0.667,0.088,0.093,93.21,96.71,80.59,96.71,0.046,75,4,6,0.3,0.5,0.667,482,423,45,76,551,302,445,445,504,397,397,428,459,459,455,480,211,356,143,196,559,560,22,36,556,555,563,554,554,504,527,543,548,565,12,2023-24
1630188,Jalen Smith,Jalen,1610612754,IND,24.0,61,36,25,0.59,17.2,118.1,119.5,119.5,118.9,118.6,118.6,-0.7,1.0,1.0,0.078,1.43,11.6,0.104,0.219,0.16,8.1,8.0,0.67,0.682,0.187,0.193,103.47,102.98,85.82,102.98,0.124,2231,234,395,3.8,6.5,0.592,206,146,311,187,293,53,50,50,524,513,513,279,227,227,428,392,466,47,48,43,180,179,21,22,196,201,90,132,132,86,182,214,174,229,50,2023-24
1630591,Jalen Suggs,Jalen,1610612753,ORL,23.0,75,43,32,0.573,27.0,110.6,111.8,111.8,109.3,110.8,110.8,1.3,1.0,1.0,0.147,1.55,18.3,0.024,0.095,0.058,11.8,11.8,0.578,0.602,0.191,0.194,101.05,99.85,83.21,99.85,0.088,4212,336,714,4.5,9.5,0.471,76,79,425,221,146,288,257,257,137,204,204,216,224,224,213,361,257,389,412,426,459,459,139,143,181,196,274,360,360,259,117,115,144,134,221,2023-24
1631114,Jalen Williams,Jalen,1610612760,OKC,23.0,71,51,20,0.718,31.3,117.5,117.7,117.7,108.6,108.9,108.9,9.0,8.8,8.8,0.202,2.62,21.0,0.017,0.102,0.062,8.0,8.0,0.592,0.621,0.232,0.236,103.18,102.94,85.78,102.94,0.123,4752,536,993,7.5,14.0,0.54,118,26,237,45,85,67,74,74,116,125,125,55,59,59,133,127,189,456,376,396,176,177,99,96,100,102,107,135,135,90,33,54,47,65,87,2023-24
1630592,Jalen Wilson,Jalen,1610612751,BKN,23.0,43,14,29,0.326,15.5,111.4,111.4,111.4,111.9,113.0,113.0,-0.5,-1.6,-1.6,0.095,2.37,17.2,0.068,0.128,0.097,7.3,7.2,0.492,0.537,0.138,0.143,97.48,97.01,80.84,97.01,0.075,1351,76,179,1.8,4.2,0.425,330,361,381,442,329,261,269,269,273,303,303,269,302,302,356,180,293,134,243,188,124,122,422,385,424,425,526,550,550,361,342,334,353,338,390,2023-24
1631288,Jamal Cain,Jamal,1610612748,MIA,25.0,26,14,12,0.538,10.0,106.8,105.4,105.4,109.7,108.8,108.8,-2.9,-3.4,-3.4,0.056,1.25,9.3,0.058,0.087,0.072,7.4,7.5,0.5,0.544,0.158,0.163,99.64,100.78,83.99,100.78,0.068,540,34,79,1.3,3.0,0.43,406,361,138,278,445,412,442,442,163,121,121,335,343,343,517,433,513,170,453,332,135,143,383,358,328,330,378,280,280,404,411,410,426,427,372,2023-24
1627750,Jamal Murray,Jamal,1610612743,DEN,27.0,59,44,15,0.746,31.5,119.5,120.7,120.7,111.8,112.4,112.4,7.7,8.2,8.2,0.296,3.07,24.6,0.024,0.105,0.066,8.0,7.9,0.554,0.586,0.273,0.282,98.5,97.75,81.46,97.75,0.137,3790,474,986,8.0,16.7,0.481,225,72,168,37,81,36,28,28,265,283,283,77,67,67,35,72,122,384,363,371,174,172,220,202,36,35,476,521,521,52,55,55,32,36,194,2023-24
1631123,Jamaree Bouyea,Jamaree,1610612759,SAS,25.0,9,2,7,0.222,10.5,94.1,94.0,94.0,103.4,101.5,101.5,-9.3,-7.5,-7.5,0.183,1.22,22.9,0.028,0.17,0.094,18.8,18.8,0.375,0.375,0.162,0.165,99.62,100.65,83.88,100.65,0.041,199,10,28,1.1,3.1,0.357,498,511,93,502,434,538,532,532,41,43,43,453,424,424,155,440,154,345,120,199,557,557,528,536,303,310,380,293,293,515,487,480,453,423,507,2023-24
1630547,James Bouknight,James,1610612766,CHA,23.0,14,0,14,0.0,5.8,107.3,107.8,107.8,119.5,115.2,115.2,-12.2,-7.3,-7.3,0.125,3.0,12.0,0.012,0.118,0.06,4.0,4.0,0.598,0.597,0.24,0.245,96.69,98.2,81.83,98.2,0.111,166,18,41,1.3,2.9,0.439,475,560,162,560,507,404,379,379,530,413,413,502,417,417,276,75,451,511,287,414,33,33,90,162,77,82,545,493,493,141,447,453,429,437,336,2023-24
201935,James Harden,James,1610612746,LAC,34.0,72,46,26,0.639,34.3,118.9,120.9,120.9,113.4,115.2,115.2,5.5,5.6,5.6,0.338,3.32,35.1,0.015,0.134,0.077,10.6,10.4,0.541,0.612,0.202,0.208,98.46,96.87,80.72,96.87,0.131,4988,352,822,4.9,11.4,0.428,108,52,332,107,32,41,25,25,335,418,418,113,107,107,14,52,27,486,216,295,385,378,255,115,156,153,481,553,553,69,107,86,125,102,383,2023-24
201949,James Johnson,James,1610612754,IND,37.0,9,4,5,0.444,5.2,117.8,112.6,112.6,109.6,108.8,108.8,8.1,3.8,3.8,0.186,1.6,33.3,0.021,0.075,0.045,20.8,20.9,0.3,0.368,0.137,0.142,101.56,104.25,86.87,104.25,0.019,103,3,10,0.3,1.1,0.3,498,482,64,359,512,61,231,231,156,123,123,70,142,142,152,348,33,417,502,517,565,565,545,538,426,426,222,78,78,543,537,531,548,538,536,2023-24
1630164,James Wiseman,James,1610612765,DET,23.0,63,9,54,0.143,17.3,104.2,104.8,104.8,118.1,118.2,118.2,-13.8,-13.4,-13.4,0.077,0.82,11.6,0.096,0.207,0.15,14.1,14.0,0.613,0.637,0.158,0.163,102.46,102.13,85.11,102.13,0.097,2315,187,305,3.0,4.8,0.613,191,412,558,542,288,468,458,458,505,504,504,517,514,514,436,508,469,63,62,57,526,525,65,67,327,325,157,174,174,207,214,259,228,304,36,2023-24
1641716,Jarace Walker,Jarace,1610612754,IND,20.0,33,18,15,0.545,10.3,119.1,117.3,117.3,116.0,114.6,114.6,3.1,2.7,2.7,0.138,2.35,23.4,0.036,0.159,0.096,9.9,9.9,0.509,0.527,0.155,0.162,102.98,104.41,87.01,104.41,0.08,740,45,110,1.4,3.3,0.409,380,316,168,270,437,39,87,87,461,385,385,176,180,180,236,184,142,284,152,192,339,341,368,408,345,340,118,70,70,318,392,384,417,409,427,2023-24
1630215,Jared Butler,Jared,1610612764,WAS,23.0,40,6,34,0.15,14.1,107.4,107.6,107.6,112.6,111.4,111.4,-5.3,-3.8,-3.8,0.321,2.52,32.1,0.015,0.083,0.049,12.8,12.7,0.547,0.579,0.194,0.2,102.91,103.36,86.13,103.36,0.103,1217,98,201,2.5,5.0,0.488,349,458,446,540,353,400,388,388,305,232,232,378,347,347,19,140,41,483,465,495,499,499,241,226,175,177,123,116,116,181,306,318,283,291,174,2023-24
1631197,Jared Rhoden,Jared,1610612765,DET,24.0,17,2,15,0.118,14.4,107.5,105.7,105.7,115.2,115.0,115.0,-7.7,-9.4,-9.4,0.085,2.0,15.4,0.012,0.123,0.068,7.7,7.7,0.591,0.597,0.135,0.141,98.79,99.72,83.1,99.72,0.068,513,33,66,1.9,3.9,0.5,453,511,168,551,348,397,433,433,426,407,407,427,456,456,391,238,353,510,265,356,152,158,102,161,434,430,463,373,373,402,419,430,335,362,139,2023-24
1628991,Jaren Jackson Jr.,Jaren,1610612763,MEM,24.0,66,22,44,0.333,32.2,104.9,106.6,106.6,112.7,113.9,113.9,-7.8,-7.3,-7.3,0.133,0.96,9.3,0.037,0.132,0.083,9.7,9.6,0.495,0.553,0.302,0.306,101.39,100.01,83.35,100.01,0.111,4418,516,1161,7.8,17.6,0.444,170,276,528,432,72,461,404,404,308,345,345,430,413,413,253,492,511,275,224,246,310,310,412,329,13,15,239,344,344,143,41,33,38,28,310,2023-24
1629020,Jarred Vanderbilt,Jarred,1610612747,LAL,25.0,29,14,15,0.483,20.0,113.6,113.6,113.6,109.0,109.4,109.4,4.7,4.2,4.2,0.077,1.29,18.7,0.073,0.164,0.12,14.5,14.4,0.553,0.578,0.111,0.115,104.08,103.85,86.54,103.85,0.077,1253,59,114,2.0,3.9,0.518,397,361,168,332,245,193,199,199,131,145,145,136,136,136,434,428,243,125,139,117,534,532,225,235,518,519,60,86,86,345,368,379,321,357,116,2023-24
1628386,Jarrett Allen,Jarrett,1610612739,CLE,26.0,77,46,31,0.597,31.7,114.9,115.5,115.5,109.9,110.7,110.7,5.0,4.8,4.8,0.128,1.74,16.3,0.103,0.231,0.168,9.4,9.4,0.634,0.664,0.191,0.195,99.26,98.66,82.22,98.66,0.149,5002,519,819,6.7,10.6,0.634,54,52,406,179,77,145,138,138,169,200,200,123,126,126,268,316,318,50,36,35,294,296,46,40,182,190,423,450,450,30,40,88,64,116,29,2023-24
1630554,Jason Preston,Jason,1610612762,UTA,24.0,7,2,5,0.286,10.2,121.8,120.4,120.4,106.5,105.3,105.3,15.3,15.1,15.1,0.25,8.0,43.2,0.082,0.133,0.109,5.4,5.4,0.316,0.316,0.121,0.123,101.37,102.57,85.47,102.57,0.079,152,6,19,0.9,2.7,0.316,518,511,64,459,441,17,34,34,72,73,73,21,22,22,79,5,7,95,221,145,58,58,544,548,499,501,241,146,146,322,515,505,486,449,529,2023-24
1631241,Javon Freeman-Liberty,Javon,1610612761,TOR,24.0,22,3,19,0.136,18.3,102.0,102.6,102.6,120.3,120.7,120.7,-18.3,-18.2,-18.2,0.143,1.6,19.4,0.038,0.141,0.087,12.1,12.2,0.484,0.547,0.17,0.172,102.59,102.12,85.1,102.12,0.08,856,55,124,2.5,5.6,0.444,427,489,226,547,272,501,485,485,539,542,542,540,536,536,220,348,227,272,192,231,475,481,436,345,267,281,148,176,176,312,377,371,276,259,313,2023-24
1629750,Javonte Green,Javonte,1610612741,CHI,30.0,9,5,4,0.556,25.6,117.6,117.8,117.8,111.5,112.8,112.8,6.2,5.0,5.0,0.027,0.71,5.5,0.09,0.219,0.154,7.7,7.5,0.667,0.681,0.159,0.164,98.78,98.13,81.77,98.13,0.121,473,45,75,5.0,8.3,0.6,498,466,45,259,174,66,73,73,251,298,298,103,122,122,551,519,546,71,49,55,152,149,22,23,321,317,465,496,496,100,392,417,115,166,43,2023-24
1630606,Javonte Smart,Javonte,1610612755,PHI,25.0,1,1,0,1.0,0.7,0.0,0.0,0.0,300.0,150.0,150.0,-300.0,-150.0,-150.0,0.0,0.0,0.0,0.0,0.0,0.0,0.0,0.0,0.0,0.0,0.0,0.0,72.0,108.0,90.0,108.0,0.0,1,0,0,0.0,0.0,0.0,565,538,1,1,571,571,571,571,572,570,570,572,572,572,553,541,553,545,557,561,1,1,561,563,569,569,571,30,30,556,561,569,561,569,561,2023-24
1629637,Jaxson Hayes,Jaxson,1610612747,LAL,24.0,70,41,29,0.586,12.5,110.7,109.6,109.6,114.8,114.4,114.4,-4.1,-4.7,-4.7,0.051,0.77,11.6,0.083,0.149,0.118,15.1,15.0,0.72,0.718,0.121,0.126,102.47,103.15,85.96,103.15,0.079,1877,126,175,1.8,2.5,0.72,128,97,381,197,388,286,331,331,408,371,371,350,368,368,527,514,467,94,170,120,540,540,6,9,496,491,156,125,125,323,272,335,351,458,4,2023-24
1630643,Jay Huff,Jay,1610612743,DEN,26.0,20,16,4,0.8,2.5,98.3,90.4,90.4,106.7,98.2,98.2,-8.4,-7.9,-7.9,0.071,2.0,10.5,0.041,0.167,0.107,5.3,5.3,0.7,0.724,0.14,0.155,102.06,110.94,92.45,110.94,0.117,114,9,15,0.5,0.8,0.6,439,343,45,18,565,523,542,542,77,28,28,441,436,436,455,238,488,249,133,154,54,55,11,8,414,370,185,14,14,110,497,520,539,557,43,2023-24
1627759,Jaylen Brown,Jaylen,1610612738,BOS,27.0,70,52,18,0.743,33.5,118.9,120.2,120.2,110.3,111.6,111.6,8.6,8.7,8.7,0.165,1.5,13.9,0.037,0.119,0.08,9.3,9.2,0.557,0.58,0.283,0.289,101.08,99.94,83.29,99.94,0.116,4873,627,1256,9.0,17.9,0.499,128,25,215,38,47,40,37,37,193,239,239,59,61,61,174,377,400,279,285,273,279,278,215,222,29,31,271,354,354,118,20,23,18,25,152,2023-24
1629669,Jaylen Nowell,Jaylen,1610612765,DET,24.0,13,3,10,0.231,16.4,103.6,103.6,103.6,109.3,111.0,111.0,-5.8,-7.4,-7.4,0.137,2.71,17.6,0.026,0.082,0.053,6.5,6.5,0.474,0.494,0.176,0.181,101.13,100.37,83.64,100.37,0.066,447,34,78,2.6,6.0,0.436,480,489,130,498,311,481,476,476,141,211,211,387,421,421,241,111,281,372,476,464,85,85,455,468,237,237,267,319,319,414,411,411,259,248,348,2023-24
1631119,Jaylin Williams,Jaylin,1610612760,OKC,22.0,69,48,21,0.696,13.0,115.3,114.7,114.7,108.2,107.9,107.9,7.0,6.8,6.8,0.162,3.24,28.2,0.041,0.216,0.131,8.7,8.7,0.533,0.561,0.133,0.137,100.87,101.25,84.38,101.25,0.096,1890,95,228,1.4,3.3,0.417,138,36,253,59,373,130,160,160,99,105,105,85,87,87,181,56,70,247,54,93,238,240,286,302,443,442,291,246,246,216,312,298,416,412,409,2023-24
1628369,Jayson Tatum,Jayson,1610612738,BOS,26.0,74,57,17,0.77,35.7,120.4,121.7,121.7,109.4,110.5,110.5,11.0,11.2,11.2,0.211,1.94,16.7,0.026,0.187,0.11,8.6,8.6,0.552,0.604,0.296,0.304,99.67,98.64,82.2,98.64,0.155,5436,672,1426,9.1,19.3,0.471,87,4,199,29,11,25,18,18,143,190,190,40,37,37,123,264,304,374,91,140,227,221,229,137,19,19,375,451,451,25,12,9,16,11,217,2023-24
1630288,Jeff Dowtin Jr.,Jeff,1610612755,PHI,27.0,12,7,5,0.583,11.8,111.8,111.0,111.0,106.0,104.1,104.1,5.7,6.8,6.8,0.262,5.4,39.1,0.02,0.114,0.067,7.2,7.2,0.681,0.689,0.124,0.13,97.28,98.52,82.1,98.52,0.139,292,20,36,1.7,3.0,0.556,482,440,64,201,400,251,284,284,65,58,58,110,85,85,66,11,13,427,309,369,123,113,18,20,484,475,533,457,457,47,441,464,366,430,79,2023-24
201145,Jeff Green,Jeff,1610612745,HOU,37.0,78,39,39,0.5,16.8,109.8,109.7,109.7,111.9,112.7,112.7,-2.1,-2.9,-2.9,0.079,1.52,12.8,0.033,0.099,0.065,8.4,8.4,0.529,0.59,0.152,0.157,101.09,100.77,83.97,100.77,0.076,2746,167,366,2.1,4.7,0.456,43,117,497,300,304,323,327,327,272,293,293,310,326,326,426,374,427,300,391,377,205,204,300,191,361,364,270,284,284,353,231,232,314,315,267,2023-24
203924,Jerami Grant,Jerami,1610612757,POR,30.0,54,17,37,0.315,33.9,105.9,107.8,107.8,115.1,117.5,117.5,-9.2,-9.6,-9.6,0.138,1.31,12.2,0.019,0.087,0.052,9.3,9.2,0.516,0.573,0.255,0.261,100.15,98.26,81.88,98.26,0.1,3751,383,850,7.1,15.7,0.451,271,331,475,448,39,436,381,381,423,487,487,449,462,462,238,416,442,435,451,470,284,283,346,255,54,56,335,488,488,192,90,77,58,47,289,2023-24
1630526,Jeremiah Robinson-Earl,Jeremiah,1610612740,NOP,23.0,39,22,17,0.564,8.6,108.3,106.2,106.2,110.4,108.1,108.1,-2.1,-1.9,-1.9,0.091,1.31,15.1,0.067,0.151,0.109,11.5,11.5,0.542,0.564,0.144,0.15,100.31,102.37,85.31,102.37,0.09,709,45,95,1.2,2.4,0.474,355,276,199,237,467,374,421,421,198,110,110,309,309,309,365,415,363,136,168,144,441,444,252,296,400,391,325,161,161,252,392,398,450,466,210,2023-24
1631110,Jeremy Sochan,Jeremy,1610612759,SAS,21.0,74,18,56,0.243,29.6,106.6,108.1,108.1,114.1,115.0,115.0,-7.5,-7.0,-7.0,0.161,1.78,20.3,0.06,0.153,0.106,11.4,11.4,0.483,0.513,0.187,0.189,103.06,101.92,84.93,101.92,0.082,4648,340,776,4.6,10.5,0.438,87,316,563,491,104,420,372,372,374,406,406,419,403,403,183,299,206,160,159,157,431,436,438,433,199,211,112,197,197,296,113,97,139,119,342,2023-24
1630579,Jericho Sims,Jericho,1610612752,NYK,25.0,45,30,15,0.667,13.0,108.1,109.0,109.0,110.0,109.7,109.7,-1.9,-0.7,-0.7,0.059,1.56,23.8,0.092,0.153,0.122,15.2,15.0,0.691,0.702,0.06,0.063,93.96,93.66,78.05,93.66,0.074,1140,38,55,0.8,1.2,0.691,323,201,168,76,374,382,353,353,179,159,159,306,275,275,508,355,133,70,160,111,542,541,15,13,566,566,561,569,569,365,403,437,489,529,9,2023-24
1631257,Jermaine Samuels Jr.,Jermaine,1610612745,HOU,25.0,14,8,6,0.571,4.3,110.0,104.4,104.4,120.8,114.0,114.0,-10.8,-9.6,-9.6,0.06,0.0,16.7,0.05,0.167,0.108,0.0,0.0,0.643,0.672,0.098,0.103,102.77,108.56,90.47,108.56,0.096,136,9,14,0.6,1.0,0.643,475,423,80,225,529,312,465,465,543,349,349,482,460,460,501,541,305,205,133,150,1,1,40,33,547,543,136,22,22,214,497,525,510,542,27,2023-24
1629010,Jerome Robinson,Jerome,1610612744,GSW,27.0,22,17,5,0.773,3.7,113.6,107.8,107.8,97.7,95.4,95.4,15.8,12.4,12.4,0.083,2.5,11.1,0.011,0.057,0.034,4.4,4.5,0.364,0.41,0.188,0.201,101.03,104.96,87.47,104.96,0.034,179,11,33,0.5,1.5,0.333,427,331,64,28,538,196,380,380,25,19,19,19,28,28,406,143,476,520,536,549,38,39,531,525,192,174,275,57,57,524,482,471,528,519,521,2023-24
1641724,Jett Howard,Jett,1610612753,ORL,20.0,18,9,9,0.5,3.7,99.8,95.2,95.2,97.7,91.9,91.9,2.1,3.3,3.3,0.162,2.0,14.6,0.016,0.082,0.051,7.3,7.4,0.45,0.457,0.22,0.23,100.84,106.44,88.7,106.44,0.067,147,10,30,0.6,1.7,0.333,450,412,118,300,536,516,527,527,24,14,14,198,156,156,180,238,377,475,473,476,126,133,481,507,124,112,292,38,38,407,487,475,520,511,521,2023-24
1628975,Jevon Carter,Jevon,1610612741,CHI,28.0,72,35,37,0.486,13.9,109.6,110.0,110.0,108.5,108.6,108.6,1.1,1.4,1.4,0.129,2.61,18.9,0.01,0.049,0.029,7.2,7.2,0.484,0.485,0.168,0.173,99.65,99.43,82.86,99.43,0.053,2078,138,365,1.9,5.1,0.378,108,155,475,330,360,334,315,315,111,119,119,223,210,210,264,128,240,527,544,555,121,124,437,476,275,278,376,402,402,492,265,234,339,287,485,2023-24
202710,Jimmy Butler III,Jimmy,1610612748,MIA,34.0,60,33,27,0.55,34.0,115.4,116.0,116.0,109.3,110.5,110.5,6.2,5.5,5.5,0.228,2.92,21.5,0.054,0.106,0.08,7.4,7.3,0.537,0.626,0.235,0.242,97.99,97.23,81.03,97.23,0.145,4131,396,793,6.6,13.2,0.499,215,173,344,263,38,125,122,122,136,185,185,102,110,110,101,88,171,185,352,269,133,130,267,86,90,90,513,543,543,37,80,95,66,74,151,2023-24
1629111,Jock Landale,Jock,1610612745,HOU,28.0,56,28,28,0.5,13.6,114.5,114.9,114.9,105.9,105.3,105.3,8.6,9.6,9.6,0.113,2.1,19.6,0.106,0.102,0.104,9.4,9.4,0.539,0.584,0.139,0.142,102.16,102.23,85.19,102.23,0.092,1628,106,206,1.9,3.7,0.515,252,221,361,300,366,168,154,154,64,74,74,61,50,50,304,223,217,41,374,170,292,294,263,208,422,427,180,170,170,235,296,312,342,374,119,2023-24
203925,Joe Harris,Joe,1610612765,DET,32.0,16,4,12,0.25,10.6,107.4,104.9,104.9,120.8,119.4,119.4,-13.4,-14.5,-14.5,0.079,2.5,18.5,0.017,0.057,0.037,7.4,7.4,0.487,0.489,0.104,0.109,102.24,104.06,86.72,104.06,0.022,371,14,39,0.9,2.4,0.359,461,482,138,474,433,401,455,455,544,528,528,516,527,527,425,143,248,459,534,545,135,139,430,475,538,534,172,82,82,541,473,458,485,465,504,2023-24
204060,Joe Ingles,Joe,1610612753,ORL,36.0,68,42,26,0.618,17.2,114.5,116.1,116.1,109.7,110.3,110.3,4.9,5.8,5.8,0.217,3.03,40.1,0.017,0.111,0.064,13.2,13.1,0.59,0.612,0.111,0.116,99.53,98.58,82.15,98.58,0.081,2412,99,227,1.5,3.3,0.436,148,88,332,142,291,165,118,118,159,176,176,131,100,100,112,73,11,465,324,382,512,510,104,118,519,517,391,454,454,304,304,300,406,408,347,2023-24
203954,Joel Embiid,Joel,1610612755,PHI,30.0,39,31,8,0.795,33.6,118.4,119.8,119.8,108.4,109.5,109.5,10.0,10.3,10.3,0.315,1.46,15.4,0.074,0.239,0.16,10.6,10.6,0.561,0.644,0.387,0.393,102.2,101.09,84.24,101.09,0.225,2750,450,851,11.5,21.8,0.529,355,193,110,19,44,52,44,44,104,147,147,46,44,44,21,387,351,123,26,42,386,386,198,60,2,2,179,257,257,3,61,75,1,2,105,2023-24
1628381,John Collins,John,1610612762,UTA,26.0,68,27,41,0.397,28.0,112.8,114.2,114.2,121.0,121.7,121.7,-8.1,-7.5,-7.5,0.06,0.79,7.7,0.079,0.222,0.149,9.8,9.8,0.59,0.621,0.199,0.203,102.26,101.3,84.42,101.3,0.111,4010,397,746,5.8,11.0,0.532,148,231,507,393,130,222,176,176,546,552,552,435,423,423,499,511,538,102,45,60,322,324,105,100,168,170,170,244,244,135,79,106,81,109,101,2023-24
1629723,John Konchar,John,1610612763,MEM,28.0,55,18,37,0.327,21.3,105.0,106.3,106.3,111.2,112.2,112.2,-6.1,-5.9,-5.9,0.13,2.39,29.3,0.058,0.164,0.108,12.3,12.3,0.514,0.537,0.096,0.098,99.76,98.73,82.28,98.73,0.082,2410,88,208,1.6,3.8,0.423,258,316,475,441,228,458,419,419,233,267,267,393,387,387,263,177,58,170,140,151,482,485,354,389,549,550,364,441,441,295,317,311,377,368,394,2023-24
1631098,Johnny Davis,Johnny,1610612764,WAS,22.0,50,8,42,0.16,12.3,104.5,104.9,104.9,115.6,115.2,115.2,-11.1,-10.3,-10.3,0.068,2.46,15.3,0.027,0.088,0.056,6.2,6.2,0.448,0.462,0.117,0.121,105.36,105.31,87.76,105.31,0.036,1341,62,154,1.2,3.1,0.403,291,423,515,534,392,466,453,453,443,420,420,487,473,473,477,160,357,361,447,442,73,75,486,504,507,506,29,51,51,520,364,351,437,426,439,2023-24
1630548,Johnny Juzang,Johnny,1610612762,UTA,23.0,20,5,15,0.25,18.6,111.5,114.3,114.3,115.3,116.1,116.1,-3.7,-1.8,-1.8,0.086,1.77,15.1,0.018,0.073,0.046,8.6,8.5,0.609,0.62,0.147,0.15,98.03,96.5,80.42,96.5,0.064,750,51,110,2.6,5.5,0.464,439,466,168,474,267,257,174,174,430,455,455,347,307,307,386,305,362,448,507,511,220,220,72,102,381,389,510,560,560,429,381,384,271,266,239,2023-24
202685,Jonas Valančiūnas,Jonas,1610612740,NOP,32.0,82,49,33,0.598,23.5,116.4,117.3,117.3,112.3,113.4,113.4,4.1,3.9,3.9,0.128,1.56,15.8,0.1,0.272,0.189,10.1,10.2,0.585,0.619,0.207,0.209,99.59,98.68,82.23,98.68,0.135,3959,402,719,4.9,8.8,0.559,2,29,437,177,201,94,86,86,288,319,319,146,141,141,270,357,339,52,12,15,356,356,115,104,148,151,385,448,448,56,76,112,124,150,73,2023-24
1628371,Jonathan Isaac,Jonathan,1610612753,ORL,26.0,58,35,23,0.603,15.8,113.6,113.0,113.0,102.3,102.1,102.1,11.4,10.9,10.9,0.047,1.11,8.0,0.083,0.201,0.144,7.2,7.1,0.584,0.61,0.16,0.168,98.34,98.72,82.26,98.72,0.136,1870,146,286,2.5,4.9,0.51,232,155,272,165,322,192,222,222,35,46,46,33,40,40,534,467,535,92,72,75,115,111,119,125,314,297,490,445,445,54,253,268,275,297,125,2023-24
1630228,Jonathan Kuminga,Jonathan,1610612744,GSW,21.0,74,40,34,0.541,26.3,115.0,115.1,115.1,110.9,112.2,112.2,4.0,2.9,2.9,0.123,1.34,12.8,0.047,0.126,0.087,9.6,9.5,0.56,0.598,0.237,0.243,102.63,101.96,84.96,101.96,0.109,4143,456,862,6.2,11.6,0.529,87,110,446,275,162,142,148,148,220,273,273,148,169,169,282,408,428,220,250,228,308,307,205,155,87,88,144,193,193,154,60,73,77,95,104,2023-24
1629007,Jontay Porter,Jontay,1610612761,TOR,24.0,26,6,20,0.231,13.8,107.6,105.8,105.8,114.6,115.0,115.0,-7.0,-9.2,-9.2,0.226,2.86,30.9,0.071,0.153,0.112,10.8,10.9,0.481,0.514,0.155,0.158,103.28,103.94,86.62,103.94,0.093,779,40,104,1.5,4.0,0.385,406,458,237,498,362,395,430,430,397,404,404,412,452,452,103,98,46,128,163,137,401,408,443,431,349,359,102,85,85,232,399,390,388,352,475,2023-24
203903,Jordan Clarkson,Jordan,1610612762,UTA,32.0,55,22,33,0.4,30.6,112.2,113.9,113.9,119.0,119.7,119.7,-6.8,-5.7,-5.7,0.247,1.9,21.0,0.028,0.083,0.055,11.1,11.0,0.469,0.521,0.255,0.261,101.85,100.77,83.98,100.77,0.09,3537,337,816,6.1,14.8,0.413,258,276,437,385,90,238,186,186,526,535,535,409,382,382,87,274,187,343,471,450,415,413,462,421,53,57,202,281,281,247,115,89,79,59,421,2023-24
1630259,Jordan Ford,Jordan,1610612758,SAC,26.0,6,2,4,0.333,3.6,139.7,128.9,128.9,108.3,100.0,100.0,31.4,28.9,28.9,0.118,2.0,18.2,0.0,0.1,0.051,9.1,9.2,0.714,0.761,0.184,0.195,90.38,97.91,81.59,97.91,0.119,45,4,7,0.7,1.2,0.571,525,511,45,432,541,3,6,6,102,34,34,5,9,9,290,238,262,545,386,475,264,274,8,3,208,189,566,508,508,105,527,541,503,532,62,2023-24
1630692,Jordan Goodwin,Jordan,1610612763,MEM,25.0,57,30,27,0.526,18.5,105.0,105.6,105.6,109.5,109.7,109.7,-4.5,-4.1,-4.1,0.219,2.77,25.0,0.077,0.151,0.113,9.0,9.0,0.424,0.451,0.182,0.187,99.15,98.75,82.29,98.75,0.097,2170,141,382,2.5,6.7,0.369,241,201,344,290,269,460,434,434,146,156,156,359,358,358,109,108,114,110,167,136,259,261,507,511,215,221,431,440,440,206,260,218,279,218,496,2023-24
1641722,Jordan Hawkins,Jordan,1610612740,NOP,22.0,67,38,29,0.567,17.3,113.1,113.4,113.4,113.9,114.3,114.3,-0.8,-0.9,-0.9,0.084,1.75,11.7,0.024,0.1,0.061,6.7,6.7,0.501,0.533,0.188,0.194,101.0,100.73,83.94,100.73,0.067,2450,174,456,2.6,6.8,0.382,166,124,381,233,287,209,210,210,362,367,367,281,280,280,403,310,459,393,385,403,94,91,382,395,190,198,279,286,286,410,226,194,263,214,478,2023-24
1629162,Jordan McLaughlin,Jordan,1610612750,MIN,28.0,56,35,21,0.625,11.2,112.8,111.1,111.1,100.3,100.1,100.1,12.5,11.0,11.0,0.229,5.79,38.9,0.029,0.087,0.058,6.7,6.7,0.628,0.638,0.119,0.123,99.28,100.16,83.47,100.16,0.108,1312,70,145,1.3,2.6,0.483,252,155,253,128,418,223,280,280,28,40,40,29,38,38,100,9,14,331,450,427,95,96,51,66,503,499,420,333,333,159,353,363,435,455,190,2023-24
1641757,Jordan Miller,Jordan,1610612746,LAC,24.0,8,5,3,0.625,3.5,102.0,95.2,95.2,116.8,119.7,119.7,-14.9,-24.4,-24.4,0.0,0.0,0.0,0.103,0.057,0.078,9.1,9.2,0.611,0.658,0.153,0.163,103.28,105.56,87.97,105.56,0.084,63,5,9,0.6,1.1,0.556,510,466,39,128,542,502,527,527,482,534,534,530,551,551,553,541,553,48,534,287,264,274,68,46,357,331,101,50,50,276,521,535,514,535,79,2023-24
1629670,Jordan Nwora,Jordan,1610612761,TOR,25.0,52,14,38,0.269,13.7,104.0,103.1,103.1,117.2,116.8,116.8,-13.2,-13.7,-13.7,0.134,1.17,14.3,0.038,0.166,0.102,12.2,12.1,0.535,0.565,0.213,0.222,103.9,104.52,87.1,104.52,0.103,1555,138,299,2.7,5.8,0.462,282,361,488,468,364,473,481,481,491,473,473,514,516,516,245,453,390,264,137,178,479,474,275,291,132,131,69,68,68,177,265,262,254,256,247,2023-24
1629673,Jordan Poole,Jordan,1610612764,WAS,25.0,78,15,63,0.192,30.1,107.8,108.4,108.4,117.9,119.5,119.5,-10.1,-11.1,-11.1,0.212,1.82,19.1,0.013,0.074,0.043,10.4,10.4,0.491,0.529,0.256,0.263,105.73,104.7,87.25,104.7,0.076,5123,490,1186,6.3,15.2,0.413,43,347,570,516,98,390,367,367,502,530,530,471,489,489,121,285,236,507,506,529,375,374,423,405,52,53,21,64,64,355,49,29,75,55,420,2023-24
1641775,Jordan Walsh,Jordan,1610612738,BOS,20.0,9,9,0,1.0,9.3,123.2,120.1,120.1,93.3,90.2,90.2,29.9,29.9,29.9,0.068,1.67,20.8,0.053,0.153,0.104,12.5,12.6,0.467,0.472,0.092,0.095,95.43,98.33,81.94,98.33,0.058,169,6,15,0.7,1.7,0.4,498,412,1,1,455,14,39,39,15,13,13,6,7,7,470,334,193,186,162,168,490,493,466,489,554,554,555,485,485,468,515,520,503,511,442,2023-24
1630631,Jose Alvarado,Jose,1610612740,NOP,26.0,56,38,18,0.679,18.4,117.4,117.3,117.3,104.9,105.2,105.2,12.6,12.0,12.0,0.154,2.93,22.2,0.024,0.096,0.061,7.6,7.6,0.525,0.54,0.168,0.172,100.24,100.12,83.43,100.12,0.081,2137,142,345,2.5,6.2,0.412,252,124,215,72,270,68,88,88,55,72,72,27,31,31,195,86,161,382,404,408,150,153,317,375,274,279,330,336,336,305,258,244,273,243,423,2023-24
1630581,Josh Giddey,Josh,1610612760,OKC,21.0,80,56,24,0.7,25.1,118.7,119.6,119.6,110.9,111.5,111.5,7.8,8.2,8.2,0.252,2.3,26.6,0.058,0.19,0.127,11.6,11.5,0.523,0.547,0.223,0.227,102.99,102.32,85.27,102.32,0.122,4299,402,847,5.0,10.6,0.475,23,10,282,52,179,44,47,47,219,235,235,72,69,69,77,193,93,169,87,105,447,445,328,346,116,121,115,164,164,92,76,79,111,117,206,2023-24
1630182,Josh Green,Josh,1610612742,DAL,23.0,57,32,25,0.561,26.4,115.8,116.7,116.7,117.8,118.8,118.8,-2.0,-2.1,-2.1,0.111,2.17,22.1,0.026,0.096,0.061,10.2,10.2,0.575,0.588,0.129,0.132,102.25,101.44,84.53,101.44,0.063,3166,179,374,3.1,6.6,0.479,241,183,311,246,158,111,99,99,498,515,515,307,312,312,311,209,164,364,405,410,361,360,147,196,458,465,171,231,231,436,223,228,222,224,201,2023-24
1628404,Josh Hart,Josh,1610612752,NYK,29.0,81,49,32,0.605,33.4,114.7,117.2,117.2,110.0,110.6,110.6,4.7,6.6,6.6,0.164,2.81,28.1,0.046,0.205,0.123,10.0,10.0,0.493,0.522,0.133,0.135,97.08,95.77,79.81,95.77,0.1,5397,295,679,3.6,8.4,0.434,18,29,425,163,50,159,90,90,180,196,196,138,90,90,176,101,71,225,64,110,346,345,418,417,442,452,536,565,565,196,144,122,185,162,356,2023-24
1631169,Josh Minott,Josh,1610612750,MIN,21.0,32,23,9,0.719,2.9,110.2,105.5,105.5,103.4,99.5,99.5,6.7,6.0,6.0,0.119,4.0,15.7,0.039,0.141,0.088,3.9,3.8,0.528,0.593,0.173,0.191,108.09,112.61,93.84,112.61,0.124,218,17,36,0.5,1.1,0.472,385,270,118,44,558,306,438,438,42,33,33,91,96,96,288,29,341,257,189,226,32,32,307,180,253,204,11,9,9,87,456,464,526,535,213,2023-24
1629006,Josh Okogie,Josh,1610612756,PHX,25.0,60,37,23,0.617,16.0,112.3,112.8,112.8,111.2,111.5,111.5,1.2,1.3,1.3,0.091,1.78,18.2,0.079,0.081,0.08,10.3,10.3,0.488,0.552,0.125,0.128,101.29,100.88,84.07,100.88,0.068,2008,86,206,1.4,3.4,0.417,215,139,272,148,317,235,225,225,235,238,238,220,213,213,368,300,261,104,479,271,364,368,428,331,480,485,251,273,273,406,321,312,409,396,407,2023-24
1626196,Josh Richardson,Josh,1610612748,MIA,30.0,43,24,19,0.558,25.6,108.4,108.7,108.7,112.4,113.7,113.7,-4.0,-5.0,-5.0,0.144,2.92,20.7,0.017,0.094,0.056,7.1,7.0,0.539,0.573,0.159,0.165,99.3,98.56,82.13,98.56,0.08,2267,154,347,3.6,8.1,0.444,330,257,226,256,172,370,358,358,291,334,334,349,370,370,218,89,199,468,415,445,107,106,262,256,323,315,416,455,455,314,245,242,192,175,312,2023-24
1630563,Joshua Primo,Joshua,1610612746,LAC,21.0,2,2,0,1.0,5.1,96.7,91.7,91.7,89.3,104.5,104.5,7.4,-12.9,-12.9,0.0,0.0,0.0,0.111,0.0,0.042,57.1,57.1,0.333,0.333,0.259,0.283,113.42,107.53,89.61,107.53,-0.076,24,1,3,0.5,1.5,0.333,555,511,1,1,515,527,539,539,11,62,62,82,507,507,553,541,553,33,557,530,572,572,539,545,49,34,4,34,34,569,550,558,528,519,521,2023-24
201950,Jrue Holiday,Jrue,1610612738,BOS,34.0,69,53,16,0.768,32.8,119.8,120.6,120.6,109.8,110.9,110.9,9.9,9.7,9.7,0.196,2.69,28.3,0.038,0.117,0.079,10.5,10.5,0.581,0.597,0.161,0.164,99.76,98.91,82.43,98.91,0.099,4653,331,689,4.8,10.0,0.48,138,22,184,30,58,32,31,31,167,207,207,49,49,49,141,114,69,270,291,276,381,384,130,165,307,320,363,427,427,201,121,119,130,124,195,2023-24
1629308,Juan Toscano-Anderson,Juan,1610612758,SAC,31.0,11,7,4,0.636,4.8,102.2,99.1,99.1,104.5,99.2,99.2,-2.4,-0.1,-0.1,0.108,2.0,22.2,0.068,0.167,0.118,11.1,11.1,0.292,0.292,0.106,0.112,100.06,104.36,86.97,104.36,0.013,110,3,12,0.3,1.1,0.25,485,440,45,108,523,499,512,512,50,32,32,318,258,258,320,238,160,135,133,122,419,423,547,552,533,528,345,73,73,547,537,528,554,540,547,2023-24
1631262,Jules Bernard,Jules,1610612764,WAS,24.0,19,2,17,0.105,7.9,109.6,111.2,111.2,106.3,104.9,104.9,3.3,6.3,6.3,0.142,2.0,17.6,0.056,0.106,0.079,8.8,8.7,0.539,0.544,0.189,0.197,105.72,105.63,88.03,105.63,0.086,331,29,64,1.5,3.4,0.453,446,511,199,553,477,332,277,277,68,67,67,169,93,93,226,238,282,175,351,280,245,237,261,357,186,185,22,48,48,270,427,432,391,405,282,2023-24
1630577,Julian Champagnie,Julian,1610612759,SAS,23.0,74,19,55,0.257,19.8,109.5,109.1,109.1,112.8,113.5,113.5,-3.3,-4.5,-4.5,0.093,1.81,17.2,0.028,0.111,0.069,9.5,9.5,0.534,0.57,0.14,0.144,103.22,103.07,85.89,103.07,0.068,3152,164,402,2.2,5.4,0.408,87,307,560,471,249,336,351,351,310,326,326,338,360,360,362,292,292,347,322,351,304,304,281,269,415,416,105,130,130,397,234,213,308,273,429,2023-24
1641763,Julian Phillips,Julian,1610612741,CHI,20.0,40,20,20,0.5,8.1,113.2,112.1,112.1,113.8,111.7,111.7,-0.6,0.4,0.4,0.052,1.3,12.1,0.035,0.077,0.055,9.3,9.2,0.494,0.521,0.121,0.126,99.51,100.9,84.08,100.9,0.03,675,32,77,0.8,1.9,0.416,349,297,237,300,476,206,247,247,353,248,248,273,239,239,525,418,444,288,499,451,288,281,415,418,500,494,396,270,270,529,422,415,494,495,414,2023-24
1631124,Julian Strawther,Julian,1610612743,DEN,22.0,50,34,16,0.68,10.9,106.5,105.6,105.6,115.6,115.4,115.4,-9.1,-9.8,-9.8,0.123,2.04,15.4,0.008,0.096,0.052,7.5,7.5,0.462,0.482,0.193,0.201,101.48,102.0,85.0,102.0,0.055,1164,82,222,1.6,4.4,0.369,291,165,184,70,424,422,436,436,439,428,428,447,467,467,281,229,356,536,403,473,143,146,472,481,177,173,231,190,190,482,329,303,373,326,495,2023-24
203944,Julius Randle,Julius,1610612752,NYK,29.0,46,29,17,0.63,35.4,116.8,119.7,119.7,113.2,113.8,113.8,3.6,6.0,6.0,0.217,1.44,16.9,0.059,0.198,0.128,11.7,11.7,0.518,0.569,0.287,0.291,100.35,98.84,82.36,98.84,0.134,3364,395,836,8.6,18.2,0.472,315,213,199,121,15,78,46,46,328,337,337,161,97,97,113,391,299,163,76,102,455,455,341,272,25,30,321,433,433,58,82,84,24,23,211,2023-24
1630551,Justin Champagnie,Justin,1610612764,WAS,23.0,15,3,12,0.2,15.7,105.9,106.4,106.4,119.7,117.5,117.5,-13.9,-11.1,-11.1,0.112,1.9,16.7,0.07,0.141,0.103,8.8,8.8,0.494,0.526,0.162,0.165,104.18,104.86,87.38,104.86,0.088,512,32,78,2.1,5.2,0.41,467,489,138,510,326,440,414,414,534,488,488,518,486,486,307,273,305,131,191,173,242,247,414,410,299,314,53,60,60,258,422,411,316,283,426,2023-24
203200,Justin Holiday,Justin,1610612743,DEN,35.0,58,38,20,0.655,14.9,113.3,112.8,112.8,109.2,109.1,109.1,4.0,3.7,3.7,0.098,4.79,24.2,0.01,0.069,0.04,5.1,5.1,0.595,0.598,0.104,0.107,99.47,99.78,83.15,99.78,0.059,1787,88,194,1.5,3.3,0.454,232,124,237,94,341,205,230,230,135,133,133,147,146,146,346,17,129,526,519,537,49,48,95,158,539,540,398,366,366,456,317,322,394,406,280,2023-24
1628382,Justin Jackson,Justin,1610612750,MIN,29.0,2,2,0,1.0,0.4,0.0,0.0,0.0,0.0,0.0,0.0,0.0,0.0,0.0,0.0,0.0,0.0,0.0,0.0,0.0,0.0,0.0,0.0,0.0,0.0,0.0,68.57,137.14,114.29,137.14,0.0,2,0,0,0.0,0.0,0.0,555,511,1,1,572,571,571,571,1,1,1,257,251,251,553,541,553,545,557,561,1,1,561,563,569,569,572,1,1,556,561,569,561,569,561,2023-24
1631303,Justin Minaya,Justin,1610612757,POR,25.0,34,3,31,0.088,11.2,98.7,99.9,99.9,110.5,108.4,108.4,-11.7,-8.6,-8.6,0.08,2.33,19.4,0.066,0.072,0.068,8.3,8.3,0.378,0.391,0.093,0.096,97.28,97.64,81.37,97.64,0.027,768,22,74,0.6,2.2,0.297,375,489,406,555,416,522,505,505,203,116,116,498,446,446,419,186,225,141,514,355,195,198,526,532,552,551,532,526,526,535,440,419,508,480,539,2023-24
203994,Jusuf Nurkić,Jusuf,1610612756,PHX,29.0,76,48,28,0.632,27.3,118.6,120.5,120.5,110.0,111.3,111.3,8.6,9.2,9.2,0.186,1.72,24.7,0.115,0.284,0.204,14.4,14.4,0.528,0.559,0.187,0.189,101.27,99.9,83.25,99.9,0.12,4327,320,627,4.2,8.3,0.51,61,36,361,119,139,46,33,33,181,229,229,62,55,55,153,318,121,31,10,5,533,531,306,310,195,210,255,357,357,102,127,138,154,170,126,2023-24
1630231,KJ Martin,KJ,1610612755,PHI,23.0,60,33,27,0.55,12.4,110.6,110.7,110.7,111.1,110.5,110.5,-0.6,0.2,0.2,0.094,1.59,18.1,0.052,0.12,0.085,11.4,11.3,0.558,0.563,0.127,0.132,101.14,101.37,84.47,101.37,0.058,1572,97,181,1.6,3.0,0.536,215,173,344,263,389,295,293,293,232,188,188,272,246,246,360,351,264,193,280,234,430,430,207,298,467,466,265,238,238,464,308,333,375,429,93,2023-24
1629232,Kaiser Gates,Kaiser,1610612740,NOP,27.0,1,0,1,0.0,7.4,80.2,81.3,81.3,94.5,88.2,88.2,-14.2,-7.0,-7.0,0.0,0.0,0.0,0.0,0.091,0.045,0.0,0.0,0.0,0.0,0.222,0.22,103.58,106.55,88.79,106.55,-0.15,16,0,4,0.0,4.0,0.0,565,560,14,560,484,562,560,560,16,12,12,524,404,404,553,541,553,545,433,517,1,1,561,563,119,134,85,37,37,571,561,554,561,352,561,2023-24
1626157,Karl-Anthony Towns,Karl-Anthony,1610612750,MIN,28.0,62,42,20,0.677,32.7,114.9,116.3,116.3,108.1,109.1,109.1,6.8,7.2,7.2,0.147,1.07,13.2,0.05,0.204,0.131,12.3,12.2,0.575,0.625,0.268,0.274,99.41,98.37,81.97,98.37,0.14,4161,479,951,7.7,15.3,0.504,200,88,237,73,63,148,113,113,95,134,134,89,79,79,214,471,418,203,65,92,485,483,146,93,42,43,403,480,480,46,52,61,44,52,136,2023-24
202695,Kawhi Leonard,Kawhi,1610612746,LAC,33.0,68,44,24,0.647,34.3,117.9,119.3,119.3,109.4,111.1,111.1,8.4,8.2,8.2,0.165,2.05,14.9,0.039,0.138,0.091,7.3,7.2,0.585,0.626,0.261,0.267,99.12,97.77,81.47,97.77,0.154,4747,610,1162,9.0,17.1,0.525,148,72,282,103,33,60,54,54,144,219,219,66,68,68,172,228,369,263,203,212,125,121,113,84,46,48,436,517,517,26,22,32,17,34,109,2023-24
1631099,Keegan Murray,Keegan,1610612758,SAC,23.0,77,43,34,0.558,33.6,114.2,116.2,116.2,112.5,113.4,113.4,1.7,2.7,2.7,0.068,2.02,10.6,0.039,0.126,0.081,5.2,5.2,0.548,0.569,0.178,0.181,101.01,99.78,83.15,99.78,0.082,5377,443,975,5.8,12.7,0.454,54,79,446,255,43,173,115,115,300,320,320,205,178,178,476,235,487,254,251,255,53,52,239,271,226,239,278,369,369,297,64,58,84,81,274,2023-24
1628966,Keita Bates-Diop,Keita,1610612751,BKN,28.0,53,29,24,0.547,12.5,110.7,109.3,109.3,114.0,113.1,113.1,-3.3,-3.8,-3.8,0.084,2.53,16.1,0.049,0.118,0.085,6.4,6.3,0.497,0.534,0.128,0.134,97.72,98.77,82.31,98.77,0.078,1366,72,166,1.4,3.1,0.434,278,213,282,268,387,283,345,345,371,306,306,340,349,349,402,135,326,209,286,235,79,77,409,394,464,457,524,439,439,337,351,338,419,422,358,2023-24
1629640,Keldon Johnson,Keldon,1610612759,SAS,24.0,69,17,52,0.246,29.5,107.7,108.5,108.5,115.8,116.1,116.1,-8.2,-7.7,-7.7,0.142,1.95,15.6,0.043,0.135,0.088,8.0,8.0,0.527,0.565,0.212,0.217,104.21,103.68,86.4,103.68,0.098,4399,391,862,5.7,12.5,0.454,138,331,551,489,106,394,362,362,452,456,456,437,428,428,227,260,348,234,214,224,173,174,309,288,134,136,51,97,97,205,84,73,89,84,281,2023-24
203482,Kelly Olynyk,Kelly,1610612761,TOR,33.0,78,31,47,0.397,22.5,110.2,111.7,111.7,118.5,119.1,119.1,-8.4,-7.3,-7.3,0.275,2.28,32.3,0.061,0.169,0.116,14.1,14.1,0.616,0.661,0.171,0.174,102.93,102.01,85.0,102.01,0.116,3743,276,497,3.5,6.4,0.555,43,193,534,391,211,307,262,262,519,519,519,438,418,418,51,197,39,158,125,129,527,528,62,44,259,274,121,189,189,119,152,176,198,233,83,2023-24
1626162,Kelly Oubre Jr.,Kelly,1610612755,PHI,28.0,68,40,28,0.588,30.2,112.4,114.1,114.1,112.9,114.0,114.0,-0.5,0.1,0.1,0.072,1.16,8.7,0.043,0.121,0.081,7.5,7.4,0.498,0.535,0.22,0.224,100.5,99.3,82.75,99.3,0.081,4239,387,878,5.7,12.9,0.441,148,110,361,191,96,232,180,180,317,351,351,271,247,247,452,456,524,235,277,260,141,142,404,393,128,124,314,413,413,309,87,72,87,78,327,2023-24
1631112,Kendall Brown,Kendall,1610612754,IND,21.0,15,10,5,0.667,4.2,90.3,84.3,84.3,105.5,103.8,103.8,-15.2,-19.5,-19.5,0.135,2.5,19.2,0.045,0.033,0.04,7.7,7.8,0.533,0.567,0.135,0.141,97.91,102.13,85.11,102.13,0.04,134,8,15,0.5,1.0,0.533,467,403,64,76,533,547,552,552,60,55,55,533,539,539,244,143,231,228,551,540,152,165,282,282,432,429,519,175,175,516,505,520,525,542,97,2023-24
1631254,Kenneth Lofton Jr.,Kenneth,1610612762,UTA,21.0,21,7,14,0.333,9.4,109.0,109.4,109.4,111.9,111.2,111.2,-2.9,-1.8,-1.8,0.25,2.36,24.4,0.056,0.122,0.089,10.4,10.3,0.506,0.537,0.207,0.217,103.33,103.48,86.23,103.48,0.096,426,36,78,1.7,3.7,0.462,435,440,162,432,450,356,339,339,276,227,227,336,305,305,79,182,125,176,270,218,371,369,374,388,147,137,98,110,110,215,407,411,358,372,247,2023-24
1629026,Kenrich Williams,Kenrich,1610612760,OKC,29.0,69,49,20,0.71,14.9,116.7,115.2,115.2,106.4,106.7,106.7,10.4,8.4,8.4,0.12,2.91,22.6,0.062,0.14,0.102,7.8,7.8,0.568,0.568,0.132,0.136,100.68,101.18,84.31,101.18,0.079,2155,131,280,1.9,4.1,0.468,138,29,237,48,340,79,145,145,70,88,88,44,65,65,285,91,157,153,196,175,162,161,172,277,450,447,302,249,249,328,269,272,340,348,225,2023-24
203484,Kentavious Caldwell-Pope,Kentavious,1610612743,DEN,31.0,76,54,22,0.711,31.6,120.7,122.4,122.4,109.6,111.0,111.0,11.1,11.3,11.3,0.09,2.44,20.7,0.014,0.062,0.039,8.5,8.4,0.566,0.602,0.126,0.129,99.31,97.99,81.66,97.99,0.061,4910,270,587,3.6,7.7,0.46,61,18,262,47,80,20,14,14,154,215,215,38,34,34,370,163,197,497,530,542,213,202,180,144,474,479,415,503,503,445,159,150,196,185,255,2023-24
1631165,Keon Ellis,Keon,1610612758,SAC,24.0,57,33,24,0.579,17.2,114.8,114.4,114.4,109.6,109.0,109.0,5.2,5.5,5.5,0.115,2.3,23.0,0.031,0.094,0.062,10.0,10.0,0.612,0.627,0.123,0.127,98.83,99.24,82.7,99.24,0.068,2015,107,232,1.9,4.1,0.461,241,173,282,210,292,153,171,171,152,127,127,120,111,111,298,194,152,314,417,397,342,346,66,82,485,489,460,416,416,401,295,293,348,346,250,2023-24
1630553,Keon Johnson,Keon,1610612751,BKN,22.0,5,0,5,0.0,12.3,116.1,114.8,114.8,134.4,134.4,134.4,-18.3,-19.5,-19.5,0.071,0.6,8.6,0.044,0.078,0.059,14.3,14.6,0.476,0.59,0.212,0.215,99.52,100.06,83.39,100.06,0.061,128,8,21,1.6,4.2,0.381,536,560,64,560,391,103,156,156,566,568,568,539,540,540,455,529,525,231,492,422,529,534,451,190,136,144,394,339,339,448,505,498,377,335,480,2023-24
1630556,Kessler Edwards,Kessler,1610612758,SAC,23.0,54,32,22,0.593,5.1,103.2,98.3,98.3,107.5,104.6,104.6,-4.3,-6.3,-6.3,0.084,3.75,14.3,0.029,0.126,0.074,3.8,3.8,0.537,0.541,0.134,0.143,98.68,102.55,85.46,102.55,0.073,583,34,82,0.6,1.5,0.415,271,183,262,183,516,487,516,516,89,63,63,355,394,394,404,38,388,331,252,320,31,31,269,368,441,423,469,149,149,373,411,407,513,518,416,2023-24
201142,Kevin Durant,Kevin,1610612756,PHX,35.0,75,44,31,0.587,37.2,116.7,118.1,118.1,111.8,113.3,113.3,5.0,4.8,4.8,0.213,1.55,16.9,0.016,0.155,0.089,10.9,10.9,0.581,0.626,0.283,0.288,101.52,100.24,83.53,100.24,0.148,5832,751,1436,10.0,19.1,0.523,76,72,406,195,5,83,68,68,262,316,316,127,124,124,117,362,298,473,156,216,410,407,128,83,30,32,228,329,329,34,6,8,7,14,112,2023-24
1628989,Kevin Huerter,Kevin,1610612758,SAC,25.0,64,37,27,0.578,24.4,116.2,117.5,117.5,114.5,115.0,115.0,1.7,2.5,2.5,0.138,3.13,20.8,0.024,0.124,0.073,6.6,6.6,0.553,0.564,0.173,0.175,101.9,101.06,84.21,101.06,0.077,3286,248,560,3.9,8.8,0.443,185,139,344,214,193,99,81,81,395,405,405,206,188,188,235,65,194,385,261,323,89,90,224,295,251,268,199,262,262,340,170,160,170,151,320,2023-24
1628995,Kevin Knox II,Kevin,1610612765,DET,24.0,31,4,27,0.129,18.1,109.1,109.4,109.4,115.8,117.2,117.2,-6.7,-7.8,-7.8,0.057,1.05,9.6,0.03,0.108,0.066,9.2,9.1,0.546,0.57,0.157,0.162,103.92,103.16,85.96,103.16,0.062,1208,86,186,2.8,6.0,0.462,392,482,344,549,277,352,341,341,449,481,481,402,434,434,514,475,504,326,335,370,275,270,245,268,337,338,68,124,124,443,321,329,243,248,243,2023-24
201567,Kevin Love,Kevin,1610612748,MIA,35.0,55,31,24,0.564,16.8,114.7,114.7,114.7,108.2,108.2,108.2,6.5,6.5,6.5,0.189,2.4,20.1,0.062,0.295,0.178,8.4,8.4,0.557,0.597,0.21,0.215,99.7,99.69,83.07,99.69,0.144,1912,158,359,2.9,6.5,0.44,258,193,282,239,303,155,157,157,97,112,112,95,91,91,149,175,210,151,6,23,204,209,213,167,141,143,373,378,378,40,240,238,235,226,329,2023-24
1630284,Kevon Harris,Kevon,1610612753,ORL,27.0,2,1,1,0.5,3.0,156.7,142.9,142.9,142.0,133.3,133.3,14.7,9.5,9.5,0.2,1.0,20.0,0.0,0.286,0.2,20.0,20.0,0.667,0.667,0.286,0.313,106.47,115.04,95.87,115.04,0.053,14,2,3,1.0,1.5,0.667,555,538,14,300,552,2,3,3,568,566,566,22,51,51,135,480,211,545,8,6,559,560,22,36,26,12,17,5,5,491,541,558,460,519,12,2023-24
1626172,Kevon Looney,Kevon,1610612744,GSW,28.0,74,43,31,0.581,16.1,114.9,115.4,115.4,113.7,114.0,114.0,1.2,1.4,1.4,0.148,2.66,29.4,0.116,0.222,0.169,11.1,11.0,0.597,0.62,0.11,0.114,99.81,99.5,82.92,99.5,0.102,2477,139,233,1.9,3.1,0.597,87,79,406,205,315,144,139,139,348,352,352,219,208,208,209,118,56,28,43,34,416,419,92,103,521,526,358,395,395,184,262,291,347,421,48,2023-24
1641749,Keyontae Johnson,Keyontae,1610612760,OKC,24.0,9,7,2,0.778,7.4,100.2,100.0,100.0,108.2,105.8,105.8,-8.0,-5.8,-5.8,0.085,1.0,16.7,0.065,0.095,0.08,16.7,16.7,0.344,0.344,0.128,0.131,99.19,100.42,83.69,100.42,0.015,139,5,16,0.6,1.8,0.313,498,440,28,25,489,512,503,503,98,81,81,432,383,383,394,480,305,144,408,270,549,549,537,542,463,467,429,314,314,545,521,517,520,503,531,2023-24
1641718,Keyonte George,Keyonte,1610612762,UTA,20.0,75,27,48,0.36,27.0,108.3,109.6,109.6,118.4,118.9,118.9,-10.1,-9.3,-9.3,0.244,1.77,23.3,0.007,0.095,0.051,13.2,13.1,0.482,0.533,0.224,0.23,101.82,100.98,84.15,100.98,0.081,4264,319,815,4.3,10.9,0.391,76,231,539,418,147,375,335,335,514,516,516,467,453,453,89,306,146,542,411,478,511,511,442,397,112,113,205,266,266,302,130,90,152,112,465,2023-24
203114,Khris Middleton,Khris,1610612749,MIL,32.0,55,31,24,0.564,27.0,117.4,118.0,118.0,113.6,114.6,114.6,3.7,3.4,3.4,0.272,2.3,26.3,0.027,0.134,0.083,11.4,11.4,0.566,0.595,0.23,0.235,102.79,102.11,85.1,102.11,0.117,3172,317,643,5.8,11.7,0.493,258,193,282,239,144,69,70,70,341,386,386,156,155,155,54,192,98,354,215,242,436,435,181,174,101,104,134,178,178,113,131,131,83,94,161,2023-24
1630165,Killian Hayes,Killian,1610612765,DET,22.0,42,7,35,0.167,24.0,106.4,106.5,106.5,116.8,117.6,117.6,-10.4,-11.1,-11.1,0.268,4.02,36.8,0.011,0.107,0.059,9.2,9.1,0.452,0.474,0.147,0.152,102.88,102.49,85.41,102.49,0.077,2149,117,283,2.8,6.7,0.413,341,440,461,530,197,426,410,410,479,490,490,477,487,487,60,28,21,523,344,423,270,265,479,487,387,381,125,155,155,349,282,270,242,217,419,2023-24
1630184,Kira Lewis Jr.,Kira,1610612762,UTA,23.0,28,10,18,0.357,9.4,101.7,99.6,99.6,110.9,111.1,111.1,-9.3,-11.4,-11.4,0.223,2.64,24.5,0.031,0.056,0.044,9.3,9.2,0.391,0.441,0.178,0.185,102.22,103.18,85.98,103.18,0.068,567,34,92,1.2,3.3,0.37,399,403,215,419,451,505,507,507,222,216,216,452,493,493,105,121,123,316,537,525,283,280,521,516,225,226,177,123,123,403,411,401,441,413,493,2023-24
202691,Klay Thompson,Klay,1610612744,GSW,34.0,77,41,36,0.532,29.7,114.8,115.8,115.8,115.5,116.1,116.1,-0.7,-0.3,-0.3,0.11,1.5,11.9,0.015,0.093,0.054,7.9,7.9,0.551,0.576,0.234,0.241,102.58,101.9,84.91,101.9,0.09,4858,490,1133,6.4,14.7,0.432,54,97,469,284,101,152,127,127,438,454,454,280,265,265,313,376,455,487,427,458,168,166,232,240,93,94,149,200,200,243,49,34,74,61,364,2023-24
1641738,Kobe Brown,Kobe,1610612746,LAC,24.0,44,27,17,0.614,9.0,107.8,105.7,105.7,114.6,116.2,116.2,-6.8,-10.5,-10.5,0.085,2.78,20.0,0.046,0.105,0.075,7.2,7.2,0.489,0.49,0.104,0.108,100.22,100.45,83.71,100.45,0.043,822,37,90,0.8,2.0,0.411,326,231,199,155,463,391,432,432,398,458,458,407,475,475,392,105,211,221,362,316,119,120,427,472,541,536,332,310,310,513,405,403,490,489,424,2023-24
1641723,Kobe Bufkin,Kobe,1610612737,ATL,20.0,17,8,9,0.471,11.5,95.3,97.1,97.1,106.5,105.0,105.0,-11.2,-7.9,-7.9,0.233,2.7,20.5,0.028,0.13,0.078,7.6,7.5,0.418,0.424,0.221,0.23,102.41,102.12,85.1,102.12,0.077,416,34,92,2.0,5.4,0.37,453,423,118,342,408,533,521,521,71,69,69,488,437,437,96,113,203,349,233,293,147,148,511,522,122,109,161,177,177,344,411,401,326,274,493,2023-24
1628424,Kobi Simmons,Kobi,1610612761,TOR,26.0,4,0,4,0.0,16.9,91.7,94.2,94.2,117.1,116.5,116.5,-25.4,-22.3,-22.3,0.3,12.0,35.3,0.014,0.09,0.051,2.9,2.9,0.476,0.476,0.141,0.147,100.1,98.94,82.45,98.94,0.102,139,9,21,2.3,5.3,0.429,542,560,45,560,300,542,530,530,486,467,467,552,549,549,31,1,25,489,435,474,24,24,451,485,411,404,339,425,425,183,497,498,305,282,378,2023-24
1627739,Kris Dunn,Kris,1610612762,UTA,30.0,66,25,41,0.379,18.9,116.5,117.6,117.6,116.5,117.2,117.2,0.0,0.4,0.4,0.25,3.22,38.4,0.039,0.109,0.074,12.0,12.0,0.535,0.546,0.132,0.134,103.23,102.44,85.37,102.44,0.078,2667,147,313,2.2,4.7,0.47,170,247,507,405,263,88,76,76,471,483,483,255,238,238,78,58,16,259,334,320,467,469,274,350,448,454,104,159,159,332,251,256,307,310,223,2023-24
1631200,Kris Murray,Kris,1610612757,POR,23.0,62,12,50,0.194,21.7,104.4,106.1,106.1,111.3,112.1,112.1,-6.8,-6.0,-6.0,0.083,1.45,15.3,0.057,0.107,0.08,10.5,10.5,0.463,0.481,0.136,0.138,100.02,98.81,82.34,98.81,0.059,2777,145,366,2.3,5.9,0.396,200,384,544,515,225,467,423,423,238,266,266,410,392,392,408,388,359,172,348,266,380,380,469,482,430,436,348,434,434,460,255,232,295,252,455,2023-24
204001,Kristaps Porziņģis,Kristaps,1610612738,BOS,28.0,57,43,14,0.754,29.6,119.7,120.8,120.8,108.3,109.6,109.6,11.3,11.2,11.2,0.098,1.29,10.6,0.059,0.163,0.115,8.2,8.2,0.589,0.647,0.247,0.25,101.57,100.55,83.79,100.55,0.138,3549,388,752,6.8,13.2,0.516,241,79,162,33,103,33,26,26,103,150,150,34,36,36,345,425,486,164,142,133,184,184,106,57,67,72,221,302,302,50,85,104,62,75,117,2023-24
203937,Kyle Anderson,Kyle,1610612750,MIN,30.0,79,55,24,0.696,22.6,110.6,110.1,110.1,105.3,105.1,105.1,5.3,5.1,5.1,0.264,3.64,36.1,0.034,0.116,0.076,9.9,9.9,0.472,0.513,0.14,0.145,99.62,99.95,83.29,99.95,0.097,3701,199,433,2.5,5.5,0.46,30,14,282,57,210,293,310,310,58,70,70,118,119,119,64,42,24,294,302,307,335,340,459,432,416,414,381,353,353,211,208,202,274,269,260,2023-24
1628398,Kyle Kuzma,Kyle,1610612764,WAS,28.0,70,13,57,0.186,32.6,108.8,109.7,109.7,118.5,120.8,120.8,-9.7,-11.0,-11.0,0.201,1.54,15.6,0.026,0.17,0.098,10.1,10.1,0.521,0.547,0.295,0.3,105.03,103.56,86.3,103.56,0.114,4913,608,1313,8.7,18.8,0.463,128,377,566,521,65,360,326,326,515,543,543,461,484,484,134,365,347,367,122,186,353,352,335,342,20,21,35,104,104,125,23,16,22,17,242,2023-24
200768,Kyle Lowry,Kyle,1610612755,PHI,38.0,60,32,28,0.533,28.2,110.6,111.4,111.4,110.0,111.6,111.6,0.7,-0.3,-0.3,0.212,2.98,33.9,0.02,0.098,0.058,11.4,11.4,0.562,0.594,0.128,0.13,98.27,97.21,81.01,97.21,0.077,3427,163,377,2.7,6.3,0.432,215,183,361,280,126,290,272,272,176,243,243,232,264,264,119,84,32,423,398,425,433,431,190,178,466,472,496,545,545,348,236,224,247,238,366,2023-24
202681,Kyrie Irving,Kyrie,1610612742,DAL,32.0,58,39,19,0.672,35.0,118.0,119.6,119.6,111.7,112.6,112.6,6.3,6.9,6.9,0.225,2.82,18.5,0.021,0.116,0.069,6.6,6.5,0.573,0.608,0.274,0.281,102.0,100.89,84.08,100.89,0.144,4258,562,1131,9.7,19.5,0.497,232,117,226,74,23,58,48,48,259,291,291,99,83,83,104,99,247,413,300,350,87,86,151,132,35,36,190,272,272,39,28,35,9,10,157,2023-24
1630163,LaMelo Ball,LaMelo,1610612766,CHA,22.0,22,7,15,0.318,32.3,111.3,111.8,111.8,119.5,120.2,120.2,-8.1,-8.4,-8.4,0.395,2.12,24.3,0.038,0.122,0.078,11.5,11.4,0.515,0.561,0.315,0.324,103.56,103.0,85.84,103.0,0.133,1522,183,423,8.3,19.2,0.433,427,440,168,447,69,264,256,256,531,538,538,434,443,443,6,217,128,267,268,290,439,438,350,301,8,8,86,131,131,60,221,206,29,12,363,2023-24
1630205,Lamar Stevens,Lamar,1610612763,MEM,26.0,38,22,16,0.579,14.7,104.6,105.3,105.3,104.3,104.0,104.0,0.4,1.3,1.3,0.085,1.17,8.9,0.058,0.148,0.103,7.6,7.6,0.479,0.516,0.213,0.22,98.62,98.4,82.0,98.4,0.11,1143,108,240,2.8,6.3,0.45,361,276,184,210,342,463,444,444,48,56,56,242,211,211,397,455,521,166,175,174,151,151,446,429,133,133,472,477,477,144,291,286,238,236,291,2023-24
1629013,Landry Shamet,Landry,1610612764,WAS,27.0,46,6,40,0.13,15.8,109.7,109.3,109.3,119.4,119.2,119.2,-9.7,-9.9,-9.9,0.104,1.8,14.4,0.021,0.065,0.042,8.0,7.9,0.527,0.556,0.181,0.189,103.37,103.63,86.36,103.63,0.058,1571,118,274,2.6,6.0,0.431,315,458,501,548,320,329,346,346,528,524,524,460,468,468,331,294,384,421,524,531,177,171,308,317,216,214,97,101,101,465,280,274,269,251,371,2023-24
1626204,Larry Nance Jr.,Larry,1610612740,NOP,31.0,61,34,27,0.557,19.9,112.8,111.7,111.7,108.5,108.4,108.4,4.3,3.3,3.3,0.129,2.31,26.3,0.079,0.176,0.128,11.4,11.4,0.629,0.653,0.112,0.115,99.35,99.9,83.25,99.9,0.103,2525,138,241,2.3,4.0,0.573,206,165,344,257,248,220,260,260,114,115,115,141,158,158,267,190,100,103,111,103,434,437,50,49,516,518,411,358,358,176,265,284,303,356,61,2023-24
1628374,Lauri Markkanen,Lauri,1610612762,UTA,27.0,55,22,33,0.4,33.1,116.5,117.6,117.6,116.9,116.9,116.9,-0.5,0.6,0.6,0.09,1.43,9.2,0.065,0.176,0.121,6.4,6.4,0.578,0.631,0.241,0.246,102.96,102.49,85.41,102.49,0.136,3884,427,890,7.8,16.2,0.48,258,276,437,385,55,90,79,79,485,475,475,270,233,233,369,393,516,143,110,114,83,83,137,73,74,80,120,153,153,55,68,70,40,41,197,2023-24
2544,LeBron James,LeBron,1610612747,LAL,39.0,71,41,30,0.577,35.3,116.1,117.4,117.4,112.3,113.6,113.6,3.8,3.8,3.8,0.358,2.4,26.0,0.026,0.172,0.104,10.8,10.7,0.599,0.63,0.285,0.292,102.64,101.54,84.62,101.54,0.169,5304,685,1269,9.6,17.9,0.54,118,97,395,215,20,102,83,83,290,327,327,155,143,143,12,172,103,366,118,172,402,398,87,75,27,29,143,226,226,12,10,22,10,26,86,2023-24
1641778,Leaky Black,Leaky,1610612766,CHA,25.0,26,2,24,0.077,10.9,105.2,105.1,105.1,111.3,109.2,109.2,-6.1,-4.0,-4.0,0.117,4.0,27.0,0.031,0.132,0.081,6.7,6.8,0.567,0.589,0.099,0.101,98.46,99.44,82.86,99.44,0.079,587,25,52,1.0,2.0,0.481,406,511,282,556,423,454,449,449,239,135,135,392,356,356,294,29,86,318,228,253,97,98,175,192,543,547,482,400,400,331,436,442,473,490,193,2023-24
1631159,Leonard Miller,Leonard,1610612750,MIN,20.0,17,13,4,0.765,3.1,108.3,104.9,104.9,105.2,101.7,101.7,3.1,3.2,3.2,0.2,8.0,26.7,0.089,0.3,0.189,3.3,3.3,0.7,0.694,0.157,0.167,107.27,110.84,92.37,110.84,0.178,123,13,20,0.8,1.2,0.65,453,377,45,31,550,377,454,454,56,45,45,174,162,162,135,5,91,75,5,14,28,29,11,15,332,301,14,15,15,9,479,501,497,531,22,2023-24
1631311,Lester Quinones,Lester,1610612744,GSW,23.0,37,24,13,0.649,10.7,110.4,109.6,109.6,109.8,109.0,109.0,0.6,0.6,0.6,0.126,2.12,17.3,0.047,0.126,0.085,8.2,8.2,0.511,0.533,0.171,0.177,100.89,101.55,84.62,101.55,0.069,840,56,141,1.5,3.8,0.397,368,257,152,100,432,300,332,332,164,131,131,234,234,234,274,219,288,217,255,237,183,189,362,398,261,262,290,225,225,391,374,364,395,367,451,2023-24
1629623,Lindell Wigginton,Lindell,1610612749,MIL,26.0,3,3,0,1.0,2.5,79.3,64.7,64.7,128.7,131.3,131.3,-49.4,-66.5,-66.5,0.0,0.0,0.0,0.0,0.0,0.0,14.3,14.5,0.4,0.51,0.412,0.496,94.99,103.8,86.5,103.8,0.029,17,2,5,0.7,1.7,0.4,549,489,1,1,564,563,567,567,563,565,565,566,569,569,553,541,553,545,557,561,529,533,517,440,1,1,556,89,89,533,541,551,503,511,442,2023-24
1630322,Lindy Waters III,Lindy,1610612760,OKC,26.0,38,25,13,0.658,7.4,105.7,103.7,103.7,112.7,111.4,111.4,-7.1,-7.7,-7.7,0.132,3.43,17.8,0.024,0.113,0.069,5.2,5.2,0.649,0.653,0.167,0.176,99.87,101.41,84.51,101.41,0.1,597,49,104,1.3,2.7,0.471,361,247,152,89,488,443,474,474,309,233,233,413,430,430,254,48,278,383,310,349,51,51,33,51,278,266,354,235,235,193,386,390,428,448,218,2023-24
1629022,Lonnie Walker IV,Lonnie,1610612751,BKN,25.0,58,23,35,0.397,17.4,111.1,111.3,111.3,111.1,111.8,111.8,0.0,-0.6,-0.6,0.113,1.45,11.5,0.013,0.11,0.061,7.9,7.9,0.528,0.545,0.235,0.242,100.68,100.24,83.53,100.24,0.09,2119,208,492,3.6,8.5,0.423,232,270,461,395,285,272,273,273,227,250,250,256,271,271,306,390,470,509,332,407,171,173,302,355,88,89,304,328,328,246,202,180,191,158,396,2023-24
1629652,Luguentz Dort,Luguentz,1610612760,OKC,25.0,79,54,25,0.684,28.4,119.5,119.9,119.9,110.8,112.1,112.1,8.7,7.8,7.8,0.061,1.53,12.4,0.035,0.089,0.063,8.1,8.1,0.557,0.593,0.152,0.154,102.77,101.99,84.99,101.99,0.06,4762,288,657,3.6,8.3,0.438,30,18,311,67,123,35,42,42,214,263,263,57,73,73,497,370,437,290,441,388,182,181,214,181,362,372,135,191,191,452,148,129,184,167,341,2023-24
1629029,Luka Dončić,Luka,1610612742,DAL,25.0,70,46,24,0.657,37.5,118.1,119.6,119.6,112.3,113.8,113.8,5.8,5.8,5.8,0.428,2.43,23.9,0.022,0.218,0.121,9.8,9.8,0.573,0.617,0.355,0.361,102.36,101.06,84.21,101.06,0.2,5524,804,1652,11.5,23.6,0.487,128,52,282,92,3,55,49,49,287,336,336,109,102,102,4,166,131,402,51,113,329,322,154,105,5,5,164,261,261,5,3,1,2,1,178,2023-24
1630568,Luka Garza,Luka,1610612750,MIN,25.0,25,17,8,0.68,4.9,111.1,107.9,107.9,111.8,108.5,108.5,-0.6,-0.6,-0.6,0.05,0.67,4.2,0.129,0.105,0.119,6.3,6.3,0.54,0.576,0.278,0.296,105.18,108.34,90.28,108.34,0.098,279,36,75,1.4,3.0,0.48,411,331,110,70,521,268,378,378,261,118,118,275,272,272,532,522,551,16,356,118,75,76,260,244,32,25,31,24,24,203,407,417,407,430,196,2023-24
1629677,Luka Samanic,Luka,1610612762,UTA,24.0,43,15,28,0.349,9.4,105.4,106.5,106.5,112.2,112.0,112.0,-6.8,-5.5,-5.5,0.071,0.68,8.3,0.051,0.177,0.116,12.3,12.2,0.421,0.485,0.21,0.217,103.37,102.97,85.81,102.97,0.073,866,60,158,1.4,3.7,0.38,330,347,361,424,452,448,412,412,284,256,256,406,378,378,463,521,529,197,106,127,483,480,510,477,139,138,96,133,133,370,366,345,411,376,484,2023-24
1628379,Luke Kennard,Luke,1610612763,MEM,28.0,39,15,24,0.385,25.6,105.5,106.4,106.4,115.5,115.2,115.2,-10.0,-8.8,-8.8,0.212,2.52,26.2,0.011,0.105,0.057,10.4,10.3,0.617,0.641,0.166,0.172,99.86,99.53,82.94,99.53,0.099,2069,141,315,3.6,8.1,0.448,355,347,282,400,173,447,416,416,434,416,416,466,450,450,120,141,101,522,358,434,373,370,60,62,286,287,355,392,392,197,260,255,188,174,298,2023-24
1628436,Luke Kornet,Luke,1610612738,BOS,28.0,63,48,15,0.762,15.6,120.5,121.8,121.8,111.0,109.7,109.7,9.5,12.1,12.1,0.089,3.19,21.3,0.117,0.141,0.129,6.7,6.7,0.702,0.736,0.107,0.11,96.81,96.92,80.77,96.92,0.113,1976,142,203,2.3,3.2,0.7,191,36,168,32,327,22,17,17,226,153,153,51,29,29,374,62,182,24,189,98,91,93,9,5,531,531,543,551,551,132,258,316,304,418,6,2023-24
1630201,Malachi Flynn,Malachi,1610612765,DET,26.0,69,28,41,0.406,12.7,105.2,104.8,104.8,114.0,114.6,114.6,-8.8,-9.8,-9.8,0.231,2.06,23.7,0.022,0.106,0.062,11.5,11.5,0.505,0.533,0.199,0.207,99.71,99.65,83.04,99.65,0.088,1820,136,325,2.0,4.7,0.418,138,221,507,382,384,452,456,456,370,387,387,446,466,466,98,225,136,404,350,394,440,441,378,396,167,158,370,383,383,261,268,250,333,313,404,2023-24
1631103,Malaki Branham,Malaki,1610612759,SAS,21.0,75,18,57,0.24,21.3,105.8,105.9,105.9,115.8,117.0,117.0,-10.1,-11.1,-11.1,0.142,1.71,17.3,0.016,0.074,0.044,10.1,10.1,0.506,0.526,0.192,0.197,104.34,103.72,86.43,103.72,0.062,3449,271,628,3.6,8.4,0.432,76,316,566,493,229,442,426,426,454,479,479,468,488,488,224,320,286,471,505,524,354,355,376,409,180,186,49,95,95,440,157,136,189,163,367,2023-24
1627763,Malcolm Brogdon,Malcolm,1610612757,POR,31.0,39,15,24,0.385,28.7,109.7,110.7,110.7,113.1,114.5,114.5,-3.4,-3.7,-3.7,0.301,3.57,26.1,0.024,0.108,0.065,7.3,7.3,0.522,0.56,0.226,0.232,100.57,99.51,82.92,99.51,0.122,2326,218,496,5.6,12.7,0.44,355,347,282,400,119,324,291,291,324,378,378,342,346,346,30,44,102,388,340,378,126,128,330,304,106,106,311,394,394,91,194,177,91,80,332,2023-24
1630608,Malcolm Cazalon,Malcolm,1610612765,DET,22.0,1,0,1,0.0,2.6,174.1,183.3,183.3,120.0,100.0,100.0,54.1,83.3,83.3,0.0,0.0,0.0,0.0,0.0,0.0,0.0,0.0,0.0,0.0,0.0,0.0,105.17,111.48,92.9,111.48,0.0,6,0,0,0.0,0.0,0.0,565,560,14,560,563,1,1,1,538,34,34,2,1,1,553,541,553,545,557,561,1,1,561,563,569,569,32,13,13,556,561,569,561,569,561,2023-24
1627736,Malik Beasley,Malik,1610612749,MIL,27.0,79,46,33,0.582,29.6,117.7,118.3,118.3,111.2,112.6,112.6,6.5,5.8,5.8,0.059,2.0,12.0,0.017,0.098,0.059,6.0,6.0,0.598,0.603,0.142,0.145,103.17,102.26,85.22,102.26,0.065,4981,320,722,4.1,9.1,0.443,30,52,437,203,105,64,64,64,236,288,288,94,103,103,506,238,449,457,396,419,66,68,88,142,408,415,108,166,166,424,127,111,160,143,317,2023-24
1628370,Malik Monk,Malik,1610612758,SAC,26.0,72,42,30,0.583,26.0,113.5,115.2,115.2,115.5,115.1,115.1,-1.9,0.1,0.1,0.29,2.47,24.8,0.014,0.101,0.056,10.0,10.0,0.526,0.564,0.247,0.254,102.46,101.92,84.93,101.92,0.11,3978,396,893,5.5,12.4,0.443,108,88,395,201,166,197,146,146,433,408,408,305,248,248,38,158,120,491,384,440,347,343,312,293,64,66,158,196,196,149,80,69,93,85,314,2023-24
1642013,Malik Williams,Malik,1610612761,TOR,25.0,7,2,5,0.286,15.2,93.0,93.2,93.2,117.1,118.1,118.1,-24.2,-24.9,-24.9,0.029,0.67,5.0,0.127,0.197,0.162,7.5,7.5,0.279,0.272,0.148,0.152,99.9,99.37,82.81,99.37,0.027,220,9,34,1.3,4.9,0.265,518,511,64,459,334,541,536,536,489,503,503,551,552,552,549,522,549,18,79,40,142,145,549,554,374,380,352,405,405,537,497,468,429,303,545,2023-24
1629603,Mamadi Diakite,Mamadi,1610612752,NYK,27.0,6,5,1,0.833,4.1,95.5,90.2,90.2,87.0,82.7,82.7,8.5,7.5,7.5,0.167,2.0,16.7,0.04,0.111,0.077,8.3,8.6,0.667,0.694,0.175,0.178,95.82,101.17,84.31,101.17,0.163,51,4,6,0.7,1.0,0.667,525,466,14,16,534,532,543,543,8,8,8,65,76,76,170,238,305,251,317,297,195,224,22,16,238,252,552,251,251,16,527,543,503,542,12,2023-24
1641970,Maozinha Pereira,Maozinha,1610612763,MEM,23.0,7,2,5,0.286,17.4,99.8,99.2,99.2,97.3,96.5,96.5,2.4,2.7,2.7,0.027,0.4,4.3,0.077,0.206,0.138,10.9,10.8,0.586,0.609,0.143,0.149,100.7,101.42,84.52,101.42,0.126,258,18,35,2.6,5.0,0.514,518,511,64,459,286,517,511,511,22,22,22,192,175,175,550,539,550,111,63,86,405,400,112,129,404,397,299,234,234,84,447,466,267,292,120,2023-24
1630699,MarJon Beauchamp,MarJon,1610612749,MIL,23.0,48,30,18,0.625,12.7,114.0,113.5,113.5,113.5,114.5,114.5,0.5,-1.0,-1.0,0.067,1.15,13.1,0.037,0.123,0.081,11.4,11.4,0.578,0.592,0.141,0.145,103.77,103.51,86.26,103.51,0.064,1311,81,166,1.7,3.5,0.488,306,201,215,128,385,185,208,208,339,379,379,237,286,286,481,461,421,274,266,254,432,440,135,185,410,413,76,107,107,432,332,338,363,394,173,2023-24
202694,Marcus Morris Sr.,Marcus,1610612739,CLE,34.0,49,26,23,0.531,16.7,109.3,110.7,110.7,113.8,114.6,114.6,-4.5,-3.9,-3.9,0.066,1.2,10.3,0.026,0.139,0.08,8.6,8.6,0.53,0.558,0.162,0.166,99.24,98.26,81.89,98.26,0.072,1675,116,264,2.4,5.4,0.439,302,241,272,286,306,343,294,294,350,388,388,360,354,354,483,443,490,362,199,264,223,223,294,315,301,303,424,487,487,378,283,276,292,277,334,2023-24
1631204,Marcus Sasser,Marcus,1610612765,DET,23.0,71,11,60,0.155,19.0,106.4,107.0,107.0,116.0,115.7,115.7,-9.5,-8.7,-8.7,0.263,2.62,27.2,0.008,0.085,0.045,10.4,10.4,0.516,0.542,0.195,0.199,102.2,102.01,85.01,102.01,0.086,2871,219,512,3.1,7.2,0.428,118,392,568,539,262,427,399,399,457,438,438,457,449,449,65,125,84,541,455,520,372,375,349,365,173,181,178,186,186,272,193,171,224,202,386,2023-24
203935,Marcus Smart,Marcus,1610612763,MEM,30.0,20,7,13,0.35,30.2,106.8,108.5,108.5,106.6,109.2,109.2,0.2,-0.8,-0.8,0.211,1.39,21.0,0.009,0.073,0.041,15.1,15.1,0.519,0.552,0.225,0.228,104.71,102.65,85.54,102.65,0.083,1289,102,237,5.1,11.9,0.43,439,440,152,423,95,415,363,363,76,139,139,247,279,279,122,401,188,531,508,533,541,542,337,330,109,116,41,144,144,292,300,288,107,91,372,2023-24
1631109,Mark Williams,Mark,1610612766,CHA,22.0,19,7,12,0.368,26.8,114.7,115.2,115.2,114.0,116.4,116.4,0.7,-1.2,-1.2,0.059,1.29,10.0,0.143,0.209,0.176,7.7,7.8,0.649,0.675,0.162,0.163,101.25,100.03,83.36,100.03,0.129,1056,98,151,5.2,7.9,0.649,446,440,138,412,154,156,147,147,373,464,464,233,295,295,507,423,497,12,59,27,159,162,34,29,300,324,256,342,342,70,306,355,105,179,24,2023-24
1628365,Markelle Fultz,Markelle,1610612753,ORL,26.0,43,25,18,0.581,21.2,109.2,109.6,109.6,107.9,109.0,109.0,1.2,0.6,0.6,0.194,2.4,23.6,0.062,0.094,0.078,9.8,9.8,0.479,0.492,0.182,0.187,99.37,98.7,82.25,98.7,0.086,1872,154,326,3.6,7.6,0.472,330,247,215,204,230,348,336,336,92,128,128,217,236,236,143,173,137,154,413,292,330,325,448,470,212,220,409,447,447,271,245,249,192,194,212,2023-24
202693,Markieff Morris,Markieff,1610612742,DAL,34.0,26,15,11,0.577,8.3,101.5,99.8,99.8,113.8,115.1,115.1,-12.3,-15.3,-15.3,0.106,1.33,16.2,0.017,0.152,0.083,12.1,12.2,0.449,0.467,0.153,0.159,104.4,104.7,87.25,104.7,0.063,479,23,68,0.9,2.6,0.338,406,347,134,216,475,507,506,506,351,409,409,505,530,530,326,409,322,463,165,245,474,476,484,497,355,355,48,63,63,434,437,428,481,453,519,2023-24
1641806,Markquis Nowell,Markquis,1610612761,TOR,24.0,1,0,1,0.0,3.5,133.1,128.6,128.6,71.4,62.5,62.5,61.7,66.1,66.1,1.0,0.0,50.0,0.5,0.0,0.286,0.0,0.0,0.0,0.532,0.222,0.215,93.91,102.37,85.31,102.37,0.357,7,0,1,0.0,1.0,0.0,565,560,14,560,543,5,8,8,3,4,4,1,2,2,1,541,2,1,557,1,1,1,561,400,119,146,562,162,162,1,561,565,561,542,561,2023-24
1629716,Marques Bolden,Marques,1610612766,CHA,26.0,11,5,6,0.455,11.0,107.9,105.1,105.1,110.6,113.5,113.5,-2.7,-8.5,-8.5,0.051,1.33,11.8,0.09,0.183,0.14,8.8,8.9,0.68,0.691,0.108,0.112,100.3,100.33,83.61,100.33,0.103,256,17,25,1.5,2.3,0.68,485,466,80,354,420,384,450,450,210,325,325,327,445,445,528,409,458,74,97,80,248,253,19,18,526,530,326,321,321,180,456,487,386,476,10,2023-24
1628963,Marvin Bagley III,Marvin,1610612764,WAS,25.0,50,7,43,0.14,21.1,108.7,109.5,109.5,116.2,115.5,115.5,-7.6,-6.0,-6.0,0.079,0.93,9.5,0.119,0.175,0.146,10.2,10.2,0.597,0.629,0.204,0.208,102.99,102.87,85.73,102.87,0.122,2257,239,408,4.8,8.2,0.586,291,440,525,545,233,364,337,337,466,432,432,423,390,390,427,496,507,22,113,67,362,362,91,77,152,154,116,137,137,96,175,211,131,172,52,2023-24
1630222,Mason Jones,Mason,1610612758,SAC,25.0,5,3,2,0.6,5.5,89.3,87.7,87.7,96.9,96.6,96.6,-7.5,-8.9,-8.9,0.278,2.5,31.3,0.026,0.143,0.076,12.5,12.6,0.375,0.394,0.155,0.16,99.53,100.57,83.8,100.57,0.065,57,2,8,0.4,1.6,0.25,536,489,28,170,510,550,549,549,20,23,23,421,451,451,47,143,45,365,187,305,490,494,528,529,348,347,392,300,300,420,541,538,544,516,547,2023-24
203486,Mason Plumlee,Mason,1610612746,LAC,34.0,46,29,17,0.63,14.7,115.6,115.8,115.8,115.1,115.5,115.5,0.5,0.3,0.3,0.107,1.53,19.0,0.09,0.244,0.17,12.5,12.5,0.569,0.621,0.147,0.149,101.01,100.71,83.93,100.71,0.108,1417,87,153,1.9,3.3,0.569,315,213,199,121,343,120,126,126,422,431,431,238,243,243,324,369,238,71,21,33,489,490,170,99,385,393,277,288,288,161,320,352,343,411,67,2023-24
1629680,Matisse Thybulle,Matisse,1610612757,POR,27.0,65,18,47,0.277,22.9,106.6,107.7,107.7,113.4,115.1,115.1,-6.8,-7.4,-7.4,0.083,2.25,19.6,0.019,0.074,0.046,8.7,8.7,0.524,0.537,0.105,0.108,100.68,99.41,82.84,99.41,0.061,3078,126,317,1.9,4.9,0.397,181,316,534,462,209,419,386,386,334,411,411,404,419,419,409,199,219,436,504,515,235,238,324,386,536,537,300,404,404,449,272,253,336,300,450,2023-24
1630562,Matt Hurt,Matt,1610612763,MEM,24.0,8,2,6,0.25,14.2,97.7,98.7,98.7,105.6,104.8,104.8,-7.9,-6.0,-6.0,0.062,2.0,9.8,0.07,0.06,0.065,4.9,4.8,0.426,0.453,0.134,0.138,98.45,98.34,81.95,98.34,0.054,233,12,34,1.5,4.3,0.353,510,511,80,474,352,525,514,514,62,65,65,431,393,393,496,238,502,130,532,374,46,45,506,508,438,437,483,484,484,484,480,468,396,334,510,2023-24
1630346,Matt Ryan,Matt,1610612740,NOP,27.0,28,14,14,0.5,13.9,108.1,107.9,107.9,107.1,106.5,106.5,1.0,1.4,1.4,0.064,0.95,11.6,0.014,0.079,0.047,12.3,12.2,0.615,0.638,0.144,0.148,103.45,103.84,86.53,103.84,0.062,845,49,113,1.8,4.0,0.434,399,361,162,300,359,381,377,377,82,86,86,225,209,209,489,495,464,490,491,505,480,477,63,65,401,400,92,88,88,439,386,380,354,350,360,2023-24
1631108,Max Christie,Max,1610612747,LAL,21.0,67,38,29,0.567,14.1,111.0,109.2,109.2,110.1,110.3,110.3,0.9,-1.1,-1.1,0.084,1.71,16.8,0.017,0.122,0.073,9.8,9.8,0.515,0.544,0.132,0.137,103.45,104.25,86.88,104.25,0.063,2054,103,241,1.5,3.6,0.427,166,124,381,233,356,274,349,349,190,180,180,227,293,293,398,320,300,467,272,325,326,329,352,361,449,443,91,77,77,438,297,284,389,381,387,2023-24
1629622,Max Strus,Max,1610612739,CLE,28.0,70,43,27,0.614,32.0,114.6,115.3,115.3,108.4,109.7,109.7,6.2,5.6,5.6,0.166,2.53,24.4,0.03,0.117,0.074,9.6,9.6,0.533,0.553,0.167,0.171,100.61,99.71,83.09,99.71,0.081,4649,304,728,4.3,10.4,0.418,128,79,344,152,74,161,142,142,105,157,157,101,109,109,171,139,127,328,290,317,309,309,285,326,281,290,309,376,376,308,136,110,149,120,406,2023-24
1628467,Maxi Kleber,Maxi,1610612742,DAL,32.0,43,27,16,0.628,20.3,116.9,116.5,116.5,110.0,109.9,109.9,6.9,6.6,6.6,0.099,2.43,25.9,0.035,0.125,0.082,10.6,10.7,0.541,0.573,0.096,0.098,101.83,102.07,85.06,102.07,0.057,1854,63,146,1.5,3.4,0.432,330,231,184,124,242,73,109,109,178,164,164,87,89,89,343,167,106,287,259,252,391,395,256,257,550,549,204,181,181,475,362,362,404,400,368,2023-24
1641721,Maxwell Lewis,Maxwell,1610612747,LAL,21.0,34,18,16,0.529,3.0,76.8,73.1,73.1,114.0,105.8,105.8,-37.2,-32.6,-32.6,0.109,0.6,15.8,0.018,0.019,0.019,26.3,26.1,0.214,0.246,0.127,0.137,99.38,105.73,88.11,105.73,-0.031,227,4,21,0.1,0.6,0.19,375,316,184,287,553,565,566,566,369,79,79,560,557,557,315,529,336,453,556,560,570,570,554,558,471,441,408,44,44,563,527,498,560,564,554,2023-24
1630695,Micah Potter,Micah,1610612762,UTA,26.0,16,3,13,0.188,11.6,107.1,105.9,105.9,112.1,114.4,114.4,-5.1,-8.4,-8.4,0.046,1.2,11.1,0.051,0.168,0.11,9.3,9.2,0.588,0.609,0.109,0.114,99.79,99.32,82.77,99.32,0.08,387,19,40,1.2,2.5,0.475,461,489,152,517,404,407,427,427,281,370,370,370,442,442,537,443,476,198,129,141,280,273,108,130,525,524,360,410,410,313,446,456,446,458,205,2023-24
1629008,Michael Porter Jr.,Michael,1610612743,DEN,26.0,81,57,24,0.704,31.7,118.5,120.2,120.2,111.4,112.1,112.1,7.1,8.1,8.1,0.064,1.33,9.1,0.042,0.177,0.111,6.9,6.9,0.586,0.601,0.202,0.205,98.88,97.81,81.51,97.81,0.106,5247,522,1079,6.4,13.3,0.484,18,4,282,51,79,51,36,36,244,265,265,84,70,70,488,412,517,239,108,139,101,100,111,145,160,165,453,513,513,168,39,42,70,72,186,2023-24
1628969,Mikal Bridges,Mikal,1610612751,BKN,27.0,82,32,50,0.39,34.8,109.8,111.0,111.0,113.1,114.3,114.3,-3.3,-3.3,-3.3,0.163,1.82,15.9,0.022,0.105,0.063,8.7,8.6,0.521,0.56,0.238,0.244,99.38,98.35,81.96,98.35,0.105,5852,564,1294,6.9,15.8,0.436,2,183,544,397,27,320,282,282,326,368,368,341,338,338,178,287,334,401,354,390,236,232,334,306,83,86,406,482,482,172,26,18,59,46,349,2023-24
201144,Mike Conley,Mike,1610612750,MIN,36.0,76,53,23,0.697,28.9,112.6,113.7,113.7,107.0,108.0,108.0,5.6,5.7,5.7,0.29,4.4,36.2,0.018,0.081,0.051,8.2,8.2,0.595,0.627,0.157,0.161,98.29,97.38,81.15,97.38,0.115,4460,294,644,3.9,8.5,0.457,61,22,272,55,116,227,198,198,80,107,107,111,106,106,39,23,23,451,483,483,186,186,94,81,331,343,494,539,539,121,145,130,171,159,266,2023-24
203488,Mike Muscala,Mike,1610612760,OKC,33.0,53,17,36,0.321,11.3,108.0,106.4,106.4,114.6,114.0,114.0,-6.6,-7.6,-7.6,0.082,1.68,16.3,0.062,0.139,0.1,9.7,9.7,0.449,0.47,0.132,0.136,102.06,103.13,85.94,103.13,0.049,1293,56,156,1.1,2.9,0.359,278,331,469,445,415,383,417,417,404,353,353,399,426,426,412,329,316,156,200,183,314,321,482,493,451,450,183,126,126,498,374,348,458,436,504,2023-24
1628970,Miles Bridges,Miles,1610612766,CHA,26.0,69,17,52,0.246,37.4,107.3,108.0,108.0,118.8,120.1,120.1,-11.4,-12.1,-12.1,0.146,1.67,13.9,0.027,0.176,0.099,8.3,8.3,0.527,0.556,0.242,0.248,99.32,98.46,82.05,98.46,0.111,5298,559,1210,8.1,17.5,0.462,138,331,551,489,4,402,374,374,523,537,537,492,503,503,215,331,397,358,112,184,194,192,311,316,73,75,414,467,467,134,29,26,31,30,244,2023-24
1630540,Miles McBride,Miles,1610612752,NYK,23.0,68,42,26,0.618,19.5,109.3,110.6,110.6,110.9,110.6,110.6,-1.6,0.0,0.0,0.131,3.8,18.4,0.022,0.053,0.037,4.9,4.8,0.572,0.59,0.164,0.168,95.83,95.4,79.5,95.4,0.08,2632,205,454,3.0,6.7,0.452,148,88,332,142,257,344,299,299,218,194,194,292,255,255,262,36,252,403,541,544,44,44,158,188,293,294,551,566,566,320,206,195,225,220,288,2023-24
1629011,Mitchell Robinson,Mitchell,1610612752,NYK,26.0,31,19,12,0.613,24.8,115.1,117.3,117.3,116.8,116.2,116.2,-1.7,1.1,1.1,0.031,0.72,9.0,0.17,0.173,0.171,12.4,12.6,0.575,0.554,0.099,0.1,97.35,96.67,80.56,96.67,0.082,1545,73,127,2.4,4.1,0.575,392,307,138,157,187,136,84,84,480,459,459,296,218,218,546,517,519,6,114,30,488,492,148,322,544,548,529,556,556,294,348,370,293,343,59,2023-24
1628964,Mo Bamba,Mo,1610612755,PHI,26.0,57,30,27,0.526,13.0,106.5,107.5,107.5,110.9,110.5,110.5,-4.3,-3.0,-3.0,0.083,1.05,13.7,0.095,0.218,0.153,13.0,13.0,0.553,0.575,0.149,0.152,98.06,97.77,81.47,97.77,0.098,1507,97,198,1.7,3.5,0.49,241,201,344,290,375,424,392,392,217,186,186,358,328,328,410,473,404,65,52,56,504,504,223,248,371,378,508,518,518,204,308,319,360,393,167,2023-24
1628420,Monté Morris,Monté,1610612750,MIN,29.0,33,21,12,0.636,14.4,113.6,113.5,113.5,103.6,104.1,104.1,10.0,9.4,9.4,0.199,9.86,29.1,0.014,0.105,0.059,3.0,2.9,0.493,0.508,0.151,0.156,99.65,99.42,82.85,99.42,0.094,983,62,153,1.9,4.6,0.405,380,289,138,108,347,195,207,207,45,59,59,47,53,53,139,2,61,493,360,424,25,25,416,444,363,366,377,403,403,225,364,352,346,316,433,2023-24
1629021,Moritz Wagner,Moritz,1610612753,ORL,27.0,80,46,34,0.575,17.7,113.1,113.9,113.9,110.2,110.8,110.8,2.8,3.1,3.1,0.109,0.99,11.6,0.087,0.168,0.128,11.7,11.6,0.636,0.676,0.22,0.228,99.33,98.73,82.28,98.73,0.139,2911,332,552,4.2,6.9,0.601,23,52,446,218,280,214,191,191,191,205,205,183,164,164,314,490,465,82,128,101,454,448,45,28,123,118,412,442,442,49,118,163,155,209,41,2023-24
1629650,Moses Brown,Moses,1610612757,POR,24.0,22,4,18,0.182,9.1,102.6,104.5,104.5,122.5,118.9,118.9,-19.9,-14.4,-14.4,0.057,0.64,7.2,0.155,0.254,0.199,11.3,11.4,0.508,0.477,0.176,0.182,99.88,100.45,83.71,100.45,0.08,419,33,65,1.5,3.0,0.508,427,482,215,523,461,492,463,463,552,517,517,543,526,526,515,526,541,11,18,7,427,434,370,484,234,233,353,309,309,316,419,431,396,435,129,2023-24
1630541,Moses Moody,Moses,1610612744,GSW,22.0,66,38,28,0.576,17.5,112.6,113.3,113.3,110.2,110.2,110.2,2.3,3.1,3.1,0.07,1.3,10.2,0.052,0.108,0.079,7.9,7.8,0.548,0.578,0.176,0.182,100.84,100.54,83.78,100.54,0.087,2432,194,420,2.9,6.4,0.462,170,124,361,217,283,228,215,215,192,174,174,193,165,165,466,422,495,195,339,277,165,164,240,228,236,234,293,304,304,264,211,207,230,234,245,2023-24
1631338,Mouhamadou Gueye,Mouhamadou,1610612761,TOR,25.0,11,0,11,0.0,10.9,81.4,80.0,80.0,109.8,110.9,110.9,-28.5,-30.9,-30.9,0.081,0.42,8.5,0.087,0.08,0.084,20.3,20.4,0.289,0.31,0.189,0.197,101.92,102.25,85.21,102.25,0.002,255,11,38,1.0,3.5,0.289,485,560,134,560,426,561,561,561,168,209,209,554,556,556,416,538,527,83,484,241,564,564,548,549,188,184,197,167,167,555,482,460,460,395,542,2023-24
1631243,Mouhamed Gueye,Mouhamed,1610612737,ATL,21.0,6,2,4,0.333,12.1,87.0,89.9,89.9,119.9,115.1,115.1,-32.9,-25.2,-25.2,0.091,4.0,12.9,0.111,0.188,0.143,3.2,3.3,0.413,0.468,0.144,0.145,104.11,104.51,87.09,104.51,0.079,158,8,23,1.3,3.8,0.348,525,511,45,432,396,554,544,544,537,412,412,558,553,553,366,29,424,33,89,77,27,27,512,495,396,410,56,69,69,327,505,492,422,364,515,2023-24
1631217,Moussa Diabaté,Moussa,1610612746,LAC,22.0,11,7,4,0.636,5.8,122.7,117.7,117.7,115.1,121.1,121.1,7.6,-3.4,-3.4,0.089,2.0,12.5,0.227,0.129,0.176,6.3,6.4,0.526,0.576,0.171,0.178,96.93,96.39,80.33,96.39,0.141,130,10,19,0.9,1.7,0.526,485,440,45,108,506,15,75,75,418,546,546,78,344,344,375,238,433,3,241,25,75,82,312,238,262,254,541,564,564,43,487,505,477,508,107,2023-24
1626167,Myles Turner,Myles,1610612754,IND,28.0,77,45,32,0.584,27.0,118.6,120.6,120.6,114.4,115.5,115.5,4.2,5.1,5.1,0.065,0.92,8.0,0.056,0.198,0.128,8.7,8.7,0.587,0.626,0.234,0.237,103.86,102.52,85.43,102.52,0.116,4432,476,909,6.2,11.8,0.524,54,66,425,200,148,45,30,30,392,430,430,144,116,116,484,497,536,180,78,100,234,235,109,87,91,99,71,150,150,117,53,67,76,92,111,2023-24
1630230,Naji Marshall,Naji,1610612740,NOP,26.0,66,41,25,0.621,19.0,116.5,115.4,115.4,107.1,106.8,106.8,9.5,8.7,8.7,0.139,1.97,21.4,0.042,0.142,0.093,10.9,10.9,0.542,0.576,0.158,0.163,100.06,100.71,83.92,100.71,0.092,2627,170,367,2.6,5.6,0.463,170,97,311,137,261,86,140,140,81,89,89,53,63,63,233,258,172,237,188,204,407,406,251,246,329,328,343,289,289,238,227,231,266,262,240,2023-24
1629642,Nassir Little,Nassir,1610612756,PHX,24.0,45,28,17,0.622,10.2,105.9,103.2,103.2,111.1,112.7,112.7,-5.2,-9.5,-9.5,0.068,1.5,12.6,0.03,0.12,0.077,8.4,8.3,0.544,0.572,0.132,0.139,100.94,101.49,84.58,101.49,0.073,971,57,124,1.3,2.8,0.46,323,221,199,136,440,438,480,480,231,294,294,376,458,458,472,377,430,323,279,296,202,200,249,260,447,434,286,228,228,376,372,371,434,446,258,2023-24
1630207,Nate Hinton,Nate,1610612745,HOU,25.0,15,8,7,0.533,5.0,116.2,109.3,109.3,107.5,100.0,100.0,8.6,9.3,9.3,0.159,3.33,24.4,0.086,0.169,0.129,7.3,7.3,0.558,0.585,0.156,0.167,104.48,111.71,93.09,111.71,0.111,172,11,26,0.7,1.7,0.423,467,423,93,280,519,100,344,344,90,34,34,60,54,54,186,50,126,86,127,97,126,127,208,205,343,300,46,12,12,142,482,484,500,507,394,2023-24
1631466,Nate Williams,Nate,1610612745,HOU,25.0,22,11,11,0.5,5.9,112.6,111.1,111.1,104.8,104.2,104.2,7.7,6.9,6.9,0.07,1.75,10.6,0.081,0.071,0.075,6.1,6.0,0.56,0.565,0.173,0.182,104.94,105.92,88.26,105.92,0.09,287,27,50,1.2,2.3,0.54,427,392,134,300,505,229,278,278,54,60,60,74,84,84,465,310,485,98,518,310,68,67,204,287,254,232,38,42,42,250,434,443,439,476,85,2023-24
1641877,Nathan Mensah,Nathan,1610612766,CHA,26.0,25,3,22,0.12,12.3,94.2,94.9,94.9,115.9,114.5,114.5,-21.8,-19.6,-19.6,0.043,0.64,15.8,0.087,0.127,0.105,24.6,24.9,0.429,0.496,0.068,0.068,99.52,99.71,83.09,99.71,0.007,633,12,28,0.5,1.1,0.429,411,489,262,550,393,537,529,529,455,380,380,546,541,541,541,525,336,85,245,163,568,568,504,465,565,565,393,374,374,552,480,480,536,537,378,2023-24
1629675,Naz Reid,Naz,1610612750,MIN,24.0,81,56,25,0.691,24.2,111.2,111.1,111.1,104.5,105.5,105.5,6.7,5.7,5.7,0.085,0.95,9.4,0.038,0.17,0.106,9.8,9.8,0.576,0.595,0.223,0.23,100.27,99.83,83.19,99.83,0.115,4092,406,851,5.0,10.5,0.477,18,10,311,65,194,267,279,279,49,76,76,92,105,105,396,494,510,271,121,160,327,327,143,175,117,110,328,362,362,122,72,75,114,118,204,2023-24
1629674,Neemias Queta,Neemias,1610612738,BOS,24.0,28,24,4,0.857,11.9,128.7,128.7,128.7,109.9,108.3,108.3,18.7,20.4,20.4,0.078,1.54,13.4,0.157,0.195,0.177,8.7,8.7,0.644,0.662,0.16,0.164,97.93,98.67,82.23,98.67,0.123,683,67,104,2.4,3.7,0.644,399,257,45,14,399,8,7,7,175,114,114,15,12,12,429,366,414,9,80,24,239,239,38,43,313,319,515,449,449,89,357,390,288,372,25,2023-24
1629651,Nic Claxton,Nic,1610612751,BKN,25.0,71,27,44,0.38,29.8,108.4,108.4,108.4,113.3,114.1,114.1,-4.9,-5.6,-5.6,0.107,1.58,16.2,0.088,0.239,0.162,10.3,10.2,0.63,0.629,0.156,0.16,98.8,98.42,82.02,98.42,0.128,4323,366,582,5.2,8.2,0.629,118,231,528,404,99,373,366,366,330,357,357,366,380,380,325,354,320,80,27,39,366,364,49,76,344,348,462,473,473,73,96,151,106,171,30,2023-24
1630208,Nick Richards,Nick,1610612766,CHA,26.0,67,14,53,0.209,26.2,105.2,106.3,106.3,117.1,118.2,118.2,-11.9,-11.9,-11.9,0.046,0.74,9.3,0.097,0.218,0.156,12.5,12.5,0.691,0.717,0.131,0.133,98.5,97.53,81.27,97.53,0.108,3572,260,376,3.9,5.6,0.691,166,361,555,509,163,456,418,418,488,506,506,501,500,500,536,516,512,61,50,47,496,491,14,10,453,459,475,528,528,158,161,226,169,260,8,2023-24
1641733,Nick Smith Jr.,Nick,1610612766,CHA,20.0,51,9,42,0.176,14.3,101.2,102.4,102.4,115.8,114.9,114.9,-14.6,-12.4,-12.4,0.134,1.51,15.0,0.023,0.078,0.049,9.9,9.9,0.5,0.511,0.202,0.206,97.9,97.72,81.43,97.72,0.056,1479,113,289,2.2,5.7,0.391,284,412,515,528,350,509,488,488,450,395,395,527,504,504,247,375,366,396,495,496,333,334,383,438,157,164,520,522,522,477,288,267,309,257,467,2023-24
1629638,Nickeil Alexander-Walker,Nickeil,1610612750,MIN,25.0,82,56,26,0.683,23.4,114.3,113.1,113.1,104.8,105.5,105.5,9.5,7.6,7.6,0.145,2.68,24.1,0.019,0.066,0.043,9.0,9.0,0.56,0.578,0.143,0.149,99.8,99.98,83.31,99.98,0.071,4005,236,538,2.9,6.6,0.439,2,10,332,69,203,172,220,220,53,77,77,52,75,75,216,115,130,439,523,527,255,257,200,231,403,396,359,349,349,384,178,168,234,225,340,2023-24
201587,Nicolas Batum,Nicolas,1610612755,PHI,35.0,60,36,24,0.6,25.5,116.7,117.6,117.6,110.3,111.9,111.9,6.4,5.6,5.6,0.105,3.2,29.6,0.046,0.115,0.08,9.2,9.2,0.596,0.603,0.085,0.087,99.58,98.51,82.09,98.51,0.065,3139,116,256,1.9,4.3,0.453,215,146,282,170,177,82,77,77,195,255,255,98,108,108,328,60,54,224,307,263,277,282,93,141,558,558,386,463,463,421,283,278,337,333,282,2023-24
203999,Nikola Jokić,Nikola,1610612743,DEN,29.0,79,55,24,0.696,34.6,120.5,122.4,122.4,109.3,110.6,110.6,11.1,11.8,11.8,0.391,2.99,27.9,0.086,0.27,0.182,9.3,9.3,0.612,0.65,0.288,0.293,99.39,98.05,81.71,98.05,0.211,5599,822,1411,10.4,17.9,0.583,30,14,282,57,28,24,12,12,139,193,193,37,32,32,7,82,74,87,13,18,286,286,67,54,24,28,405,498,498,4,2,11,5,27,54,2023-24
1631107,Nikola Jović,Nikola,1610612748,MIA,21.0,46,24,22,0.522,19.5,115.2,115.8,115.8,107.0,107.9,107.9,8.2,7.8,7.8,0.14,2.14,20.7,0.029,0.186,0.109,9.7,9.7,0.568,0.583,0.171,0.174,98.1,97.42,81.18,97.42,0.092,1822,127,281,2.8,6.1,0.452,315,257,262,294,258,135,129,129,79,106,106,69,72,72,229,213,196,334,94,143,311,314,174,211,263,275,507,538,538,239,271,271,244,244,287,2023-24
202696,Nikola Vučević,Nikola,1610612741,CHI,33.0,76,36,40,0.474,34.3,111.6,112.5,112.5,114.1,115.7,115.7,-2.5,-3.1,-3.1,0.153,2.12,15.5,0.08,0.229,0.154,7.3,7.3,0.522,0.54,0.233,0.237,98.47,97.36,81.13,97.36,0.126,5287,586,1211,7.7,15.9,0.484,61,146,501,340,31,256,236,236,375,437,437,320,333,333,198,220,350,99,37,52,129,129,331,370,95,100,479,540,540,81,24,25,46,43,185,2023-24
1641730,Noah Clowney,Noah,1610612751,BKN,19.0,23,10,13,0.435,16.1,105.8,104.8,104.8,111.8,111.7,111.7,-6.0,-6.9,-6.9,0.074,1.2,12.9,0.066,0.146,0.105,10.8,10.8,0.602,0.626,0.137,0.141,99.12,99.61,83.0,99.61,0.097,767,50,93,2.2,4.0,0.538,420,403,152,369,316,441,457,457,263,246,246,389,401,401,447,443,423,140,182,164,400,400,79,85,425,431,435,387,387,208,383,399,311,349,90,2023-24
1626181,Norman Powell,Norman,1610612746,LAC,31.0,76,48,28,0.632,26.2,116.8,118.0,118.0,111.8,113.0,113.0,5.0,5.1,5.1,0.059,1.24,8.3,0.008,0.085,0.048,6.7,6.7,0.594,0.626,0.193,0.198,101.4,100.37,83.64,100.37,0.087,4162,373,768,4.9,10.1,0.486,61,36,361,119,164,74,69,69,266,300,300,124,118,118,505,436,534,538,454,500,93,92,97,89,176,182,237,320,320,265,94,99,123,122,181,2023-24
1628384,OG Anunoby,OG,1610612752,NYK,26.0,50,31,19,0.62,34.0,116.5,118.2,118.2,106.5,107.2,107.2,9.9,10.9,10.9,0.084,1.32,13.4,0.028,0.091,0.061,10.1,10.1,0.577,0.595,0.173,0.176,99.73,98.71,82.25,98.71,0.081,3503,282,577,5.6,11.5,0.489,291,193,226,139,35,91,65,65,73,94,94,50,39,39,399,414,415,342,432,413,355,353,140,176,249,263,366,446,446,307,150,154,90,99,172,2023-24
1630167,Obi Toppin,Obi,1610612754,IND,26.0,82,47,35,0.573,21.1,119.4,120.2,120.2,116.0,116.6,116.6,3.4,3.6,3.6,0.091,1.86,15.7,0.049,0.137,0.093,8.4,8.4,0.661,0.677,0.16,0.165,105.59,104.97,87.47,104.97,0.101,3786,332,579,4.0,7.1,0.573,2,45,461,222,232,37,38,38,460,469,469,164,150,150,366,280,343,211,210,206,210,208,27,26,316,313,24,56,56,187,118,153,162,206,60,2023-24
1630534,Ochai Agbaji,Ochai,1610612761,TOR,24.0,78,31,47,0.397,21.0,109.0,110.1,110.1,116.5,117.2,117.2,-7.5,-7.1,-7.1,0.068,1.3,13.8,0.044,0.083,0.063,10.6,10.6,0.483,0.497,0.131,0.134,102.37,101.56,84.64,101.56,0.046,3472,178,433,2.3,5.6,0.411,43,193,534,391,234,357,311,311,472,482,482,420,406,406,475,421,403,233,469,386,392,387,440,464,456,453,162,223,223,505,224,202,298,264,425,2023-24
1630846,Olivier Sarr,Olivier,1610612760,OKC,25.0,15,8,7,0.533,6.5,110.1,106.8,106.8,109.5,105.8,105.8,0.6,1.0,1.0,0.029,0.67,6.5,0.111,0.241,0.182,9.7,9.8,0.632,0.664,0.124,0.128,98.14,101.42,84.52,101.42,0.093,207,11,19,0.7,1.3,0.579,467,423,93,280,498,308,402,402,151,80,80,235,226,226,547,522,543,33,25,16,311,328,48,39,483,484,504,233,233,228,482,505,500,526,57,2023-24
1641765,Olivier-Maxence Prosper,Olivier-Maxence,1610612742,DAL,21.0,40,24,16,0.6,8.4,102.5,99.6,99.6,114.3,112.8,112.8,-11.8,-13.2,-13.2,0.095,2.75,14.4,0.062,0.153,0.104,5.2,5.3,0.447,0.496,0.153,0.159,102.47,104.65,87.21,104.65,0.082,738,40,104,1.0,2.6,0.385,349,257,184,170,472,494,508,508,383,295,295,499,512,512,353,109,386,152,164,167,52,54,489,466,354,354,155,65,65,298,399,390,460,454,475,2023-24
1630209,Omer Yurtseven,Omer,1610612762,UTA,26.0,48,17,31,0.354,11.4,102.7,104.4,104.4,117.7,117.2,117.2,-15.0,-12.8,-12.8,0.084,0.78,11.1,0.117,0.255,0.181,14.2,14.1,0.552,0.565,0.173,0.177,101.13,100.56,83.8,100.56,0.11,1148,99,184,2.1,3.8,0.538,306,331,406,421,413,490,466,466,497,480,480,532,506,506,400,513,476,26,17,20,528,527,228,286,252,259,266,301,301,150,304,330,318,364,89,2023-24
1641931,Onuralp Bitim,Onuralp,1610612741,CHI,25.0,23,11,12,0.478,11.7,108.5,106.6,106.6,115.1,115.1,115.1,-6.6,-8.5,-8.5,0.069,1.3,11.9,0.022,0.096,0.058,9.2,9.2,0.452,0.464,0.149,0.156,99.07,99.94,83.29,99.94,0.035,559,32,84,1.4,3.7,0.381,420,392,138,336,403,366,405,405,424,410,410,398,444,444,469,418,454,410,402,428,274,272,478,501,372,368,441,355,355,522,422,405,412,380,480,2023-24
1630168,Onyeka Okongwu,Onyeka,1610612737,ATL,23.0,55,23,32,0.418,25.5,116.8,118.1,118.1,118.5,119.0,119.0,-1.8,-0.9,-0.9,0.071,1.64,13.9,0.099,0.169,0.132,8.4,8.4,0.642,0.674,0.134,0.136,104.1,103.28,86.07,103.28,0.094,3020,223,365,4.1,6.6,0.611,258,270,425,372,176,77,67,67,518,518,518,299,281,281,455,342,399,54,126,90,208,205,41,31,440,445,58,120,120,227,188,234,158,221,38,2023-24
1631115,Orlando Robinson,Orlando,1610612748,MIA,23.0,36,20,16,0.556,8.4,112.5,113.1,113.1,111.1,109.6,109.6,1.4,3.5,3.5,0.161,1.89,25.2,0.099,0.189,0.145,13.3,13.3,0.556,0.596,0.143,0.147,97.99,98.39,81.99,98.39,0.097,618,36,72,1.0,2.0,0.5,370,297,184,259,471,231,218,218,229,149,149,214,151,151,184,276,112,56,88,70,513,513,218,169,405,402,512,478,478,209,407,421,460,490,139,2023-24
1631131,Oscar Tshiebwe,Oscar,1610612754,IND,24.0,8,2,6,0.25,5.2,115.0,114.9,114.9,102.9,98.9,98.9,12.1,15.9,15.9,0.065,0.0,7.7,0.167,0.229,0.193,0.0,0.0,0.5,0.553,0.205,0.207,106.04,108.21,90.18,108.21,0.165,94,10,20,1.3,2.5,0.5,510,511,80,474,513,141,155,155,38,30,30,30,19,19,486,541,538,7,38,10,1,1,383,328,151,161,19,27,27,14,487,501,435,458,139,2023-24
1629052,Oshae Brissett,Oshae,1610612738,BOS,26.0,55,46,9,0.836,11.5,116.7,117.2,117.2,108.4,106.4,106.4,8.3,10.8,10.8,0.089,2.2,17.3,0.089,0.148,0.118,7.9,7.9,0.493,0.53,0.136,0.14,100.05,100.85,84.04,100.85,0.076,1311,68,153,1.2,2.8,0.444,258,52,118,15,410,81,89,89,106,84,84,68,41,41,373,204,287,77,176,121,166,167,416,403,428,432,346,274,274,357,356,352,438,445,310,2023-24
203490,Otto Porter Jr.,Otto,1610612761,TOR,31.0,15,6,9,0.4,11.6,110.3,112.2,112.2,109.2,107.5,107.5,1.2,4.7,4.7,0.058,4.0,18.2,0.032,0.13,0.08,4.5,4.5,0.545,0.568,0.083,0.086,103.25,103.13,85.94,103.13,0.054,376,14,33,0.9,2.2,0.424,467,458,118,385,406,303,246,246,133,99,99,221,127,127,513,29,262,308,237,272,40,40,246,274,560,559,103,127,127,483,473,471,475,478,391,2023-24
1631172,Ousmane Dieng,Ousmane,1610612760,OKC,21.0,33,21,12,0.636,11.1,109.7,110.1,110.1,108.3,109.0,109.0,1.4,1.1,1.1,0.144,1.95,20.7,0.027,0.105,0.067,10.6,10.6,0.513,0.54,0.167,0.17,100.97,100.42,83.68,100.42,0.074,760,49,116,1.5,3.5,0.422,380,289,138,108,419,328,309,309,101,129,129,212,219,219,219,261,198,352,359,359,390,391,358,369,282,291,282,315,315,367,386,376,401,386,398,2023-24
200782,P.J. Tucker,P.J.,1610612746,LAC,39.0,31,13,18,0.419,15.7,113.2,112.4,112.4,113.3,113.7,113.7,-0.1,-1.3,-1.3,0.041,2.0,21.3,0.059,0.116,0.088,10.7,10.6,0.49,0.507,0.052,0.054,98.23,98.41,82.0,98.41,0.031,992,18,50,0.6,1.6,0.36,392,377,215,371,324,207,242,242,332,333,333,260,297,297,542,238,180,162,294,220,395,392,424,447,567,567,497,475,475,527,447,443,518,515,502,2023-24
1629023,P.J. Washington,P.J.,1610612742,DAL,25.0,73,30,43,0.411,30.4,112.1,112.8,112.8,114.4,115.6,115.6,-2.3,-2.8,-2.8,0.087,1.47,12.7,0.037,0.147,0.091,8.7,8.6,0.518,0.537,0.185,0.189,101.31,100.49,83.74,100.49,0.079,4648,354,811,4.8,11.1,0.436,99,201,525,377,93,240,229,229,390,434,434,315,324,324,384,386,429,277,180,210,230,231,342,387,203,213,250,306,306,330,104,91,126,105,345,2023-24
1631094,Paolo Banchero,Paolo,1610612753,ORL,21.0,80,46,34,0.575,35.0,109.9,111.9,111.9,110.1,111.9,111.9,-0.2,0.0,0.0,0.254,1.74,18.5,0.029,0.178,0.101,10.6,10.6,0.497,0.546,0.292,0.295,99.91,98.2,81.83,98.2,0.135,5727,640,1407,8.0,17.6,0.455,23,52,446,218,24,318,253,253,185,253,253,261,257,257,75,315,251,333,105,180,388,390,407,351,21,26,351,492,492,57,17,12,34,29,271,2023-24
1627783,Pascal Siakam,Pascal,1610612754,IND,30.0,80,38,42,0.475,33.2,116.0,117.6,117.6,114.6,115.3,115.3,1.4,2.2,2.2,0.189,2.43,17.8,0.052,0.159,0.105,7.4,7.3,0.569,0.601,0.25,0.255,102.04,100.99,84.16,100.99,0.132,5587,681,1271,8.5,15.9,0.536,23,124,515,339,53,106,78,78,396,425,425,213,193,193,148,169,276,194,151,162,132,131,166,146,58,64,188,264,264,63,11,21,26,45,95,2023-24
1626192,Pat Connaughton,Pat,1610612749,MIL,31.0,76,45,31,0.592,22.1,114.6,115.1,115.1,115.5,115.9,115.9,-0.9,-0.8,-0.8,0.123,3.29,27.7,0.03,0.112,0.071,8.4,8.4,0.553,0.574,0.106,0.109,101.74,101.34,84.45,101.34,0.066,3545,151,347,2.0,4.6,0.435,61,66,406,184,221,162,149,149,432,446,446,282,278,278,279,53,75,321,316,338,206,207,222,252,534,535,210,240,240,418,249,242,332,320,351,2023-24
1630311,Pat Spencer,Pat,1610612744,GSW,27.0,6,4,2,0.667,4.3,102.4,96.4,96.4,115.7,111.1,111.1,-13.3,-14.7,-14.7,0.278,5.0,50.0,0.065,0.077,0.07,10.0,10.0,0.5,0.5,0.077,0.082,97.83,102.92,85.77,102.92,0.08,56,2,4,0.3,0.7,0.5,525,482,28,76,531,495,522,522,447,220,220,515,528,528,47,13,2,144,498,344,342,344,383,457,563,563,521,136,136,319,541,554,548,561,139,2023-24
1631116,Patrick Baldwin Jr.,Patrick,1610612764,WAS,21.0,38,6,32,0.158,13.0,108.5,108.4,108.4,110.4,111.0,111.0,-1.9,-2.5,-2.5,0.078,1.53,13.6,0.032,0.201,0.116,8.9,8.8,0.481,0.502,0.153,0.159,104.99,104.75,87.29,104.75,0.072,1079,59,155,1.6,4.1,0.381,361,458,425,536,376,367,365,365,199,212,212,303,317,317,433,372,409,311,70,128,253,249,444,454,356,356,36,61,61,379,368,349,385,345,483,2023-24
201976,Patrick Beverley,Patrick,1610612749,MIL,35.0,73,43,30,0.589,20.0,110.9,110.7,110.7,110.5,112.2,112.2,0.4,-1.6,-1.6,0.205,3.26,30.5,0.033,0.125,0.079,9.4,9.3,0.497,0.539,0.141,0.146,99.1,98.44,82.04,98.44,0.086,2993,158,379,2.2,5.2,0.417,99,79,395,190,246,277,295,295,204,271,271,241,300,300,131,55,50,304,260,281,291,291,406,380,409,407,437,470,470,273,240,220,312,284,408,2023-24
1630172,Patrick Williams,Patrick,1610612741,CHI,22.0,43,19,24,0.442,27.3,114.1,114.3,114.3,113.9,115.5,115.5,0.1,-1.2,-1.2,0.077,1.16,12.9,0.039,0.105,0.071,11.1,11.2,0.525,0.553,0.163,0.166,98.33,97.59,81.32,97.59,0.066,2393,159,359,3.7,8.3,0.443,330,307,282,365,140,182,172,172,364,429,429,250,294,294,435,458,425,260,356,336,419,424,315,327,296,304,491,527,527,417,238,238,179,165,318,2023-24
201988,Patty Mills,Patty,1610612748,MIA,35.0,32,15,17,0.469,13.0,109.7,109.8,109.8,109.8,109.5,109.5,0.0,0.3,0.3,0.108,2.13,18.4,0.02,0.066,0.041,8.6,8.6,0.443,0.467,0.152,0.157,100.13,100.26,83.55,100.26,0.045,869,46,131,1.4,4.1,0.351,385,347,199,344,377,325,325,325,165,146,146,259,240,240,318,215,256,432,522,535,229,226,493,496,359,362,338,325,325,507,391,368,408,344,513,2023-24
202331,Paul George,Paul,1610612746,LAC,34.0,74,48,26,0.649,33.8,119.5,121.2,121.2,110.4,112.1,112.1,9.1,9.1,9.1,0.157,1.71,14.8,0.016,0.138,0.08,8.7,8.6,0.569,0.613,0.264,0.27,98.9,97.47,81.22,97.47,0.126,5080,582,1236,7.9,16.7,0.471,87,36,332,100,41,34,21,21,196,261,261,54,57,57,191,323,370,472,209,267,231,225,167,113,45,47,450,533,533,80,25,24,36,38,220,2023-24
1630194,Paul Reed,Paul,1610612755,PHI,25.0,82,47,35,0.573,19.4,114.5,116.3,116.3,111.3,112.0,112.0,3.2,4.2,4.2,0.095,1.63,15.8,0.117,0.194,0.154,9.7,9.7,0.561,0.58,0.156,0.159,98.89,97.81,81.51,97.81,0.104,3221,259,480,3.2,5.9,0.54,2,45,461,222,260,166,114,114,241,259,259,172,135,135,355,344,335,27,81,53,317,313,195,223,340,351,451,512,512,175,163,184,218,255,88,2023-24
1630202,Payton Pritchard,Payton,1610612738,BOS,26.0,82,64,18,0.78,22.3,121.4,122.8,122.8,110.1,109.2,109.2,11.3,13.6,13.6,0.208,4.61,28.0,0.038,0.103,0.071,6.1,6.1,0.583,0.597,0.168,0.172,97.31,97.16,80.96,97.16,0.103,3673,297,635,3.6,7.7,0.468,2,1,215,23,218,18,10,10,187,136,136,35,26,26,128,20,72,269,369,340,69,69,121,166,270,284,531,548,548,178,142,133,187,182,226,2023-24
1631250,Pete Nance,Pete,1610612739,CLE,24.0,8,3,5,0.375,3.4,63.7,61.5,61.5,112.3,103.8,103.8,-48.6,-42.2,-42.2,0.0,0.0,0.0,0.0,0.136,0.061,12.5,12.7,0.25,0.218,0.138,0.145,87.01,92.14,76.78,92.14,-0.042,52,1,6,0.1,0.8,0.167,510,489,64,407,545,568,568,568,289,54,54,565,562,562,553,541,553,545,212,404,490,497,551,559,423,411,569,570,570,564,550,543,558,557,555,2023-24
1631212,Peyton Watson,Peyton,1610612743,DEN,21.0,80,56,24,0.7,18.6,109.5,109.0,109.0,109.4,109.7,109.7,0.1,-0.7,-0.7,0.081,1.48,13.5,0.038,0.121,0.082,9.1,9.1,0.516,0.539,0.16,0.166,98.85,98.88,82.4,98.88,0.076,3043,208,447,2.6,5.6,0.465,23,10,282,52,266,337,352,352,142,158,158,251,274,274,415,382,413,268,274,250,263,266,348,379,315,309,457,429,429,352,202,196,261,261,232,2023-24
1630173,Precious Achiuwa,Precious,1610612752,NYK,24.0,74,40,34,0.541,21.9,110.4,111.2,111.2,111.9,112.3,112.3,-1.5,-1.0,-1.0,0.088,1.17,13.9,0.111,0.182,0.145,11.9,11.9,0.529,0.545,0.158,0.161,96.94,96.4,80.33,96.4,0.095,3255,235,469,3.2,6.3,0.501,87,110,446,275,223,299,275,275,271,275,275,289,290,290,378,454,401,36,98,69,462,463,299,356,325,342,540,563,563,221,179,190,215,235,137,2023-24
1629656,Quentin Grimes,Quentin,1610612765,DET,24.0,51,32,19,0.627,20.1,106.9,108.1,108.1,108.7,109.1,109.1,-1.8,-0.9,-0.9,0.094,2.36,15.0,0.013,0.08,0.046,6.3,6.3,0.495,0.516,0.155,0.159,98.5,97.78,81.49,97.78,0.059,2079,122,328,2.4,6.4,0.372,284,183,226,125,244,410,370,370,120,132,132,297,282,282,357,182,367,502,486,513,78,79,411,428,346,350,478,515,515,455,278,248,289,232,489,2023-24
1631245,Quenton Jackson,Quenton,1610612754,IND,25.0,3,3,0,1.0,3.5,86.8,79.2,79.2,80.0,79.2,79.2,6.9,0.0,0.0,0.286,0.0,50.0,0.0,0.308,0.182,0.0,0.0,0.0,0.532,0.083,0.086,103.99,109.37,91.14,109.37,0.2,24,0,1,0.0,0.3,0.0,549,489,1,1,544,555,562,562,4,5,5,88,251,251,42,541,2,545,4,16,1,1,561,400,560,560,64,17,17,6,561,565,561,567,561,2023-24
1630181,R.J. Hampton,R.J.,1610612748,MIA,23.0,8,3,5,0.375,9.5,114.9,118.4,118.4,107.2,107.8,107.8,7.7,10.6,10.6,0.127,2.67,30.8,0.026,0.045,0.036,11.5,11.6,0.321,0.336,0.098,0.101,100.29,98.5,82.08,98.5,0.003,158,4,14,0.5,1.8,0.286,510,489,64,407,448,149,62,62,83,104,104,76,42,42,271,116,47,370,545,548,443,446,542,544,545,544,327,464,464,554,527,525,528,506,543,2023-24
1629628,RJ Barrett,RJ,1610612761,TOR,24.0,58,26,32,0.448,31.7,113.1,113.6,113.6,116.0,116.9,116.9,-3.0,-3.3,-3.3,0.159,1.53,14.5,0.028,0.14,0.083,9.5,9.5,0.547,0.58,0.257,0.263,102.48,101.83,84.86,101.83,0.109,3889,436,880,7.5,15.2,0.495,232,241,425,357,78,210,202,202,462,476,476,337,337,337,185,368,380,344,198,243,301,306,244,220,51,55,154,204,204,157,66,71,48,57,160,2023-24
1630564,RaiQuan Gray,RaiQuan,1610612759,SAS,24.0,3,2,1,0.667,13.0,129.9,129.3,129.3,113.9,113.6,113.6,16.0,15.7,15.7,0.207,6.0,25.0,0.057,0.111,0.088,4.2,4.2,0.676,0.676,0.2,0.203,99.85,100.22,83.52,100.22,0.149,82,10,17,3.3,5.7,0.588,549,511,14,76,372,7,5,5,356,328,328,18,20,20,130,8,115,173,317,227,37,37,20,27,166,171,356,331,331,31,487,513,208,257,51,2023-24
1641712,Rayan Rupert,Rayan,1610612757,POR,20.0,39,7,32,0.179,16.2,103.3,104.3,104.3,114.8,114.0,114.0,-11.5,-9.8,-9.8,0.131,2.0,23.3,0.034,0.115,0.07,11.7,11.7,0.422,0.451,0.131,0.133,99.78,99.68,83.07,99.68,0.043,1317,54,161,1.4,4.1,0.335,355,440,425,527,313,484,468,468,411,354,354,495,465,465,258,238,143,298,304,342,451,454,508,512,454,458,361,379,379,512,378,341,414,341,520,2023-24
203493,Reggie Bullock Jr.,Reggie,1610612745,HOU,33.0,44,24,20,0.545,9.5,108.2,107.8,107.8,114.3,113.0,113.0,-6.0,-5.2,-5.2,0.047,1.5,14.0,0.014,0.157,0.084,9.3,9.3,0.579,0.582,0.091,0.095,101.25,101.98,84.99,101.98,0.061,884,34,82,0.8,1.9,0.415,326,257,237,270,449,379,383,383,381,303,303,391,373,373,535,377,393,498,153,238,288,287,132,213,555,553,257,192,192,447,411,407,496,497,416,2023-24
202704,Reggie Jackson,Reggie,1610612743,DEN,34.0,82,57,25,0.695,22.2,111.8,112.0,112.0,111.0,110.6,110.6,0.8,1.4,1.4,0.24,2.91,25.4,0.018,0.063,0.041,8.7,8.7,0.499,0.521,0.209,0.216,99.51,99.58,82.98,99.58,0.081,3780,326,756,4.0,9.2,0.431,2,4,311,60,219,250,250,250,224,195,195,229,207,207,94,92,111,450,528,532,240,242,403,419,143,140,395,389,389,303,124,102,167,142,369,2023-24
1626158,Richaun Holmes,Richaun,1610612764,WAS,30.0,40,13,27,0.325,13.9,107.8,108.1,108.1,115.1,115.8,115.8,-7.3,-7.7,-7.7,0.062,1.04,11.6,0.115,0.198,0.155,11.1,11.1,0.561,0.593,0.141,0.144,102.86,102.35,85.29,102.35,0.091,1182,82,147,2.1,3.7,0.558,349,377,344,443,361,389,371,371,421,444,444,418,429,429,492,477,468,29,75,49,419,422,196,179,413,417,129,163,163,241,329,361,319,375,74,2023-24
1641741,Ricky Council IV,Ricky,1610612755,PHI,22.0,32,15,17,0.469,9.0,111.9,112.5,112.5,111.4,109.8,109.8,0.5,2.7,2.7,0.08,3.2,9.8,0.046,0.115,0.078,3.0,3.0,0.536,0.604,0.208,0.215,102.66,103.1,85.92,103.1,0.111,618,54,112,1.7,3.5,0.482,385,347,199,344,462,248,240,240,243,161,161,239,182,182,417,60,502,227,306,283,26,26,271,139,146,142,142,129,129,138,378,382,363,388,191,2023-24
203496,Robert Covington,Robert,1610612755,PHI,33.0,29,20,9,0.69,16.8,114.7,115.6,115.6,103.5,103.6,103.6,11.1,12.1,12.1,0.064,2.18,16.8,0.064,0.127,0.097,7.7,7.6,0.536,0.58,0.104,0.107,99.29,98.87,82.39,98.87,0.079,998,43,98,1.5,3.4,0.439,397,297,118,66,301,158,133,133,43,52,52,36,30,30,487,208,302,147,247,191,152,152,271,221,540,539,417,430,430,325,395,396,402,401,339,2023-24
1629057,Robert Williams III,Robert,1610612757,POR,26.0,6,2,4,0.333,19.8,102.2,101.6,101.6,113.3,114.9,114.9,-11.1,-13.3,-13.3,0.065,0.71,12.2,0.08,0.227,0.148,17.1,16.7,0.654,0.684,0.122,0.13,101.62,101.25,84.38,101.25,0.113,252,17,26,2.8,4.3,0.654,525,511,45,432,250,497,495,495,333,396,396,485,513,513,485,519,443,100,40,61,554,552,31,21,490,476,218,245,245,130,456,484,239,330,21,2023-24
201577,Robin Lopez,Robin,1610612749,MIL,36.0,16,10,6,0.625,4.0,101.8,95.8,95.8,114.0,115.9,115.9,-12.2,-20.1,-20.1,0.087,2.0,15.4,0.045,0.03,0.038,7.7,7.7,0.421,0.453,0.139,0.148,101.95,104.19,86.82,104.19,0.026,143,7,19,0.4,1.2,0.368,461,403,80,128,535,504,523,523,368,448,448,504,544,544,383,238,353,230,552,543,152,157,509,509,418,399,195,79,79,538,512,505,542,530,498,2023-24
1631199,Ron Harper Jr.,Ron,1610612761,TOR,24.0,1,1,0,1.0,3.7,100.0,100.0,100.0,155.1,188.9,188.9,-55.1,-88.9,-88.9,0.333,0.0,100.0,0.0,0.0,0.0,0.0,0.0,0.0,0.0,0.0,0.0,124.67,111.78,93.15,111.78,-0.045,8,0,0,0.0,0.0,0.0,565,538,1,1,540,515,503,503,570,572,572,569,571,571,16,541,1,545,557,561,1,1,561,563,569,569,1,11,11,565,561,569,561,569,561,2023-24
1626220,Royce O'Neale,Royce,1610612756,PHX,31.0,79,38,41,0.481,24.7,113.1,113.6,113.6,109.9,110.4,110.4,3.2,3.2,3.2,0.149,3.0,25.8,0.029,0.155,0.092,8.6,8.6,0.542,0.548,0.134,0.137,101.17,100.69,83.91,100.69,0.081,4093,214,539,2.7,6.8,0.397,30,124,507,334,188,211,200,200,172,184,184,173,161,161,206,75,108,330,155,207,226,230,253,338,436,440,263,291,291,310,197,167,248,212,452,2023-24
203497,Rudy Gobert,Rudy,1610612750,MIN,32.0,76,53,23,0.697,34.1,114.0,114.6,114.6,105.3,106.6,106.6,8.7,8.0,8.0,0.057,0.86,10.1,0.118,0.256,0.191,11.7,11.7,0.661,0.675,0.152,0.156,98.1,97.22,81.01,97.22,0.136,5248,406,614,5.3,8.1,0.661,61,22,272,55,34,184,162,162,59,87,87,58,71,71,516,506,496,23,16,13,453,458,28,30,358,367,506,544,544,53,72,144,101,173,18,2023-24
1629060,Rui Hachimura,Rui,1610612747,LAL,26.0,68,40,28,0.588,26.8,115.8,116.1,116.1,112.1,113.5,113.5,3.7,2.5,2.5,0.061,1.76,9.4,0.034,0.121,0.081,5.3,5.3,0.609,0.628,0.182,0.187,102.77,102.01,85.01,102.01,0.095,3890,363,676,5.3,9.9,0.537,148,110,361,191,151,114,119,119,280,324,324,158,186,186,498,307,509,293,275,261,56,56,70,80,211,223,137,187,187,219,98,123,102,125,91,2023-24
201566,Russell Westbrook,Russell,1610612746,LAC,35.0,68,45,23,0.662,22.5,116.4,116.5,116.5,111.6,112.8,112.8,4.7,3.7,3.7,0.285,2.13,25.8,0.062,0.154,0.109,12.2,12.2,0.486,0.514,0.239,0.245,102.73,102.17,85.14,102.17,0.113,3247,301,663,4.4,9.8,0.454,148,66,272,88,212,93,108,108,256,296,296,134,145,145,43,215,107,157,158,142,477,478,434,430,81,83,139,172,172,131,140,126,146,131,275,2023-24
1627853,Ryan Arcidiacono,Ryan,1610612752,NYK,30.0,20,15,5,0.75,2.3,88.2,82.1,82.1,84.3,80.0,80.0,3.9,2.1,2.1,0.133,2.0,33.3,0.0,0.138,0.075,16.7,16.7,0.0,0.0,0.074,0.083,94.91,100.99,84.15,100.99,0.008,95,0,6,0.0,0.3,0.0,439,347,64,34,567,552,555,555,7,6,6,152,198,198,250,238,33,545,206,308,549,549,561,563,564,562,557,265,265,551,561,543,561,568,561,2023-24
1631157,Ryan Rollins,Ryan,1610612749,MIL,21.0,13,1,12,0.077,6.0,118.5,118.9,118.9,83.0,83.4,83.4,35.6,35.4,35.4,0.209,1.75,25.0,0.028,0.133,0.084,14.3,14.2,0.574,0.638,0.214,0.223,108.34,107.9,89.92,107.9,0.16,175,14,27,1.1,2.1,0.519,480,538,138,556,503,49,57,57,5,10,10,3,4,4,126,310,115,345,221,239,529,529,150,64,130,130,10,31,31,18,473,482,455,488,114,2023-24
1630240,Saben Lee,Saben,1610612756,PHX,25.0,24,15,9,0.625,7.7,110.0,105.6,105.6,103.2,101.5,101.5,6.7,4.1,4.1,0.248,3.75,26.8,0.051,0.103,0.079,7.1,7.3,0.382,0.492,0.186,0.193,99.24,102.11,85.09,102.11,0.101,393,20,55,0.8,2.3,0.364,416,347,118,128,479,313,435,435,40,44,44,90,137,137,86,38,90,202,372,279,110,126,524,469,201,202,425,179,179,189,441,437,491,475,500,2023-24
1630180,Saddiq Bey,Saddiq,1610612737,ATL,25.0,63,28,35,0.444,32.7,116.8,118.6,118.6,118.3,119.1,119.1,-1.6,-0.5,-0.5,0.058,1.7,9.9,0.075,0.119,0.096,5.8,5.8,0.497,0.549,0.163,0.166,103.18,102.06,85.05,102.06,0.079,4384,290,697,4.6,11.1,0.416,191,221,461,359,59,76,61,61,513,523,523,291,269,269,512,325,500,120,283,193,64,64,408,336,297,306,106,184,184,329,147,117,138,106,412,2023-24
1630573,Sam Hauser,Sam,1610612738,BOS,26.0,79,62,17,0.785,22.0,120.0,121.3,121.3,107.5,107.1,107.1,12.5,14.2,14.2,0.062,2.56,12.1,0.025,0.122,0.075,4.7,4.7,0.623,0.629,0.146,0.149,98.84,98.48,82.06,98.48,0.086,3564,249,558,3.2,7.1,0.446,30,2,199,21,222,30,20,20,88,92,92,28,24,24,491,133,448,376,269,313,42,42,55,79,388,395,459,466,466,269,169,162,219,205,304,2023-24
1630241,Sam Merrill,Sam,1610612739,CLE,28.0,61,36,25,0.59,17.5,110.0,110.8,110.8,110.4,111.1,111.1,-0.5,-0.3,-0.3,0.149,5.68,20.4,0.02,0.091,0.055,3.6,3.6,0.584,0.598,0.17,0.176,98.16,97.47,81.22,97.47,0.09,2186,158,393,2.6,6.4,0.402,206,146,311,187,282,311,288,288,201,223,223,268,266,266,207,10,204,425,431,448,30,30,118,154,266,264,500,534,534,245,240,215,264,231,440,2023-24
1630572,Sandro Mamukelashvili,Sandro,1610612759,SAS,25.0,46,12,34,0.261,9.8,106.0,105.4,105.4,102.1,101.3,101.3,3.9,4.1,4.1,0.158,2.58,20.5,0.088,0.209,0.147,7.9,8.0,0.532,0.559,0.169,0.174,103.71,104.36,86.97,104.36,0.121,983,73,155,1.6,3.4,0.471,315,384,446,470,447,435,441,441,33,42,42,153,138,138,188,130,202,81,60,65,172,176,288,309,269,273,80,72,72,98,348,349,380,404,219,2023-24
1630583,Santi Aldama,Santi,1610612763,MEM,23.0,61,23,38,0.377,26.5,104.6,106.2,106.2,113.7,114.6,114.6,-9.1,-8.3,-8.3,0.134,2.0,17.1,0.041,0.173,0.105,8.6,8.5,0.528,0.539,0.177,0.181,99.55,98.41,82.01,98.41,0.1,3318,247,568,4.0,9.3,0.435,206,270,488,406,157,464,420,420,346,383,383,448,440,440,249,238,294,245,115,165,219,216,303,377,232,236,388,474,474,195,172,157,161,138,354,2023-24
1628426,Sasha Vezenkov,Sasha,1610612758,SAC,28.0,42,22,20,0.524,12.2,113.4,113.9,113.9,113.7,112.6,112.6,-0.3,1.3,1.3,0.051,1.58,8.3,0.058,0.129,0.093,5.3,5.2,0.558,0.569,0.171,0.175,102.22,102.51,85.43,102.51,0.084,1086,84,191,2.0,4.5,0.44,341,276,237,293,395,202,190,190,344,290,290,264,212,212,530,353,529,168,239,205,54,53,209,270,260,270,175,151,151,279,325,323,326,321,330,2023-24
1630703,Scoot Henderson,Scoot,1610612757,POR,20.0,62,18,44,0.29,28.5,104.1,106.5,106.5,118.1,119.6,119.6,-14.0,-13.0,-13.0,0.3,1.58,23.4,0.027,0.083,0.054,14.8,14.8,0.44,0.489,0.26,0.263,100.95,99.15,82.62,99.15,0.067,3638,307,797,5.0,12.9,0.385,200,316,528,458,121,470,409,409,507,532,532,522,509,509,31,352,141,350,467,461,539,538,494,474,48,54,285,420,420,413,134,93,121,79,474,2023-24
1630567,Scottie Barnes,Scottie,1610612761,TOR,22.0,60,22,38,0.367,34.9,111.9,112.6,112.6,114.6,115.8,115.8,-2.7,-3.2,-3.2,0.253,2.2,23.1,0.064,0.167,0.115,10.5,10.4,0.528,0.566,0.24,0.247,101.98,101.17,84.31,101.17,0.132,4413,447,942,7.5,15.7,0.475,215,276,488,414,25,247,233,233,403,442,442,330,335,335,76,204,150,146,132,134,378,379,304,285,79,77,192,250,250,64,62,63,50,48,207,2023-24
1630590,Scotty Pippen Jr.,Scotty,1610612763,MEM,23.0,21,5,16,0.238,25.1,105.3,104.6,104.6,111.9,112.2,112.2,-6.7,-7.5,-7.5,0.31,1.75,25.7,0.039,0.088,0.063,14.7,14.7,0.567,0.596,0.227,0.232,99.85,100.04,83.37,100.04,0.106,1103,100,203,4.8,9.7,0.493,435,466,184,496,182,451,460,460,275,269,269,401,425,425,25,310,109,256,444,392,536,537,179,168,104,108,357,341,341,167,303,316,132,132,162,2023-24
203552,Seth Curry,Seth,1610612766,CHA,33.0,44,25,19,0.568,14.0,110.3,110.6,110.6,107.4,107.5,107.5,2.9,3.1,3.1,0.1,2.1,15.9,0.028,0.078,0.053,7.6,7.4,0.485,0.519,0.159,0.167,100.96,100.77,83.98,100.77,0.067,1301,80,204,1.8,4.6,0.392,326,247,226,231,358,304,297,297,87,96,96,182,163,163,340,224,333,341,494,465,148,140,435,422,322,299,284,282,282,412,334,315,350,316,464,2023-24
1641754,Seth Lundy,Seth,1610612737,ATL,24.0,9,2,7,0.222,5.8,110.0,102.7,102.7,116.8,114.4,114.4,-6.8,-11.7,-11.7,0.0,0.0,0.0,0.022,0.118,0.072,5.0,5.1,0.324,0.373,0.168,0.179,98.04,102.49,85.41,102.49,-0.002,111,4,17,0.4,1.9,0.235,498,511,93,502,508,310,484,484,481,375,375,408,497,497,553,541,553,407,287,330,48,49,541,537,273,250,509,152,152,560,527,513,540,496,550,2023-24
1631101,Shaedon Sharpe,Shaedon,1610612757,POR,21.0,32,8,24,0.25,33.1,103.6,105.8,105.8,114.0,116.0,116.0,-10.3,-10.3,-10.3,0.138,1.31,14.5,0.036,0.116,0.073,11.1,11.0,0.475,0.524,0.22,0.224,101.61,99.67,83.06,99.67,0.08,2190,176,434,5.5,13.6,0.406,385,423,282,474,54,479,431,431,367,453,453,475,472,472,234,417,383,280,297,322,418,418,454,412,126,125,219,381,381,317,225,201,93,71,431,2023-24
1628983,Shai Gilgeous-Alexander,Shai,1610612760,OKC,25.0,75,55,20,0.733,34.0,120.0,121.0,121.0,108.5,109.7,109.7,11.6,11.3,11.3,0.287,2.87,19.5,0.026,0.128,0.08,6.8,6.8,0.567,0.636,0.317,0.325,103.44,102.45,85.38,102.45,0.187,5447,796,1487,10.6,19.8,0.535,76,14,237,41,36,27,23,23,108,155,155,32,35,35,41,96,224,369,242,274,98,97,176,70,7,7,93,158,158,8,4,5,4,6,96,2023-24
1629003,Shake Milton,Shake,1610612752,NYK,27.0,48,32,16,0.667,12.1,106.3,104.6,104.6,110.1,109.4,109.4,-3.8,-4.8,-4.8,0.149,1.94,19.5,0.023,0.102,0.062,10.1,10.1,0.451,0.499,0.173,0.181,102.56,103.78,86.48,103.78,0.065,1263,79,195,1.6,4.1,0.405,306,183,184,76,397,429,462,462,189,143,143,348,369,369,208,265,220,400,380,402,351,354,480,463,248,240,150,91,91,427,339,321,372,347,434,2023-24
1627885,Shaquille Harrison,Shaquille,1610612763,MEM,30.0,3,1,2,0.333,2.0,50.0,46.2,46.2,128.8,121.4,121.4,-78.8,-75.3,-75.3,0.0,0.0,0.0,0.0,0.4,0.167,0.0,0.0,0.5,0.5,0.154,0.167,101.36,108.6,90.5,108.6,0.159,13,1,2,0.3,0.7,0.5,549,538,28,432,569,570,570,570,564,550,550,571,570,570,553,541,553,545,1,36,1,1,383,457,352,302,242,21,21,19,550,561,548,561,139,2023-24
1631321,Sidy Cissoko,Sidy,1610612759,SAS,20.0,12,5,7,0.417,11.7,106.8,105.8,105.8,95.8,97.1,97.1,11.0,8.7,8.7,0.095,3.33,18.9,0.055,0.082,0.069,5.7,5.7,0.5,0.568,0.124,0.128,105.5,105.25,87.71,105.25,0.071,308,16,33,1.3,2.8,0.485,482,466,93,373,402,414,428,428,19,25,25,39,60,60,353,50,241,183,475,347,62,62,383,275,482,483,26,52,52,386,461,471,422,447,183,2023-24
1631323,Simone Fontecchio,Simone,1610612765,DET,28.0,66,29,37,0.439,24.9,111.4,113.0,113.0,112.9,114.5,114.5,-1.5,-1.5,-1.5,0.084,1.49,13.6,0.037,0.107,0.071,9.1,9.1,0.582,0.6,0.159,0.163,103.93,102.49,85.41,102.49,0.077,3521,252,548,3.8,8.3,0.46,170,213,475,366,185,262,223,223,316,376,376,290,299,299,401,381,410,278,347,335,269,269,126,152,319,333,66,154,154,350,167,165,176,169,256,2023-24
1630219,Skylar Mays,Skylar,1610612747,LAL,26.0,38,14,24,0.368,11.4,102.2,103.7,103.7,116.6,114.2,114.2,-14.4,-10.5,-10.5,0.293,4.25,31.5,0.021,0.082,0.049,7.4,7.4,0.447,0.466,0.179,0.184,99.29,99.6,83.0,99.6,0.088,895,63,159,1.7,4.2,0.396,361,361,282,412,411,498,473,473,474,361,361,526,476,476,37,24,43,416,472,497,135,134,490,498,224,230,418,388,388,257,362,344,370,336,454,2023-24
203915,Spencer Dinwiddie,Spencer,1610612747,LAL,31.0,76,38,38,0.5,28.3,116.1,116.8,116.8,114.3,115.2,115.2,1.7,1.6,1.6,0.217,3.91,30.3,0.014,0.077,0.046,7.7,7.7,0.489,0.543,0.161,0.165,101.2,100.46,83.72,100.46,0.076,4503,251,640,3.3,8.4,0.392,61,124,488,300,124,104,96,96,388,419,419,204,205,205,114,35,51,500,496,514,160,154,426,363,305,312,259,308,308,360,168,132,209,161,463,2023-24
1630649,Stanley Umude,Stanley,1610612765,DET,25.0,24,4,20,0.167,12.8,104.0,104.1,104.1,113.9,113.8,113.8,-9.8,-9.7,-9.7,0.053,0.79,9.1,0.027,0.13,0.081,11.6,11.4,0.583,0.647,0.15,0.157,103.75,103.78,86.48,103.78,0.072,659,37,84,1.5,3.5,0.44,416,482,237,530,381,471,471,471,358,335,335,462,463,463,523,511,518,360,235,259,446,433,123,56,368,365,78,92,92,380,405,405,387,388,328,2023-24
201939,Stephen Curry,Stephen,1610612744,GSW,36.0,74,43,31,0.581,32.7,115.9,117.3,117.3,113.9,114.7,114.7,2.1,2.7,2.7,0.241,1.8,17.5,0.015,0.116,0.066,9.7,9.6,0.573,0.616,0.302,0.31,102.87,101.9,84.91,101.9,0.14,5163,650,1445,8.8,19.5,0.45,87,79,406,205,60,109,85,85,355,390,390,200,181,181,93,293,283,484,301,372,316,311,152,107,12,13,126,201,201,45,14,7,21,9,293,2023-24
1629004,Svi Mykhailiuk,Svi,1610612738,BOS,27.0,41,32,9,0.78,10.1,121.9,121.9,121.9,105.7,103.4,103.4,16.2,18.5,18.5,0.104,2.92,18.6,0.027,0.093,0.061,6.4,6.4,0.569,0.575,0.156,0.159,97.93,98.98,82.49,98.98,0.077,848,57,137,1.4,3.3,0.416,346,183,118,23,443,16,16,16,63,50,50,17,15,15,330,89,245,351,424,404,81,81,165,251,342,352,518,423,423,341,372,365,413,407,413,2023-24
204456,T.J. McConnell,T.J.,1610612754,IND,32.0,71,40,31,0.563,18.2,118.6,118.8,118.8,115.2,115.2,115.2,3.3,3.7,3.7,0.406,3.61,34.9,0.028,0.125,0.076,9.7,9.7,0.572,0.586,0.229,0.237,103.71,103.62,86.35,103.62,0.152,2784,330,593,4.6,8.4,0.556,118,110,406,241,274,48,59,59,429,414,414,168,148,148,5,43,28,339,258,304,311,312,157,201,103,101,81,102,102,27,122,148,136,164,75,2023-24
203933,T.J. Warren,T.J.,1610612750,MIN,30.0,11,7,4,0.636,11.3,114.7,114.6,114.6,97.2,97.4,97.4,17.4,17.2,17.2,0.088,2.25,16.1,0.035,0.132,0.081,7.1,7.2,0.463,0.479,0.148,0.153,104.78,104.72,87.27,104.72,0.067,274,18,41,1.6,3.7,0.439,485,440,45,108,414,157,166,166,21,26,26,16,16,16,379,199,328,291,227,262,110,115,468,483,376,375,40,62,62,411,447,453,374,371,336,2023-24
201959,Taj Gibson,Taj,1610612765,DET,39.0,20,8,12,0.4,10.2,102.4,101.9,101.9,110.0,107.1,107.1,-7.7,-5.3,-5.3,0.071,2.2,20.4,0.056,0.125,0.089,9.3,9.3,0.432,0.449,0.092,0.095,99.57,101.16,84.3,101.16,0.03,428,15,37,0.8,1.9,0.405,439,423,138,385,439,496,492,492,183,93,93,426,374,374,455,204,205,179,257,217,280,285,500,513,553,552,387,252,252,530,464,463,498,498,432,2023-24
1629659,Talen Horton-Tucker,Talen,1610612762,UTA,23.0,51,14,37,0.275,19.8,111.5,112.5,112.5,116.4,117.9,117.9,-4.9,-5.4,-5.4,0.265,2.72,23.5,0.02,0.094,0.057,8.6,8.6,0.46,0.503,0.234,0.241,101.63,100.57,83.81,100.57,0.089,2117,184,465,3.6,9.1,0.396,284,361,475,464,254,258,239,239,469,497,497,368,377,377,63,110,139,428,416,436,228,227,475,452,94,93,217,299,299,254,219,193,190,144,456,2023-24
1631106,Tari Eason,Tari,1610612745,HOU,23.0,22,12,10,0.545,21.8,111.8,112.6,112.6,101.6,103.1,103.1,10.2,9.4,9.4,0.087,1.35,10.8,0.088,0.203,0.145,8.0,8.0,0.513,0.528,0.188,0.194,102.54,101.43,84.52,101.43,0.131,1011,88,189,4.0,8.6,0.466,427,384,130,270,224,249,235,235,32,48,48,45,52,52,385,407,482,79,66,68,175,175,356,406,191,197,151,232,232,65,317,325,166,157,230,2023-24
1627752,Taurean Prince,Taurean,1610612747,LAL,30.0,78,44,34,0.564,27.0,113.1,113.9,113.9,115.6,116.5,116.5,-2.5,-2.6,-2.6,0.073,1.63,15.0,0.01,0.095,0.054,9.2,9.2,0.566,0.579,0.134,0.137,103.39,102.61,85.51,102.61,0.056,4506,253,572,3.2,7.3,0.442,43,72,446,237,145,213,192,192,441,465,465,322,320,320,450,343,365,529,407,460,276,276,184,225,437,439,94,145,145,480,165,155,213,200,322,2023-24
1641707,Taylor Hendricks,Taylor,1610612762,UTA,20.0,40,13,27,0.325,21.4,108.5,110.2,110.2,117.9,118.2,118.2,-9.4,-8.1,-8.1,0.051,1.19,10.3,0.053,0.159,0.106,8.7,8.7,0.56,0.578,0.135,0.138,102.04,101.11,84.26,101.11,0.074,1802,108,240,2.7,6.0,0.45,349,377,344,443,227,368,306,306,501,507,507,455,438,438,529,449,491,191,150,159,233,234,199,236,435,438,186,254,254,369,291,286,250,248,291,2023-24
1631386,Taze Moore,Taze,1610612757,POR,26.0,4,1,3,0.25,10.1,99.0,95.7,95.7,120.9,122.2,122.2,-22.0,-26.6,-26.6,0.208,1.67,17.9,0.075,0.108,0.089,10.7,10.8,0.447,0.453,0.209,0.218,107.04,108.3,90.25,108.3,0.073,92,8,19,2.0,4.8,0.421,542,538,39,474,442,521,524,524,545,553,553,548,554,554,127,334,275,118,337,219,399,399,487,509,144,135,15,26,26,371,505,505,326,308,400,2023-24
1629611,Terance Mann,Terance,1610612746,LAC,27.0,75,47,28,0.627,25.0,116.7,116.7,116.7,114.3,114.8,114.8,2.4,1.9,1.9,0.086,2.48,17.0,0.05,0.088,0.07,6.8,6.8,0.587,0.615,0.135,0.139,97.93,97.71,81.42,97.71,0.071,3804,254,493,3.4,6.6,0.515,76,45,361,126,183,80,98,98,387,394,394,191,202,202,387,156,297,208,448,345,99,99,110,109,433,435,516,524,524,383,164,179,203,222,118,2023-24
1631173,Terquavion Smith,Terquavion,1610612755,PHI,21.0,16,8,8,0.5,5.3,113.8,112.5,112.5,119.5,118.4,118.4,-5.7,-5.9,-5.9,0.194,1.71,17.9,0.0,0.049,0.023,10.4,10.4,0.533,0.539,0.242,0.253,111.32,112.48,93.73,112.48,0.072,200,18,46,1.1,2.9,0.391,461,423,110,300,511,191,238,238,532,508,508,386,385,385,143,320,272,545,543,557,376,377,287,376,71,67,6,10,10,377,447,449,452,442,466,2023-24
1626179,Terry Rozier,Terry,1610612748,MIA,30.0,61,22,39,0.361,33.4,109.7,110.2,110.2,116.6,117.2,117.2,-6.9,-7.0,-7.0,0.268,3.23,22.5,0.017,0.11,0.062,7.0,6.9,0.518,0.555,0.253,0.26,98.87,98.41,82.0,98.41,0.117,4184,442,998,7.2,16.4,0.443,206,276,497,417,49,326,305,305,475,484,484,411,405,405,59,57,158,462,331,401,105,105,343,319,56,60,455,476,476,112,65,53,56,39,319,2023-24
1630678,Terry Taylor,Terry,1610612741,CHI,24.0,31,12,19,0.387,6.1,109.9,107.1,107.1,106.6,104.4,104.4,3.4,2.7,2.7,0.068,1.43,17.2,0.089,0.099,0.094,12.1,12.0,0.538,0.558,0.108,0.113,97.83,100.15,83.46,100.15,0.061,394,20,39,0.6,1.3,0.513,392,384,226,399,502,315,397,397,75,61,61,165,177,177,470,393,290,76,390,200,473,472,265,312,528,527,522,334,334,444,441,458,509,527,122,2023-24
201152,Thaddeus Young,Thaddeus,1610612756,PHX,36.0,33,12,21,0.364,13.3,114.5,114.7,114.7,118.2,118.7,118.7,-3.7,-3.9,-3.9,0.178,3.8,30.6,0.105,0.132,0.118,8.1,8.0,0.606,0.598,0.125,0.129,99.04,98.73,82.28,98.73,0.091,902,65,108,2.0,3.3,0.602,380,384,253,415,370,167,158,158,508,514,514,346,353,353,158,36,49,44,225,119,179,180,76,156,479,481,443,443,443,240,359,386,334,416,40,2023-24
203648,Thanasis Antetokounmpo,Thanasis,1610612749,MIL,31.0,34,21,13,0.618,4.6,103.8,99.4,99.4,113.9,112.2,112.2,-10.1,-12.8,-12.8,0.156,1.21,27.4,0.051,0.04,0.045,22.6,22.6,0.533,0.518,0.125,0.132,98.69,101.6,84.67,101.6,0.021,330,16,30,0.5,0.9,0.533,375,289,152,142,525,477,510,510,360,270,270,470,505,505,193,441,80,200,550,521,566,566,282,426,477,463,468,220,220,542,461,475,538,554,97,2023-24
1630177,Theo Maledon,Theo,1610612756,PHX,23.0,17,5,12,0.294,12.5,108.7,107.8,107.8,121.7,121.6,121.6,-13.0,-13.8,-13.8,0.174,1.56,23.0,0.016,0.093,0.053,14.8,14.7,0.321,0.385,0.173,0.18,103.86,104.35,86.96,104.35,0.029,463,20,70,1.2,4.1,0.286,453,466,138,455,386,363,384,384,550,551,551,511,517,517,163,359,153,470,420,468,538,536,542,533,245,243,72,74,74,534,441,426,447,342,543,2023-24
1628418,Thomas Bryant,Thomas,1610612748,MIA,26.0,38,22,16,0.579,11.6,113.0,112.8,112.8,110.8,110.7,110.7,2.3,2.1,2.1,0.079,1.1,10.7,0.093,0.233,0.163,9.8,9.8,0.591,0.639,0.187,0.192,98.68,98.8,82.34,98.8,0.124,905,86,149,2.3,3.9,0.577,361,276,184,210,405,215,226,226,216,203,203,195,199,199,422,469,484,68,34,38,328,330,103,63,198,203,470,435,435,88,321,358,302,358,58,2023-24
203501,Tim Hardaway Jr.,Tim,1610612742,DAL,32.0,79,49,30,0.62,26.8,114.8,115.7,115.7,114.8,115.8,115.8,0.0,-0.1,-0.1,0.094,2.01,11.1,0.01,0.106,0.058,5.5,5.5,0.51,0.542,0.22,0.226,102.91,102.05,85.04,102.05,0.083,4516,392,976,5.0,12.4,0.402,30,29,395,138,152,151,130,130,409,445,445,253,262,262,359,236,475,528,353,431,60,61,365,364,125,123,122,185,185,287,83,57,118,87,441,2023-24
1641851,Timmy Allen,Timmy,1610612763,MEM,24.0,5,0,5,0.0,25.1,89.9,92.6,92.6,115.9,114.4,114.4,-26.0,-21.8,-21.8,0.06,2.5,16.1,0.025,0.113,0.061,6.5,6.5,0.261,0.272,0.084,0.084,100.24,99.48,82.9,99.48,-0.002,256,6,23,1.2,4.6,0.261,536,560,64,560,181,548,537,537,456,374,374,553,547,547,503,143,323,381,314,406,84,84,550,555,559,561,329,396,396,561,515,492,444,318,546,2023-24
202699,Tobias Harris,Tobias,1610612755,PHI,31.0,70,41,29,0.586,33.8,115.3,117.0,117.0,111.3,112.4,112.4,4.0,4.6,4.6,0.136,2.33,16.1,0.033,0.156,0.094,6.9,6.9,0.535,0.576,0.203,0.207,100.14,98.94,82.45,98.94,0.116,4880,463,951,6.6,13.6,0.487,128,97,381,197,40,127,94,94,242,281,281,149,130,130,243,186,327,305,154,202,102,102,277,239,155,157,337,426,426,115,58,61,65,70,177,2023-24
1628470,Torrey Craig,Torrey,1610612741,CHI,33.0,53,22,31,0.415,19.8,110.9,111.2,111.2,118.2,118.4,118.4,-7.3,-7.3,-7.3,0.074,1.81,16.3,0.062,0.148,0.102,9.0,9.0,0.55,0.568,0.121,0.124,98.5,98.28,81.9,98.28,0.064,2136,108,251,2.0,4.7,0.43,278,276,406,374,253,276,276,276,509,511,511,417,411,411,446,289,317,155,179,176,256,255,236,278,497,497,477,486,486,428,291,280,320,311,374,2023-24
1641787,Tosan Evbuomwan,Tosan,1610612765,DET,23.0,17,1,16,0.059,21.6,103.3,103.6,103.6,118.7,119.2,119.2,-15.5,-15.6,-15.6,0.063,1.78,14.8,0.047,0.122,0.082,8.3,8.4,0.592,0.616,0.108,0.109,99.4,99.06,82.55,99.06,0.064,752,36,71,2.1,4.2,0.507,453,538,184,558,226,486,475,475,522,525,525,534,531,531,490,300,372,219,273,249,195,206,100,108,529,532,404,422,422,431,407,423,317,337,131,2023-24
1641739,Toumani Camara,Toumani,1610612757,POR,24.0,70,19,51,0.271,24.8,105.1,106.9,106.9,110.7,111.5,111.5,-5.6,-4.6,-4.6,0.072,1.04,13.3,0.073,0.119,0.095,12.9,12.9,0.516,0.547,0.134,0.136,100.53,99.35,82.79,99.35,0.065,3589,197,438,2.8,6.3,0.45,128,307,548,467,186,457,401,401,212,236,236,383,366,366,454,478,416,126,282,195,502,502,345,343,439,446,312,409,409,426,209,200,241,239,294,2023-24
1629027,Trae Young,Trae,1610612737,ATL,25.0,54,22,32,0.407,36.0,116.3,116.6,116.6,118.5,119.1,119.1,-2.2,-2.5,-2.5,0.435,2.48,29.2,0.011,0.065,0.037,11.8,11.7,0.516,0.585,0.289,0.298,105.3,104.95,87.46,104.95,0.131,4241,433,1008,8.0,18.7,0.43,271,276,425,380,9,95,104,104,517,520,520,312,316,316,3,155,59,521,525,546,456,456,344,206,22,22,30,58,58,66,67,51,33,20,377,2023-24
1631218,Trayce Jackson-Davis,Trayce,1610612744,GSW,24.0,68,39,29,0.574,16.6,114.6,114.1,114.1,112.0,113.0,113.0,2.6,1.1,1.1,0.103,1.67,15.9,0.114,0.172,0.143,9.5,9.4,0.702,0.692,0.157,0.163,101.05,100.82,84.02,100.82,0.127,2377,233,332,3.4,4.9,0.702,148,117,381,220,308,160,179,179,278,302,302,186,222,222,333,332,332,32,119,76,302,297,10,17,334,323,273,276,276,77,184,246,201,299,5,2023-24
1630200,Tre Jones,Tre,1610612759,SAS,24.0,77,21,56,0.273,27.8,110.3,110.9,110.9,111.4,111.8,111.8,-1.1,-0.9,-0.9,0.298,4.12,38.4,0.026,0.104,0.065,9.3,9.3,0.558,0.591,0.149,0.152,103.13,102.72,85.6,102.72,0.109,4585,303,600,3.9,7.8,0.505,54,289,563,465,133,301,287,287,248,249,249,285,283,283,34,27,17,363,366,375,284,288,206,186,373,382,109,143,143,152,139,146,168,181,134,2023-24
1630544,Tre Mann,Tre,1610612766,CHA,23.0,41,21,20,0.512,24.1,107.7,107.2,107.2,113.4,114.1,114.1,-5.7,-7.0,-7.0,0.249,2.54,29.1,0.022,0.132,0.079,11.5,11.4,0.533,0.559,0.183,0.191,97.38,97.33,81.11,97.33,0.104,2007,145,316,3.5,7.7,0.459,346,289,237,297,195,392,396,396,336,358,358,385,402,402,84,134,63,409,226,282,438,432,284,311,210,207,528,542,542,174,255,254,199,187,262,2023-24
1630570,Trendon Watford,Trendon,1610612751,BKN,23.0,63,25,38,0.397,13.6,108.7,109.0,109.0,113.0,112.8,112.8,-4.3,-3.8,-3.8,0.148,1.29,16.3,0.059,0.162,0.111,12.7,12.7,0.571,0.611,0.203,0.209,98.89,98.86,82.38,98.86,0.11,1761,164,311,2.6,4.9,0.527,191,247,488,394,368,362,354,354,321,297,297,356,348,348,210,428,313,161,144,138,497,495,162,122,154,152,452,431,431,151,234,257,260,295,106,2023-24
1630235,Trent Forrest,Trent,1610612737,ATL,26.0,38,18,20,0.474,10.9,105.2,103.3,103.3,115.8,114.3,114.3,-10.6,-11.0,-11.0,0.311,4.6,43.8,0.026,0.107,0.064,9.5,9.5,0.389,0.426,0.122,0.127,97.18,98.72,82.27,98.72,0.073,851,34,90,0.9,2.4,0.378,361,316,237,340,427,453,478,478,451,369,369,479,485,485,24,21,6,373,345,383,305,308,522,520,492,487,534,444,444,374,411,403,480,473,486,2023-24
1630243,Trevelin Queen,Trevelin,1610612753,ORL,27.0,14,5,9,0.357,11.8,111.0,107.8,107.8,106.2,107.6,107.6,4.8,0.2,0.2,0.165,2.57,26.5,0.021,0.101,0.065,10.3,10.3,0.408,0.462,0.137,0.143,97.61,98.34,81.95,98.34,0.059,333,14,38,1.0,2.7,0.368,475,466,118,419,401,273,382,382,66,101,101,132,245,245,173,131,95,415,382,379,369,366,516,503,427,418,525,483,483,459,473,460,460,449,498,2023-24
1641998,Trey Jemison III,Trey,1610612763,MEM,24.0,25,5,20,0.2,23.0,103.6,106.5,106.5,114.3,113.8,113.8,-10.7,-7.3,-7.3,0.069,0.79,13.0,0.105,0.131,0.117,16.3,16.3,0.551,0.582,0.132,0.134,99.13,98.01,81.67,98.01,0.066,1161,75,136,3.0,5.4,0.551,411,466,237,510,208,480,413,413,385,338,338,481,416,416,468,509,422,43,231,124,548,548,230,216,445,456,432,502,502,416,344,366,226,272,84,2023-24
1626168,Trey Lyles,Trey,1610612758,SAC,28.0,58,33,25,0.569,20.0,116.7,117.9,117.9,110.6,110.2,110.2,6.1,7.7,7.7,0.079,1.89,15.7,0.052,0.166,0.109,8.3,8.2,0.576,0.596,0.139,0.143,101.11,100.73,83.94,100.73,0.085,2427,143,321,2.5,5.5,0.445,232,173,311,229,247,85,71,71,207,175,175,105,74,74,421,275,341,196,138,148,191,190,144,172,420,419,269,287,287,275,257,252,281,265,309,2023-24
1630530,Trey Murphy III,Trey,1610612740,NOP,24.0,57,35,22,0.614,29.7,115.4,115.2,115.2,107.8,108.2,108.2,7.6,7.0,7.0,0.104,3.65,14.8,0.025,0.139,0.083,4.1,4.0,0.579,0.612,0.182,0.188,99.5,99.46,82.89,99.46,0.11,3511,275,621,4.8,10.9,0.443,241,155,262,154,102,122,144,144,91,111,111,79,81,81,332,41,373,377,202,247,34,34,133,114,214,219,397,398,398,145,155,139,129,111,321,2023-24
202684,Tristan Thompson,Tristan,1610612739,CLE,33.0,49,28,21,0.571,11.2,113.0,113.3,113.3,113.7,113.8,113.8,-0.6,-0.5,-0.5,0.134,1.76,22.9,0.13,0.179,0.155,13.0,13.1,0.613,0.567,0.132,0.136,98.16,97.98,81.65,97.98,0.091,1117,73,119,1.5,2.4,0.613,302,221,253,225,417,217,211,211,343,339,339,276,268,268,248,308,155,15,102,50,505,508,64,281,446,448,501,504,504,242,348,375,400,467,35,2023-24
1641774,Tristan Vukcevic,Tristan,1610612764,WAS,21.0,10,3,7,0.3,15.3,109.1,109.2,109.2,99.1,98.8,98.8,9.9,10.4,10.4,0.12,1.3,13.1,0.042,0.16,0.109,10.1,10.0,0.507,0.554,0.233,0.24,105.51,105.6,88.0,105.6,0.094,336,29,67,2.9,6.7,0.433,493,489,93,452,332,351,348,348,26,29,29,48,43,43,286,418,419,242,149,146,352,348,371,323,96,95,25,49,49,226,427,429,233,219,362,2023-24
1628972,Troy Brown Jr.,Troy,1610612765,DET,24.0,59,30,29,0.508,14.0,106.6,106.4,106.4,113.3,114.2,114.2,-6.7,-7.7,-7.7,0.102,2.0,18.0,0.03,0.143,0.086,9.0,9.0,0.476,0.51,0.139,0.143,101.31,100.96,84.14,100.96,0.07,1742,84,226,1.4,3.8,0.372,225,201,381,299,357,421,415,415,331,362,362,403,432,432,336,238,269,327,185,233,257,259,453,441,421,422,248,268,268,388,325,301,410,366,491,2023-24
1629660,Ty Jerome,Ty,1610612739,CLE,26.0,2,1,1,0.5,7.4,107.5,106.7,106.7,152.5,143.8,143.8,-45.0,-37.1,-37.1,0.273,3.0,37.5,0.067,0.0,0.04,12.5,12.5,0.5,0.5,0.147,0.153,97.06,100.43,83.69,100.43,0.034,30,2,4,1.0,2.0,0.5,555,538,14,300,485,396,403,403,569,569,569,564,559,559,53,75,19,136,557,538,490,488,383,457,383,376,537,313,313,523,541,554,460,490,139,2023-24
1631102,TyTy Washington Jr.,TyTy,1610612749,MIL,22.0,11,5,6,0.455,5.1,87.0,82.4,82.4,101.0,96.7,96.7,-14.0,-14.3,-14.3,0.161,2.5,18.5,0.018,0.085,0.048,7.4,7.4,0.35,0.35,0.165,0.177,100.07,105.15,87.62,105.15,0.05,125,6,20,0.5,1.8,0.3,485,466,80,354,517,553,553,553,29,24,24,521,524,524,182,143,248,455,456,502,135,138,534,541,290,261,342,53,53,497,515,501,524,501,536,2023-24
1629639,Tyler Herro,Tyler,1610612748,MIA,24.0,42,23,19,0.548,33.5,111.6,112.1,112.1,109.7,111.1,111.1,2.0,1.0,1.0,0.218,2.02,17.8,0.013,0.14,0.078,8.8,8.7,0.531,0.558,0.268,0.276,99.36,98.48,82.07,98.48,0.119,2888,324,735,7.7,17.5,0.441,341,270,226,266,46,254,248,248,158,222,222,201,225,225,111,232,279,501,193,294,243,241,292,313,43,42,410,465,465,104,126,107,45,31,326,2023-24
1630169,Tyrese Haliburton,Tyrese,1610612754,IND,24.0,69,40,29,0.58,32.2,119.9,122.4,122.4,115.0,116.2,116.2,4.9,6.2,6.2,0.444,4.73,37.0,0.016,0.102,0.06,7.8,7.7,0.57,0.605,0.239,0.245,105.07,103.42,86.19,103.42,0.157,4789,500,1048,7.2,15.2,0.477,138,110,381,209,70,31,11,11,415,460,460,129,95,95,2,18,20,474,375,417,164,155,163,136,82,84,34,112,112,21,45,46,55,56,203,2023-24
1630178,Tyrese Maxey,Tyrese,1610612755,PHI,23.0,70,43,27,0.614,37.5,116.1,118.3,118.3,111.9,113.2,113.2,4.3,5.2,5.2,0.257,3.73,20.5,0.014,0.085,0.049,5.5,5.4,0.524,0.573,0.273,0.28,100.02,98.52,82.1,98.52,0.129,5400,638,1419,9.1,20.3,0.45,128,79,344,152,2,101,63,63,270,309,309,143,115,115,73,40,201,499,459,498,59,59,322,258,38,39,347,458,458,72,18,10,14,5,295,2023-24
1626145,Tyus Jones,Tyus,1610612764,WAS,28.0,66,11,55,0.167,29.3,109.5,110.6,110.6,120.4,122.5,122.5,-10.9,-11.9,-11.9,0.331,7.35,39.3,0.01,0.081,0.045,5.4,5.3,0.569,0.578,0.161,0.163,105.8,104.37,86.98,104.37,0.111,4204,326,666,4.9,10.1,0.489,170,392,560,530,109,335,296,296,541,555,555,484,499,499,18,7,12,530,481,523,57,57,168,234,311,332,20,71,71,136,124,125,122,123,169,2023-24
1628962,Udoka Azubuike,Udoka,1610612756,PHX,24.0,16,12,4,0.75,7.1,109.1,105.4,105.4,119.0,126.5,126.5,-9.8,-21.1,-21.1,0.038,0.75,8.3,0.096,0.169,0.134,11.1,11.2,0.696,0.609,0.121,0.126,103.11,101.68,84.73,101.68,0.062,240,16,23,1.0,1.4,0.696,461,384,45,34,492,349,440,440,525,562,562,463,545,545,545,515,529,62,123,89,419,426,13,128,495,493,110,213,213,442,461,492,460,524,7,2023-24
1630586,Usman Garuba,Usman,1610612744,GSW,22.0,6,5,1,0.833,3.0,91.0,81.4,81.4,121.6,121.1,121.1,-30.6,-39.7,-39.7,0.125,0.5,10.0,0.136,0.211,0.171,20.0,20.2,0.167,0.218,0.18,0.2,103.0,109.32,91.1,109.32,0.032,43,1,6,0.2,1.0,0.167,525,466,14,16,556,544,559,559,548,545,545,555,560,560,276,532,497,13,57,31,559,562,558,559,219,179,114,18,18,526,550,543,557,542,555,2023-24
203995,Vasilije Micić,Vasilije,1610612766,CHA,30.0,60,34,26,0.567,19.6,111.5,111.7,111.7,114.2,114.8,114.8,-2.7,-3.1,-3.1,0.307,2.65,34.3,0.013,0.063,0.039,13.0,13.0,0.488,0.524,0.189,0.193,98.14,97.78,81.48,97.78,0.078,2395,159,370,2.7,6.2,0.43,215,165,332,235,256,259,258,258,379,393,393,328,332,332,27,120,31,507,529,541,503,503,429,415,187,200,505,516,516,333,238,230,255,241,376,2023-24
1641705,Victor Wembanyama,Victor,1610612759,SAS,20.0,71,19,52,0.268,29.7,107.9,107.9,107.9,111.4,111.2,111.2,-3.5,-3.2,-3.2,0.213,1.05,14.6,0.074,0.273,0.174,13.9,13.8,0.519,0.565,0.312,0.322,103.31,103.4,86.16,103.4,0.162,4539,551,1186,7.8,16.7,0.465,118,307,551,469,100,386,376,376,246,226,226,345,336,336,118,472,376,121,11,29,519,518,339,289,10,9,100,113,113,17,30,29,42,37,235,2023-24
1631246,Vince Williams Jr.,Vince,1610612763,MEM,23.0,52,18,34,0.346,27.6,106.3,108.4,108.4,110.5,111.4,111.4,-4.2,-3.0,-3.0,0.177,1.9,25.0,0.039,0.163,0.099,13.1,13.1,0.55,0.597,0.155,0.158,100.49,99.07,82.56,99.07,0.096,2964,169,379,3.3,7.3,0.446,282,316,446,427,135,430,364,364,202,234,234,352,329,329,159,272,115,261,141,185,508,509,235,159,347,358,315,421,421,213,229,220,211,201,306,2023-24
1630249,Vít Krejčí,Vít,1610612737,ATL,24.0,22,9,13,0.409,24.6,115.7,117.4,117.4,117.9,117.7,117.7,-2.2,-0.3,-0.3,0.114,2.5,28.4,0.02,0.084,0.049,11.4,11.3,0.625,0.633,0.098,0.101,98.39,97.72,81.43,97.72,0.05,1104,51,104,2.3,4.7,0.49,427,412,152,379,189,117,82,82,500,493,493,313,267,267,302,143,68,434,464,493,428,429,52,71,546,546,485,523,523,496,381,390,296,312,166,2023-24
1631117,Walker Kessler,Walker,1610612762,UTA,22.0,64,26,38,0.406,23.3,110.5,111.4,111.4,116.0,116.0,116.0,-5.4,-4.5,-4.5,0.058,0.91,11.6,0.109,0.199,0.155,12.8,12.8,0.66,0.663,0.127,0.13,101.18,100.78,83.99,100.78,0.109,3132,229,350,3.6,5.5,0.654,185,241,488,381,204,296,268,268,459,449,449,382,363,363,511,498,463,39,74,48,500,500,29,42,472,478,262,279,279,155,187,241,194,270,20,2023-24
1628976,Wendell Carter Jr.,Wendell,1610612753,ORL,25.0,55,30,25,0.545,25.6,110.6,110.8,110.8,108.1,109.6,109.6,2.5,1.1,1.1,0.1,1.4,14.7,0.083,0.207,0.144,10.5,10.5,0.6,0.623,0.172,0.175,98.2,97.46,81.22,97.46,0.113,2864,223,425,4.1,7.7,0.525,258,201,311,270,175,292,290,290,96,151,151,190,220,220,341,400,375,93,61,74,379,382,82,95,256,269,498,535,535,128,188,205,158,184,110,2023-24
1631111,Wendell Moore Jr.,Wendell,1610612750,MIN,22.0,25,18,7,0.72,3.0,105.3,101.7,101.7,111.4,106.2,106.2,-6.1,-4.5,-4.5,0.094,1.5,21.4,0.0,0.16,0.075,14.3,14.3,0.5,0.5,0.106,0.114,109.68,114.36,95.3,114.36,0.069,180,9,18,0.4,0.7,0.5,411,316,93,43,554,450,494,494,250,83,83,394,361,361,360,377,173,545,147,308,529,530,383,457,532,525,7,6,6,393,497,511,545,560,139,2023-24
1629117,Wenyen Gabriel,Wenyen,1610612763,MEM,27.0,5,1,4,0.2,16.2,84.6,89.0,89.0,95.5,96.4,96.4,-10.8,-7.4,-7.4,0.071,0.38,8.6,0.072,0.22,0.14,22.9,22.7,0.386,0.351,0.166,0.167,101.36,98.35,81.96,98.35,0.03,164,8,22,1.6,4.4,0.364,536,538,45,510,314,560,547,547,17,21,21,483,422,422,455,540,525,127,47,81,567,567,523,540,287,298,243,481,481,531,505,495,377,328,500,2023-24
202083,Wesley Matthews,Wesley,1610612737,ATL,37.0,36,11,25,0.306,11.5,108.4,109.3,109.3,114.6,114.9,114.9,-6.2,-5.6,-5.6,0.078,2.88,16.5,0.02,0.106,0.061,5.8,5.8,0.474,0.511,0.118,0.121,101.9,101.38,84.48,101.38,0.048,863,34,97,0.9,2.7,0.351,370,392,311,451,409,369,347,347,401,398,398,395,379,379,432,95,310,431,349,411,63,63,456,436,506,505,198,237,237,499,411,397,474,451,514,2023-24
1629875,Xavier Moon,Xavier,1610612746,LAC,29.0,14,7,7,0.5,8.5,95.0,93.4,93.4,108.9,107.4,107.4,-13.9,-14.0,-14.0,0.25,4.2,28.8,0.057,0.079,0.067,6.8,6.9,0.348,0.352,0.174,0.178,102.04,103.65,86.37,103.65,0.057,257,15,46,1.1,3.3,0.326,475,440,93,300,470,534,534,534,127,95,95,519,519,519,79,25,66,174,487,361,100,101,535,539,243,253,187,100,100,473,464,449,457,413,527,2023-24
1630214,Xavier Tillman,Xavier,1610612738,BOS,25.0,54,30,24,0.556,18.0,107.0,106.6,106.6,108.7,109.4,109.4,-1.7,-2.9,-2.9,0.116,2.26,18.6,0.066,0.149,0.105,8.2,8.3,0.47,0.472,0.146,0.15,99.45,99.29,82.75,99.29,0.078,2015,121,279,2.2,5.2,0.434,271,201,282,259,278,409,408,408,119,144,144,295,325,325,297,198,244,139,173,161,188,191,461,491,390,387,400,414,414,335,279,273,306,285,359,2023-24
1629139,Yuta Watanabe,Yuta,1610612763,MEM,29.0,34,18,16,0.529,13.7,106.8,107.4,107.4,115.2,114.7,114.7,-8.5,-7.3,-7.3,0.045,0.79,9.5,0.023,0.088,0.056,12.0,12.1,0.461,0.474,0.129,0.133,100.06,99.95,83.3,99.95,0.03,969,41,116,1.2,3.4,0.353,375,316,184,287,365,417,394,394,427,391,391,443,414,414,539,510,508,395,449,439,471,473,473,488,459,461,344,352,352,532,398,376,442,399,509,2023-24
1628380,Zach Collins,Zach,1610612759,SAS,26.0,69,19,50,0.275,22.1,103.9,105.0,105.0,115.5,116.3,116.3,-11.6,-11.4,-11.4,0.196,1.47,19.2,0.073,0.162,0.117,13.0,13.0,0.531,0.565,0.224,0.227,103.38,102.48,85.4,102.48,0.095,3247,298,616,4.3,8.9,0.484,138,307,544,463,220,476,452,452,436,463,463,497,492,492,142,385,234,124,145,125,507,506,291,292,113,120,95,156,156,222,141,143,150,147,187,2023-24
203897,Zach LaVine,Zach,1610612741,CHI,29.0,25,10,15,0.4,34.9,109.0,109.9,109.9,113.8,115.3,115.3,-4.8,-5.4,-5.4,0.172,1.88,17.3,0.009,0.134,0.072,9.2,9.1,0.531,0.578,0.238,0.244,98.94,97.91,81.6,97.91,0.11,1780,170,376,6.8,15.0,0.452,411,403,168,385,26,354,320,320,352,421,421,364,376,376,164,277,289,534,217,328,272,267,293,232,86,87,449,507,507,148,227,226,63,58,285,2023-24
1630285,Zavier Simpson,Zavier,1610612763,MEM,27.0,7,1,6,0.143,23.1,95.8,98.2,98.2,107.3,106.8,106.8,-11.5,-8.6,-8.6,0.231,2.5,27.5,0.02,0.102,0.055,11.0,11.0,0.361,0.377,0.161,0.163,101.27,100.23,83.53,100.23,0.057,337,17,54,2.4,7.7,0.315,518,538,80,542,206,531,517,517,84,91,91,493,447,447,97,143,79,432,379,447,411,415,532,535,304,329,254,330,330,474,456,440,284,186,530,2023-24
1630192,Zeke Nnaji,Zeke,1610612743,DEN,23.0,58,41,17,0.707,9.9,102.6,102.9,102.9,115.7,114.8,114.8,-13.1,-11.9,-11.9,0.08,1.19,13.6,0.099,0.103,0.101,11.4,11.5,0.483,0.528,0.15,0.155,99.02,99.31,82.76,99.31,0.063,1180,69,149,1.2,2.6,0.463,232,97,199,49,446,493,483,483,448,392,392,512,498,498,420,449,411,55,371,182,437,442,439,407,364,369,444,412,412,437,354,358,445,457,241,2023-24
1630533,Ziaire Williams,Ziaire,1610612763,MEM,22.0,51,20,31,0.392,20.3,101.1,102.5,102.5,112.6,112.4,112.4,-11.6,-9.9,-9.9,0.118,1.14,13.6,0.031,0.138,0.082,12.0,12.0,0.474,0.511,0.192,0.197,101.02,100.4,83.67,100.4,0.074,2156,150,378,2.9,7.4,0.397,284,297,406,396,241,510,487,487,304,284,284,496,469,469,289,465,407,320,207,251,469,467,458,437,179,183,276,318,318,366,250,222,229,198,453,2023-24
1629627,Zion Williamson,Zion,1610612740,NOP,23.0,70,42,28,0.6,31.5,114.4,114.5,114.5,111.4,111.6,111.6,3.0,2.9,2.9,0.256,1.82,19.1,0.055,0.127,0.091,10.5,10.4,0.573,0.61,0.285,0.293,101.47,101.34,84.45,101.34,0.145,4663,624,1094,8.9,15.6,0.57,128,88,361,170,82,169,168,168,247,244,244,177,170,170,74,286,235,181,248,209,377,376,153,123,28,27,233,239,239,38,21,38,19,49,65,2023-24
